Key_Dataset,Key_Run,Key_Fold,Key_Scheme,Key_Scheme_options,Key_Scheme_version_ID,Date_time,Number_of_training_instances,Number_of_testing_instances,Number_correct,Number_incorrect,Number_unclassified,Percent_correct,Percent_incorrect,Percent_unclassified,Kappa_statistic,Mean_absolute_error,Root_mean_squared_error,Relative_absolute_error,Root_relative_squared_error,SF_prior_entropy,SF_scheme_entropy,SF_entropy_gain,SF_mean_prior_entropy,SF_mean_scheme_entropy,SF_mean_entropy_gain,KB_information,KB_mean_information,KB_relative_information,True_positive_rate,Num_true_positives,False_positive_rate,Num_false_positives,True_negative_rate,Num_true_negatives,False_negative_rate,Num_false_negatives,IR_precision,IR_recall,F_measure,Matthews_correlation,Area_under_ROC,Area_under_PRC,Weighted_avg_true_positive_rate,Weighted_avg_false_positive_rate,Weighted_avg_true_negative_rate,Weighted_avg_false_negative_rate,Weighted_avg_IR_precision,Weighted_avg_IR_recall,Weighted_avg_F_measure,Weighted_avg_matthews_correlation,Weighted_avg_area_under_ROC,Weighted_avg_area_under_PRC,Unweighted_macro_avg_F_measure,Unweighted_micro_avg_F_measure,Elapsed_Time_training,Elapsed_Time_testing,UserCPU_Time_training,UserCPU_Time_testing,UserCPU_Time_millis_training,UserCPU_Time_millis_testing,Serialized_Model_Size,Serialized_Train_Set_Size,Serialized_Test_Set_Size,Coverage_of_Test_Cases_By_Regions,Size_of_Predicted_Regions,Summary
iris,1,1,weka.classifiers.lazy.IBk,"'-K 6 -W 0 -A \""weka.core.neighboursearch.LinearNNSearch -A \\\""weka.core.EuclideanDistance -R first-last\\\""\""'",-3.08019E+18,2.02E+07,135,15,14,1,0,93.33333333,6.666666667,0,0.9,0.045920459,0.178965733,10.33210332,37.96436501,23.77443751,2.892075499,20.88236201,1.584962501,0.192805033,1.392157467,21.55618523,1.437079015,1360.043864,1,5,0,0,1,10,0,0,1,1,1,1,1,1,0.933333333,0.033333333,0.966666667,0.066666667,0.944444444,0.933333333,0.932659933,0.90627609,0.993333333,0.977777778,0.932659933,0.933333333,0.002,0.006,5.15E-04,0.005498,0.515,5.498,12286,10633,2353,100,37.77777778,?
iris,1,2,weka.classifiers.lazy.IBk,"'-K 6 -W 0 -A \""weka.core.neighboursearch.LinearNNSearch -A \\\""weka.core.EuclideanDistance -R first-last\\\""\""'",-3.08019E+18,2.02E+07,135,15,15,0,0,100,0,0,1,0.001624447,0.001724093,0.36550049,0.365735454,23.77443751,0.052795006,23.72164251,1.584962501,0.003519667,1.581442834,23.72164251,1.581442834,1496.669006,1,5,0,0,1,10,0,0,1,1,1,1,1,1,1,0,1,0,1,1,1,1,1,1,1,1,0,0.003,2.29E-04,0.00208,0.229,2.08,12286,10633,2353,100,33.33333333,?
iris,1,3,weka.classifiers.lazy.IBk,"'-K 6 -W 0 -A \""weka.core.neighboursearch.LinearNNSearch -A \\\""weka.core.EuclideanDistance -R first-last\\\""\""'",-3.08019E+18,2.02E+07,135,15,15,0,0,100,0,0,1,0.00902009,0.035436311,2.029520295,7.517176674,23.77443751,0.315980236,23.45845728,1.584962501,0.021065349,1.563897152,23.45845728,1.563897152,1480.063867,1,5,0,0,1,10,0,0,1,1,1,1,1,1,1,0,1,0,1,1,1,1,1,1,1,1,0.001,0.001,2.21E-04,0.001327,0.221,1.327,12286,10633,2353,100,35.55555556,?
iris,1,4,weka.classifiers.lazy.IBk,"'-K 6 -W 0 -A \""weka.core.neighboursearch.LinearNNSearch -A \\\""weka.core.EuclideanDistance -R first-last\\\""\""'",-3.08019E+18,2.02E+07,135,15,15,0,0,100,0,0,1,0.016400164,0.050084313,3.6900369,10.62448712,23.77443751,0.578658904,23.19577861,1.584962501,0.03857726,1.54638524,23.19577861,1.54638524,1463.490688,1,5,0,0,1,10,0,0,1,1,1,1,1,1,1,0,1,0,1,1,1,1,1,1,1,1,0.001,0.001,4.08E-04,0.001783,0.408,1.783,12286,10633,2353,100,37.77777778,?
iris,1,5,weka.classifiers.lazy.IBk,"'-K 6 -W 0 -A \""weka.core.neighboursearch.LinearNNSearch -A \\\""weka.core.EuclideanDistance -R first-last\\\""\""'",-3.08019E+18,2.02E+07,135,15,15,0,0,100,0,0,1,0.038513128,0.1167018,8.665453691,24.75619026,23.77443751,1.575994373,22.19844314,1.584962501,0.105066292,1.479896209,22.19844314,1.479896209,1400.565826,1,5,0,0,1,10,0,0,1,1,1,1,1,1,1,0,1,0,1,1,1,1,1,1,1,1,0,0.002,3.29E-04,0.001755,0.329,1.755,12286,10633,2353,100,40,?
iris,1,6,weka.classifiers.lazy.IBk,"'-K 6 -W 0 -A \""weka.core.neighboursearch.LinearNNSearch -A \\\""weka.core.EuclideanDistance -R first-last\\\""\""'",-3.08019E+18,2.02E+07,135,15,14,1,0,93.33333333,6.666666667,0,0.9,0.045920459,0.149080332,10.33210332,31.62471419,23.77443751,2.160067967,21.61436954,1.584962501,0.144004531,1.44095797,21.61436954,1.44095797,1363.714885,1,5,0,0,1,10,0,0,1,1,1,1,1,1,0.933333333,0.033333333,0.966666667,0.066666667,0.944444444,0.933333333,0.932659933,0.90627609,1,1,0.932659933,0.933333333,0.001,0.002,3.29E-04,0.001626,0.329,1.626,12286,10633,2353,100,40,?
iris,1,7,weka.classifiers.lazy.IBk,"'-K 6 -W 0 -A \""weka.core.neighboursearch.LinearNNSearch -A \\\""weka.core.EuclideanDistance -R first-last\\\""\""'",-3.08019E+18,2.02E+07,135,15,14,1,0,93.33333333,6.666666667,0,0.9,0.045920459,0.178965733,10.33210332,37.96436501,23.77443751,2.892075499,20.88236201,1.584962501,0.192805033,1.392157467,21.55618523,1.437079015,1360.043864,1,5,0,0,1,10,0,0,1,1,1,1,1,1,0.933333333,0.033333333,0.966666667,0.066666667,0.944444444,0.933333333,0.932659933,0.90627609,1,1,0.932659933,0.933333333,0.001,0.001,3.19E-04,0.001613,0.319,1.613,12286,10633,2353,100,37.77777778,?
iris,1,8,weka.classifiers.lazy.IBk,"'-K 6 -W 0 -A \""weka.core.neighboursearch.LinearNNSearch -A \\\""weka.core.EuclideanDistance -R first-last\\\""\""'",-3.08019E+18,2.02E+07,135,15,14,1,0,93.33333333,6.666666667,0,0.9,0.075440754,0.210695039,16.97416974,44.69516734,23.77443751,4.152976354,19.62146116,1.584962501,0.27686509,1.30809741,20.29528437,1.353018958,1280.489877,1,5,0,0,1,10,0,0,1,1,1,1,1,1,0.933333333,0.033333333,0.966666667,0.066666667,0.944444444,0.933333333,0.932659933,0.90627609,0.986666667,0.977777778,0.932659933,0.933333333,0,0.003,3.67E-04,0.001611,0.367,1.611,12286,10633,2353,100,42.22222222,?
iris,1,9,weka.classifiers.lazy.IBk,"'-K 6 -W 0 -A \""weka.core.neighboursearch.LinearNNSearch -A \\\""weka.core.EuclideanDistance -R first-last\\\""\""'",-3.08019E+18,2.02E+07,135,15,14,1,0,93.33333333,6.666666667,0,0.9,0.080703339,0.179106692,18.1582512,37.99426691,23.77443751,3.380808305,20.39362921,1.584962501,0.22538722,1.35957528,20.39362921,1.35957528,1286.694745,1,5,0,0,1,10,0,0,1,1,1,1,1,1,0.933333333,0.033333333,0.966666667,0.066666667,0.944444444,0.933333333,0.932659933,0.90627609,0.993333333,0.977777778,0.932659933,0.933333333,0,0.001,3.07E-04,0.00134,0.307,1.34,12286,10633,2353,100,44.44444444,?
iris,1,10,weka.classifiers.lazy.IBk,"'-K 6 -W 0 -A \""weka.core.neighboursearch.LinearNNSearch -A \\\""weka.core.EuclideanDistance -R first-last\\\""\""'",-3.08019E+18,2.02E+07,135,15,15,0,0,100,0,0,1,0.031160312,0.086399062,7.011070111,18.32800876,23.77443751,1.162732224,22.61170529,1.584962501,0.077515482,1.507447019,22.61170529,1.507447019,1426.639764,1,5,0,0,1,10,0,0,1,1,1,1,1,1,1,0,1,0,1,1,1,1,1,1,1,1,0,0.001,3.30E-04,0.001076,0.33,1.076,12286,10633,2353,100,40,?
iris,2,1,weka.classifiers.lazy.IBk,"'-K 6 -W 0 -A \""weka.core.neighboursearch.LinearNNSearch -A \\\""weka.core.EuclideanDistance -R first-last\\\""\""'",-3.08019E+18,2.02E+07,135,15,14,1,0,93.33333333,6.666666667,0,0.9,0.045920459,0.178965733,10.33210332,37.96436501,23.77443751,2.892075499,20.88236201,1.584962501,0.192805033,1.392157467,21.55618523,1.437079015,1360.043864,1,5,0,0,1,10,0,0,1,1,1,1,1,1,0.933333333,0.033333333,0.966666667,0.066666667,0.944444444,0.933333333,0.932659933,0.90627609,1,1,0.932659933,0.933333333,0.001,0.001,3.32E-04,0.001128,0.332,1.128,12286,10633,2353,100,37.77777778,?
iris,2,2,weka.classifiers.lazy.IBk,"'-K 6 -W 0 -A \""weka.core.neighboursearch.LinearNNSearch -A \\\""weka.core.EuclideanDistance -R first-last\\\""\""'",-3.08019E+18,2.02E+07,135,15,13,2,0,86.66666667,13.33333333,0,0.8,0.090200902,0.248200512,20.29520295,52.65127958,23.77443751,5.209028081,18.56540943,1.584962501,0.347268539,1.237693962,19.23923265,1.28261551,1213.860431,1,5,0,0,1,10,0,0,1,1,1,1,1,1,0.866666667,0.066666667,0.933333333,0.133333333,0.866666667,0.866666667,0.866666667,0.8,0.973333333,0.956507937,0.866666667,0.866666667,0,0.001,2.88E-04,8.98E-04,0.288,0.898,12286,10633,2353,100,40,?
iris,2,3,weka.classifiers.lazy.IBk,"'-K 6 -W 0 -A \""weka.core.neighboursearch.LinearNNSearch -A \\\""weka.core.EuclideanDistance -R first-last\\\""\""'",-3.08019E+18,2.02E+07,135,15,15,0,0,100,0,0,1,0.045920459,0.131617064,10.33210332,27.92019548,23.77443751,1.898275743,21.87616177,1.584962501,0.126551716,1.458410785,21.87616177,1.458410785,1380.232135,1,5,0,0,1,10,0,0,1,1,1,1,1,1,1,0,1,0,1,1,1,1,1,1,1,1,0.001,0,3.15E-04,6.54E-04,0.315,0.654,12286,10633,2353,100,40,?
iris,2,4,weka.classifiers.lazy.IBk,"'-K 6 -W 0 -A \""weka.core.neighboursearch.LinearNNSearch -A \\\""weka.core.EuclideanDistance -R first-last\\\""\""'",-3.08019E+18,2.02E+07,135,15,15,0,0,100,0,0,1,0.023780238,0.061328172,5.350553506,13.00966979,23.77443751,0.841337572,22.93309994,1.584962501,0.056089171,1.528873329,22.93309994,1.528873329,1446.917509,1,5,0,0,1,10,0,0,1,1,1,1,1,1,1,0,1,0,1,1,1,1,1,1,1,1,0,0.001,3.41E-04,9.55E-04,0.341,0.955,12286,10633,2353,100,40,?
iris,2,5,weka.classifiers.lazy.IBk,"'-K 6 -W 0 -A \""weka.core.neighboursearch.LinearNNSearch -A \\\""weka.core.EuclideanDistance -R first-last\\\""\""'",-3.08019E+18,2.02E+07,135,15,15,0,0,100,0,0,1,0.045920459,0.099850941,10.33210332,21.18158323,23.77443751,1.68808956,22.08634795,1.584962501,0.112539304,1.472423197,22.08634795,1.472423197,1393.493407,1,5,0,0,1,10,0,0,1,1,1,1,1,1,1,0,1,0,1,1,1,1,1,1,1,1,0.001,0,3.81E-04,7.84E-04,0.381,0.784,12286,10633,2353,100,44.44444444,?
iris,2,6,weka.classifiers.lazy.IBk,"'-K 6 -W 0 -A \""weka.core.neighboursearch.LinearNNSearch -A \\\""weka.core.EuclideanDistance -R first-last\\\""\""'",-3.08019E+18,2.02E+07,135,15,15,0,0,100,0,0,1,0.031160312,0.111205629,7.011070111,23.59027632,23.77443751,1.314202423,22.46023509,1.584962501,0.087613495,1.497349006,22.46023509,1.497349006,1417.083059,1,5,0,0,1,10,0,0,1,1,1,1,1,1,1,0,1,0,1,1,1,1,1,1,1,1,0,0.001,2.86E-04,7.82E-04,0.286,0.782,12286,10633,2353,100,37.77777778,?
iris,2,7,weka.classifiers.lazy.IBk,"'-K 6 -W 0 -A \""weka.core.neighboursearch.LinearNNSearch -A \\\""weka.core.EuclideanDistance -R first-last\\\""\""'",-3.08019E+18,2.02E+07,135,15,15,0,0,100,0,0,1,0.00902009,0.035436311,2.029520295,7.517176674,23.77443751,0.315980236,23.45845728,1.584962501,0.021065349,1.563897152,23.45845728,1.563897152,1480.063867,1,5,0,0,1,10,0,0,1,1,1,1,1,1,1,0,1,0,1,1,1,1,1,1,1,1,0,0.001,2.77E-04,7.84E-04,0.277,0.784,12286,10633,2353,100,35.55555556,?
iris,2,8,weka.classifiers.lazy.IBk,"'-K 6 -W 0 -A \""weka.core.neighboursearch.LinearNNSearch -A \\\""weka.core.EuclideanDistance -R first-last\\\""\""'",-3.08019E+18,2.02E+07,135,15,14,1,0,93.33333333,6.666666667,0,0.9,0.053300533,0.182432014,11.99261993,38.69967432,23.77443751,3.154754167,20.61968334,1.584962501,0.210316944,1.374645556,21.29350656,1.419567104,1343.470685,1,5,0,0,1,10,0,0,1,1,1,1,1,1,0.933333333,0.033333333,0.966666667,0.066666667,0.944444444,0.933333333,0.932659933,0.90627609,0.993333333,0.977777778,0.932659933,0.933333333,0.001,0.001,3.49E-04,9.71E-04,0.349,0.971,12286,10633,2353,100,40,?
iris,2,9,weka.classifiers.lazy.IBk,"'-K 6 -W 0 -A \""weka.core.neighboursearch.LinearNNSearch -A \\\""weka.core.EuclideanDistance -R first-last\\\""\""'",-3.08019E+18,2.02E+07,135,15,14,1,0,93.33333333,6.666666667,0,0.9,0.053284963,0.161023431,11.98911673,34.15822805,23.77443751,2.480956057,21.29348145,1.584962501,0.16539707,1.41956543,21.29348145,1.41956543,1343.469101,1,5,0,0,1,10,0,0,1,1,1,1,1,1,0.933333333,0.033333333,0.966666667,0.066666667,0.944444444,0.933333333,0.932659933,0.90627609,1,1,0.932659933,0.933333333,0.001,0.001,2.98E-04,9.26E-04,0.298,0.926,12286,10633,2353,100,40,?
iris,2,10,weka.classifiers.lazy.IBk,"'-K 6 -W 0 -A \""weka.core.neighboursearch.LinearNNSearch -A \\\""weka.core.EuclideanDistance -R first-last\\\""\""'",-3.08019E+18,2.02E+07,135,15,15,0,0,100,0,0,1,0.016400164,0.050084313,3.6900369,10.62448712,23.77443751,0.578658904,23.19577861,1.584962501,0.03857726,1.54638524,23.19577861,1.54638524,1463.490688,1,5,0,0,1,10,0,0,1,1,1,1,1,1,1,0,1,0,1,1,1,1,1,1,1,1,0,0.001,3.88E-04,8.70E-04,0.388,0.87,12286,10633,2353,100,37.77777778,?
iris,3,1,weka.classifiers.lazy.IBk,"'-K 6 -W 0 -A \""weka.core.neighboursearch.LinearNNSearch -A \\\""weka.core.EuclideanDistance -R first-last\\\""\""'",-3.08019E+18,2.02E+07,135,15,15,0,0,100,0,0,1,0.016400164,0.050084313,3.6900369,10.62448712,23.77443751,0.578658904,23.19577861,1.584962501,0.03857726,1.54638524,23.19577861,1.54638524,1463.490688,1,5,0,0,1,10,0,0,1,1,1,1,1,1,1,0,1,0,1,1,1,1,1,1,1,1,0.001,0.001,3.66E-04,9.18E-04,0.366,0.918,12286,10633,2353,100,37.77777778,?
iris,3,2,weka.classifiers.lazy.IBk,"'-K 6 -W 0 -A \""weka.core.neighboursearch.LinearNNSearch -A \\\""weka.core.EuclideanDistance -R first-last\\\""\""'",-3.08019E+18,2.02E+07,135,15,14,1,0,93.33333333,6.666666667,0,0.9,0.076499499,0.20912985,17.21238731,44.36314051,23.77443751,4.281853846,19.49258366,1.584962501,0.285456923,1.299505578,20.3473464,1.35648976,1283.774625,1,5,0,0,1,10,0,0,1,1,1,1,1,1,0.933333333,0.033333333,0.966666667,0.066666667,0.944444444,0.933333333,0.932659933,0.90627609,0.986666667,0.977777778,0.932659933,0.933333333,0,0.001,3.10E-04,8.42E-04,0.31,0.842,12286,10633,2353,100,42.22222222,?
iris,3,3,weka.classifiers.lazy.IBk,"'-K 6 -W 0 -A \""weka.core.neighboursearch.LinearNNSearch -A \\\""weka.core.EuclideanDistance -R first-last\\\""\""'",-3.08019E+18,2.02E+07,135,15,15,0,0,100,0,0,1,0.031160312,0.111205629,7.011070111,23.59027632,23.77443751,1.314202423,22.46023509,1.584962501,0.087613495,1.497349006,22.46023509,1.497349006,1417.083059,1,5,0,0,1,10,0,0,1,1,1,1,1,1,1,0,1,0,1,1,1,1,1,1,1,1,0,0.001,3.29E-04,8.26E-04,0.329,0.826,12286,10633,2353,100,37.77777778,?
iris,3,4,weka.classifiers.lazy.IBk,"'-K 6 -W 0 -A \""weka.core.neighboursearch.LinearNNSearch -A \\\""weka.core.EuclideanDistance -R first-last\\\""\""'",-3.08019E+18,2.02E+07,135,15,15,0,0,100,0,0,1,0.016400164,0.050084313,3.6900369,10.62448712,23.77443751,0.578658904,23.19577861,1.584962501,0.03857726,1.54638524,23.19577861,1.54638524,1463.490688,1,5,0,0,1,10,0,0,1,1,1,1,1,1,1,0,1,0,1,1,1,1,1,1,1,1,0.001,0.001,5.74E-04,7.85E-04,0.574,0.785,12286,10633,2353,100,37.77777778,?
iris,3,5,weka.classifiers.lazy.IBk,"'-K 6 -W 0 -A \""weka.core.neighboursearch.LinearNNSearch -A \\\""weka.core.EuclideanDistance -R first-last\\\""\""'",-3.08019E+18,2.02E+07,135,15,13,2,0,86.66666667,13.33333333,0,0.8,0.068045111,0.224705321,15.31014994,47.66719678,23.77443751,4.210299331,19.56413818,1.584962501,0.280686622,1.304275879,20.2379614,1.349197426,1276.8732,1,5,0,0,1,10,0,0,1,1,1,1,1,1,0.866666667,0.066666667,0.933333333,0.133333333,0.904761905,0.866666667,0.861111111,0.821011909,1,1,0.861111111,0.866666667,0,0.001,3.54E-04,6.91E-04,0.354,0.691,12286,10633,2353,100,37.77777778,?
iris,3,6,weka.classifiers.lazy.IBk,"'-K 6 -W 0 -A \""weka.core.neighboursearch.LinearNNSearch -A \\\""weka.core.EuclideanDistance -R first-last\\\""\""'",-3.08019E+18,2.02E+07,135,15,15,0,0,100,0,0,1,0.00902009,0.035436311,2.029520295,7.517176674,23.77443751,0.315980236,23.45845728,1.584962501,0.021065349,1.563897152,23.45845728,1.563897152,1480.063867,1,5,0,0,1,10,0,0,1,1,1,1,1,1,1,0,1,0,1,1,1,1,1,1,1,1,0,0.001,4.27E-04,7.97E-04,0.427,0.797,12286,10633,2353,100,35.55555556,?
iris,3,7,weka.classifiers.lazy.IBk,"'-K 6 -W 0 -A \""weka.core.neighboursearch.LinearNNSearch -A \\\""weka.core.EuclideanDistance -R first-last\\\""\""'",-3.08019E+18,2.02E+07,135,15,15,0,0,100,0,0,1,0.031160312,0.099577833,7.011070111,21.12364839,23.77443751,1.221448209,22.5529893,1.584962501,0.081429881,1.50353262,22.5529893,1.50353262,1422.935198,1,5,0,0,1,10,0,0,1,1,1,1,1,1,1,0,1,0,1,1,1,1,1,1,1,1,0,0.001,2.85E-04,6.76E-04,0.285,0.676,12286,10633,2353,100,37.77777778,?
iris,3,8,weka.classifiers.lazy.IBk,"'-K 6 -W 0 -A \""weka.core.neighboursearch.LinearNNSearch -A \\\""weka.core.EuclideanDistance -R first-last\\\""\""'",-3.08019E+18,2.02E+07,135,15,15,0,0,100,0,0,1,0.053300533,0.126983506,11.99261993,26.93726937,23.77443751,2.102238427,21.67219908,1.584962501,0.140149228,1.444813272,21.67219908,1.444813272,1367.363523,1,5,0,0,1,10,0,0,1,1,1,1,1,1,1,0,1,0,1,1,1,1,1,1,1,1,0,0.001,3.04E-04,6.64E-04,0.304,0.664,12286,10633,2353,100,44.44444444,?
iris,3,9,weka.classifiers.lazy.IBk,"'-K 6 -W 0 -A \""weka.core.neighboursearch.LinearNNSearch -A \\\""weka.core.EuclideanDistance -R first-last\\\""\""'",-3.08019E+18,2.02E+07,135,15,14,1,0,93.33333333,6.666666667,0,0.9,0.038540385,0.144817952,8.671586716,30.72052678,23.77443751,1.897389299,21.87704821,1.584962501,0.12649262,1.458469881,21.87704821,1.458469881,1380.288064,1,5,0,0,1,10,0,0,1,1,1,1,1,1,0.933333333,0.033333333,0.966666667,0.066666667,0.944444444,0.933333333,0.932659933,0.90627609,1,1,0.932659933,0.933333333,0,0.001,3.53E-04,8.35E-04,0.353,0.835,12286,10633,2353,100,37.77777778,?
iris,3,10,weka.classifiers.lazy.IBk,"'-K 6 -W 0 -A \""weka.core.neighboursearch.LinearNNSearch -A \\\""weka.core.EuclideanDistance -R first-last\\\""\""'",-3.08019E+18,2.02E+07,135,15,14,1,0,93.33333333,6.666666667,0,0.9,0.045920459,0.149080332,10.33210332,31.62471419,23.77443751,2.160067967,21.61436954,1.584962501,0.144004531,1.44095797,21.61436954,1.44095797,1363.714885,1,5,0,0,1,10,0,0,1,1,1,1,1,1,0.933333333,0.033333333,0.966666667,0.066666667,0.944444444,0.933333333,0.932659933,0.90627609,1,1,0.932659933,0.933333333,0,0.001,3.86E-04,8.27E-04,0.386,0.827,12286,10633,2353,100,40,?
iris,4,1,weka.classifiers.lazy.IBk,"'-K 6 -W 0 -A \""weka.core.neighboursearch.LinearNNSearch -A \\\""weka.core.EuclideanDistance -R first-last\\\""\""'",-3.08019E+18,2.02E+07,135,15,15,0,0,100,0,0,1,0.053300533,0.145005878,11.99261993,30.76039195,23.77443751,2.219670396,21.55476712,1.584962501,0.147978026,1.436984474,21.55476712,1.436984474,1359.95439,1,5,0,0,1,10,0,0,1,1,1,1,1,1,1,0,1,0,1,1,1,1,1,1,1,1,0,0.001,3.21E-04,7.84E-04,0.321,0.784,12286,10633,2353,100,40,?
iris,4,2,weka.classifiers.lazy.IBk,"'-K 6 -W 0 -A \""weka.core.neighboursearch.LinearNNSearch -A \\\""weka.core.EuclideanDistance -R first-last\\\""\""'",-3.08019E+18,2.02E+07,135,15,15,0,0,100,0,0,1,0.031144742,0.086398753,7.007566911,18.32794326,23.77443751,1.162225662,22.61221185,1.584962501,0.077481711,1.50748079,22.61221185,1.50748079,1426.671725,1,5,0,0,1,10,0,0,1,1,1,1,1,1,1,0,1,0,1,1,1,1,1,1,1,1,0,0.001,3.27E-04,8.31E-04,0.327,0.831,12286,10633,2353,100,40,?
iris,4,3,weka.classifiers.lazy.IBk,"'-K 6 -W 0 -A \""weka.core.neighboursearch.LinearNNSearch -A \\\""weka.core.EuclideanDistance -R first-last\\\""\""'",-3.08019E+18,2.02E+07,135,15,14,1,0,93.33333333,6.666666667,0,0.9,0.090200902,0.198859174,20.29520295,42.18440114,23.77443751,4.005042142,19.76939537,1.584962501,0.267002809,1.317959691,19.76939537,1.317959691,1247.309975,1,5,0,0,1,10,0,0,1,1,1,1,1,1,0.933333333,0.033333333,0.966666667,0.066666667,0.944444444,0.933333333,0.932659933,0.90627609,0.986666667,0.977777778,0.932659933,0.933333333,0,0.001,3.16E-04,7.70E-04,0.316,0.77,12286,10633,2353,100,46.66666667,?
iris,4,4,weka.classifiers.lazy.IBk,"'-K 6 -W 0 -A \""weka.core.neighboursearch.LinearNNSearch -A \\\""weka.core.EuclideanDistance -R first-last\\\""\""'",-3.08019E+18,2.02E+07,135,15,15,0,0,100,0,0,1,0.036422896,0.099283873,8.195151572,21.06128996,23.77443751,1.384363931,22.39007358,1.584962501,0.092290929,1.492671572,22.39007358,1.492671572,1412.656361,1,5,0,0,1,10,0,0,1,1,1,1,1,1,1,0,1,0,1,1,1,1,1,1,1,1,0,0.001,3.02E-04,6.93E-04,0.302,0.693,12286,10633,2353,100,40,?
iris,4,5,weka.classifiers.lazy.IBk,"'-K 6 -W 0 -A \""weka.core.neighboursearch.LinearNNSearch -A \\\""weka.core.EuclideanDistance -R first-last\\\""\""'",-3.08019E+18,2.02E+07,135,15,15,0,0,100,0,0,1,0.023780238,0.061328172,5.350553506,13.00966979,23.77443751,0.841337572,22.93309994,1.584962501,0.056089171,1.528873329,22.93309994,1.528873329,1446.917509,1,5,0,0,1,10,0,0,1,1,1,1,1,1,1,0,1,0,1,1,1,1,1,1,1,1,0.001,0,2.86E-04,7.18E-04,0.286,0.718,12286,10633,2353,100,40,?
iris,4,6,weka.classifiers.lazy.IBk,"'-K 6 -W 0 -A \""weka.core.neighboursearch.LinearNNSearch -A \\\""weka.core.EuclideanDistance -R first-last\\\""\""'",-3.08019E+18,2.02E+07,135,15,14,1,0,93.33333333,6.666666667,0,0.9,0.031160312,0.140426255,7.011070111,29.78890707,23.77443751,1.634710631,22.13972688,1.584962501,0.108980709,1.475981792,22.13972688,1.475981792,1396.861242,1,5,0,0,1,10,0,0,1,1,1,1,1,1,0.933333333,0.033333333,0.966666667,0.066666667,0.944444444,0.933333333,0.932659933,0.90627609,1,1,0.932659933,0.933333333,0,0.001,2.93E-04,7.03E-04,0.293,0.703,12286,10633,2353,100,35.55555556,?
iris,4,7,weka.classifiers.lazy.IBk,"'-K 6 -W 0 -A \""weka.core.neighboursearch.LinearNNSearch -A \\\""weka.core.EuclideanDistance -R first-last\\\""\""'",-3.08019E+18,2.02E+07,135,15,15,0,0,100,0,0,1,0.00902009,0.035436311,2.029520295,7.517176674,23.77443751,0.315980236,23.45845728,1.584962501,0.021065349,1.563897152,23.45845728,1.563897152,1480.063867,1,5,0,0,1,10,0,0,1,1,1,1,1,1,1,0,1,0,1,1,1,1,1,1,1,1,0,0.001,3.27E-04,7.26E-04,0.327,0.726,12286,10633,2353,100,35.55555556,?
iris,4,8,weka.classifiers.lazy.IBk,"'-K 6 -W 0 -A \""weka.core.neighboursearch.LinearNNSearch -A \\\""weka.core.EuclideanDistance -R first-last\\\""\""'",-3.08019E+18,2.02E+07,135,15,15,0,0,100,0,0,1,0.00900452,0.035435558,2.026017096,7.517016952,23.77443751,0.315473674,23.45896384,1.584962501,0.021031578,1.563930922,23.45896384,1.563930922,1480.095827,1,5,0,0,1,10,0,0,1,1,1,1,1,1,1,0,1,0,1,1,1,1,1,1,1,1,0.001,0.001,2.97E-04,7.48E-04,0.297,0.748,12286,10633,2353,100,35.55555556,?
iris,4,9,weka.classifiers.lazy.IBk,"'-K 6 -W 0 -A \""weka.core.neighboursearch.LinearNNSearch -A \\\""weka.core.EuclideanDistance -R first-last\\\""\""'",-3.08019E+18,2.02E+07,135,15,14,1,0,93.33333333,6.666666667,0,0.9,0.045920459,0.178965733,10.33210332,37.96436501,23.77443751,2.892075499,20.88236201,1.584962501,0.192805033,1.392157467,21.55618523,1.437079015,1360.043864,1,5,0,0,1,10,0,0,1,1,1,1,1,1,0.933333333,0.033333333,0.966666667,0.066666667,0.944444444,0.933333333,0.932659933,0.90627609,1,1,0.932659933,0.933333333,0.001,0,3.08E-04,5.65E-04,0.308,0.565,12286,10633,2353,100,37.77777778,?
iris,4,10,weka.classifiers.lazy.IBk,"'-K 6 -W 0 -A \""weka.core.neighboursearch.LinearNNSearch -A \\\""weka.core.EuclideanDistance -R first-last\\\""\""'",-3.08019E+18,2.02E+07,135,15,15,0,0,100,0,0,1,0.001624447,0.001724093,0.36550049,0.365735454,23.77443751,0.052795006,23.72164251,1.584962501,0.003519667,1.581442834,23.72164251,1.581442834,1496.669006,1,5,0,0,1,10,0,0,1,1,1,1,1,1,1,0,1,0,1,1,1,1,1,1,1,1,0,0.001,2.99E-04,6.11E-04,0.299,0.611,12286,10633,2353,100,33.33333333,?
iris,5,1,weka.classifiers.lazy.IBk,"'-K 6 -W 0 -A \""weka.core.neighboursearch.LinearNNSearch -A \\\""weka.core.EuclideanDistance -R first-last\\\""\""'",-3.08019E+18,2.02E+07,135,15,15,0,0,100,0,0,1,0.023780238,0.061328172,5.350553506,13.00966979,23.77443751,0.841337572,22.93309994,1.584962501,0.056089171,1.528873329,22.93309994,1.528873329,1446.917509,1,5,0,0,1,10,0,0,1,1,1,1,1,1,1,0,1,0,1,1,1,1,1,1,1,1,0.001,0.001,3.44E-04,7.87E-04,0.344,0.787,12286,10633,2353,100,40,?
iris,5,2,weka.classifiers.lazy.IBk,"'-K 6 -W 0 -A \""weka.core.neighboursearch.LinearNNSearch -A \\\""weka.core.EuclideanDistance -R first-last\\\""\""'",-3.08019E+18,2.02E+07,135,15,13,2,0,86.66666667,13.33333333,0,0.8,0.090200902,0.248200512,20.29520295,52.65127958,23.77443751,5.209028081,18.56540943,1.584962501,0.347268539,1.237693962,19.23923265,1.28261551,1213.860431,1,5,0,0,1,10,0,0,1,1,1,1,1,1,0.866666667,0.066666667,0.933333333,0.133333333,0.904761905,0.866666667,0.861111111,0.821011909,0.973333333,0.956507937,0.861111111,0.866666667,0.001,0.001,6.18E-04,5.47E-04,0.618,0.547,12286,10633,2353,100,40,?
iris,5,3,weka.classifiers.lazy.IBk,"'-K 6 -W 0 -A \""weka.core.neighboursearch.LinearNNSearch -A \\\""weka.core.EuclideanDistance -R first-last\\\""\""'",-3.08019E+18,2.02E+07,135,15,15,0,0,100,0,0,1,0.023780238,0.078816823,5.350553506,16.71957308,23.77443751,0.900053556,22.87438395,1.584962501,0.06000357,1.52495893,22.87438395,1.52495893,1443.212943,1,5,0,0,1,10,0,0,1,1,1,1,1,1,1,0,1,0,1,1,1,1,1,1,1,1,0,0.001,2.61E-04,5.51E-04,0.261,0.551,12286,10633,2353,100,37.77777778,?
iris,5,4,weka.classifiers.lazy.IBk,"'-K 6 -W 0 -A \""weka.core.neighboursearch.LinearNNSearch -A \\\""weka.core.EuclideanDistance -R first-last\\\""\""'",-3.08019E+18,2.02E+07,135,15,15,0,0,100,0,0,1,0.016400164,0.050084313,3.6900369,10.62448712,23.77443751,0.578658904,23.19577861,1.584962501,0.03857726,1.54638524,23.19577861,1.54638524,1463.490688,1,5,0,0,1,10,0,0,1,1,1,1,1,1,1,0,1,0,1,1,1,1,1,1,1,1,0.001,0,2.82E-04,5.52E-04,0.282,0.552,12286,10633,2353,100,37.77777778,?
iris,5,5,weka.classifiers.lazy.IBk,"'-K 6 -W 0 -A \""weka.core.neighboursearch.LinearNNSearch -A \\\""weka.core.EuclideanDistance -R first-last\\\""\""'",-3.08019E+18,2.02E+07,135,15,14,1,0,93.33333333,6.666666667,0,0.9,0.046979204,0.183909149,10.57032089,39.01302191,23.77443751,3.113707206,20.66073031,1.584962501,0.20758048,1.37738202,21.51549304,1.434366203,1357.476472,1,5,0,0,1,10,0,0,1,1,1,1,1,1,0.933333333,0.033333333,0.966666667,0.066666667,0.944444444,0.933333333,0.932659933,0.90627609,1,1,0.932659933,0.933333333,0.001,0,3.03E-04,3.68E-04,0.303,0.368,12286,10633,2353,100,37.77777778,?
iris,5,6,weka.classifiers.lazy.IBk,"'-K 6 -W 0 -A \""weka.core.neighboursearch.LinearNNSearch -A \\\""weka.core.EuclideanDistance -R first-last\\\""\""'",-3.08019E+18,2.02E+07,135,15,15,0,0,100,0,0,1,0.00902009,0.035436311,2.029520295,7.517176674,23.77443751,0.315980236,23.45845728,1.584962501,0.021065349,1.563897152,23.45845728,1.563897152,1480.063867,1,5,0,0,1,10,0,0,1,1,1,1,1,1,1,0,1,0,1,1,1,1,1,1,1,1,0,0.001,2.96E-04,5.67E-04,0.296,0.567,12286,10633,2353,100,35.55555556,?
iris,5,7,weka.classifiers.lazy.IBk,"'-K 6 -W 0 -A \""weka.core.neighboursearch.LinearNNSearch -A \\\""weka.core.EuclideanDistance -R first-last\\\""\""'",-3.08019E+18,2.02E+07,135,15,15,0,0,100,0,0,1,0.023749098,0.061327301,5.343547106,13.00948521,23.77443751,0.840324447,22.93411306,1.584962501,0.05602163,1.528940871,22.93411306,1.528940871,1446.98143,1,5,0,0,1,10,0,0,1,1,1,1,1,1,1,0,1,0,1,1,1,1,1,1,1,1,0,0.001,2.95E-04,5.89E-04,0.295,0.589,12286,10633,2353,100,40,?
iris,5,8,weka.classifiers.lazy.IBk,"'-K 6 -W 0 -A \""weka.core.neighboursearch.LinearNNSearch -A \\\""weka.core.EuclideanDistance -R first-last\\\""\""'",-3.08019E+18,2.02E+07,135,15,15,0,0,100,0,0,1,0.053300533,0.153224188,11.99261993,32.50375869,23.77443751,2.31242461,21.4620129,1.584962501,0.154161641,1.43080086,21.4620129,1.43080086,1354.102251,1,5,0,0,1,10,0,0,1,1,1,1,1,1,1,0,1,0,1,1,1,1,1,1,1,1,0.001,0,3.11E-04,5.45E-04,0.311,0.545,12286,10633,2353,100,40,?
iris,5,9,weka.classifiers.lazy.IBk,"'-K 6 -W 0 -A \""weka.core.neighboursearch.LinearNNSearch -A \\\""weka.core.EuclideanDistance -R first-last\\\""\""'",-3.08019E+18,2.02E+07,135,15,14,1,0,93.33333333,6.666666667,0,0.9,0.068045111,0.195544742,15.31014994,41.48130386,23.77443751,3.738320925,20.03611659,1.584962501,0.249221395,1.335741106,20.7099398,1.380662654,1306.651722,1,5,0,0,1,10,0,0,1,1,1,1,1,1,0.933333333,0.033333333,0.966666667,0.066666667,0.944444444,0.933333333,0.932659933,0.90627609,0.993333333,0.977777778,0.932659933,0.933333333,0.001,0.001,2.81E-04,5.50E-04,0.281,0.55,12286,10633,2353,100,42.22222222,?
iris,5,10,weka.classifiers.lazy.IBk,"'-K 6 -W 0 -A \""weka.core.neighboursearch.LinearNNSearch -A \\\""weka.core.EuclideanDistance -R first-last\\\""\""'",-3.08019E+18,2.02E+07,135,15,14,1,0,93.33333333,6.666666667,0,0.9,0.060680607,0.164867538,13.65313653,34.97368619,23.77443751,2.744141287,21.03029622,1.584962501,0.182942752,1.402019748,21.03029622,1.402019748,1326.863961,1,5,0,0,1,10,0,0,1,1,1,1,1,1,0.933333333,0.033333333,0.966666667,0.066666667,0.944444444,0.933333333,0.932659933,0.90627609,0.993333333,0.977777778,0.932659933,0.933333333,0,0.001,3.73E-04,5.56E-04,0.373,0.556,12286,10633,2353,100,42.22222222,?
iris,6,1,weka.classifiers.lazy.IBk,"'-K 6 -W 0 -A \""weka.core.neighboursearch.LinearNNSearch -A \\\""weka.core.EuclideanDistance -R first-last\\\""\""'",-3.08019E+18,2.02E+07,135,15,15,0,0,100,0,0,1,0.031144742,0.086398753,7.007566911,18.32794326,23.77443751,1.162225662,22.61221185,1.584962501,0.077481711,1.50748079,22.61221185,1.50748079,1426.671725,1,5,0,0,1,10,0,0,1,1,1,1,1,1,1,0,1,0,1,1,1,1,1,1,1,1,0.001,0,3.79E-04,5.58E-04,0.379,0.558,12286,10633,2353,100,40,?
iris,6,2,weka.classifiers.lazy.IBk,"'-K 6 -W 0 -A \""weka.core.neighboursearch.LinearNNSearch -A \\\""weka.core.EuclideanDistance -R first-last\\\""\""'",-3.08019E+18,2.02E+07,135,15,15,0,0,100,0,0,1,0.023780238,0.078816823,5.350553506,16.71957308,23.77443751,0.900053556,22.87438395,1.584962501,0.06000357,1.52495893,22.87438395,1.52495893,1443.212943,1,5,0,0,1,10,0,0,1,1,1,1,1,1,1,0,1,0,1,1,1,1,1,1,1,1,0,0.001,2.99E-04,5.46E-04,0.299,0.546,12286,10633,2353,100,37.77777778,?
iris,6,3,weka.classifiers.lazy.IBk,"'-K 6 -W 0 -A \""weka.core.neighboursearch.LinearNNSearch -A \\\""weka.core.EuclideanDistance -R first-last\\\""\""'",-3.08019E+18,2.02E+07,135,15,14,1,0,93.33333333,6.666666667,0,0.9,0.045920459,0.178965733,10.33210332,37.96436501,23.77443751,2.892075499,20.88236201,1.584962501,0.192805033,1.392157467,21.55618523,1.437079015,1360.043864,1,5,0,0,1,10,0,0,1,1,1,1,1,1,0.933333333,0.033333333,0.966666667,0.066666667,0.944444444,0.933333333,0.932659933,0.90627609,1,1,0.932659933,0.933333333,0.001,0,2.64E-04,3.35E-04,0.264,0.335,12286,10633,2353,100,37.77777778,?
iris,6,4,weka.classifiers.lazy.IBk,"'-K 6 -W 0 -A \""weka.core.neighboursearch.LinearNNSearch -A \\\""weka.core.EuclideanDistance -R first-last\\\""\""'",-3.08019E+18,2.02E+07,135,15,15,0,0,100,0,0,1,0.053284963,0.136292716,11.98911673,28.91205105,23.77443751,2.160447849,21.61398966,1.584962501,0.144029857,1.440932644,21.61398966,1.440932644,1363.690917,1,5,0,0,1,10,0,0,1,1,1,1,1,1,1,0,1,0,1,1,1,1,1,1,1,1,0.001,0,2.95E-04,6.07E-04,0.295,0.607,12286,10633,2353,100,42.22222222,?
iris,6,5,weka.classifiers.lazy.IBk,"'-K 6 -W 0 -A \""weka.core.neighboursearch.LinearNNSearch -A \\\""weka.core.EuclideanDistance -R first-last\\\""\""'",-3.08019E+18,2.02E+07,135,15,15,0,0,100,0,0,1,0.016400164,0.050084313,3.6900369,10.62448712,23.77443751,0.578658904,23.19577861,1.584962501,0.03857726,1.54638524,23.19577861,1.54638524,1463.490688,1,5,0,0,1,10,0,0,1,1,1,1,1,1,1,0,1,0,1,1,1,1,1,1,1,1,0,0.001,3.37E-04,5.12E-04,0.337,0.512,12286,10633,2353,100,37.77777778,?
iris,6,6,weka.classifiers.lazy.IBk,"'-K 6 -W 0 -A \""weka.core.neighboursearch.LinearNNSearch -A \\\""weka.core.EuclideanDistance -R first-last\\\""\""'",-3.08019E+18,2.02E+07,135,15,13,2,0,86.66666667,13.33333333,0,0.8,0.060665037,0.204662976,13.64963333,43.41557347,23.77443751,3.627112456,20.14732506,1.584962501,0.241807497,1.343155004,20.82114827,1.388076552,1313.668195,1,5,0,0,1,10,0,0,1,1,1,1,1,1,0.866666667,0.066666667,0.933333333,0.133333333,0.866666667,0.866666667,0.866666667,0.8,0.986666667,0.977777778,0.866666667,0.866666667,0,0.001,2.69E-04,8.48E-04,0.269,0.848,12286,10633,2353,100,37.77777778,?
iris,6,7,weka.classifiers.lazy.IBk,"'-K 6 -W 0 -A \""weka.core.neighboursearch.LinearNNSearch -A \\\""weka.core.EuclideanDistance -R first-last\\\""\""'",-3.08019E+18,2.02E+07,135,15,14,1,0,93.33333333,6.666666667,0,0.9,0.031160312,0.140426255,7.011070111,29.78890707,23.77443751,1.634710631,22.13972688,1.584962501,0.108980709,1.475981792,22.13972688,1.475981792,1396.861242,1,5,0,0,1,10,0,0,1,1,1,1,1,1,0.933333333,0.033333333,0.966666667,0.066666667,0.944444444,0.933333333,0.932659933,0.90627609,1,1,0.932659933,0.933333333,0,0.001,2.89E-04,5.45E-04,0.289,0.545,12286,10633,2353,100,35.55555556,?
iris,6,8,weka.classifiers.lazy.IBk,"'-K 6 -W 0 -A \""weka.core.neighboursearch.LinearNNSearch -A \\\""weka.core.EuclideanDistance -R first-last\\\""\""'",-3.08019E+18,2.02E+07,135,15,14,1,0,93.33333333,6.666666667,0,0.9,0.053300533,0.161023597,11.99261993,34.1582632,23.77443751,2.481462619,21.29297489,1.584962501,0.165430841,1.419531659,21.29297489,1.419531659,1343.43714,1,5,0,0,1,10,0,0,1,1,1,1,1,1,0.933333333,0.033333333,0.966666667,0.066666667,0.944444444,0.933333333,0.932659933,0.90627609,0.993333333,0.977777778,0.932659933,0.933333333,0,0.001,2.68E-04,5.27E-04,0.268,0.527,12286,10633,2353,100,40,?
iris,6,9,weka.classifiers.lazy.IBk,"'-K 6 -W 0 -A \""weka.core.neighboursearch.LinearNNSearch -A \\\""weka.core.EuclideanDistance -R first-last\\\""\""'",-3.08019E+18,2.02E+07,135,15,15,0,0,100,0,0,1,0.031160312,0.086399062,7.011070111,18.32800876,23.77443751,1.162732224,22.61170529,1.584962501,0.077515482,1.507447019,22.61170529,1.507447019,1426.639764,1,5,0,0,1,10,0,0,1,1,1,1,1,1,1,0,1,0,1,1,1,1,1,1,1,1,0.001,0.001,7.01E-04,8.45E-04,0.701,0.845,12286,10633,2353,100,40,?
iris,6,10,weka.classifiers.lazy.IBk,"'-K 6 -W 0 -A \""weka.core.neighboursearch.LinearNNSearch -A \\\""weka.core.EuclideanDistance -R first-last\\\""\""'",-3.08019E+18,2.02E+07,135,15,15,0,0,100,0,0,1,0.016372906,0.070422279,3.683903875,14.93882125,23.77443751,0.63648817,23.13794934,1.584962501,0.042432545,1.542529956,23.13794934,1.542529956,1459.842068,1,5,0,0,1,10,0,0,1,1,1,1,1,1,1,0,1,0,1,1,1,1,1,1,1,1,0,0.001,2.48E-04,5.62E-04,0.248,0.562,12286,10633,2353,100,35.55555556,?
iris,7,1,weka.classifiers.lazy.IBk,"'-K 6 -W 0 -A \""weka.core.neighboursearch.LinearNNSearch -A \\\""weka.core.EuclideanDistance -R first-last\\\""\""'",-3.08019E+18,2.02E+07,135,15,14,1,0,93.33333333,6.666666667,0,0.9,0.053300533,0.153224188,11.99261993,32.50375869,23.77443751,2.422746635,21.35169088,1.584962501,0.161516442,1.423446058,21.35169088,1.423446058,1347.141706,1,5,0,0,1,10,0,0,1,1,1,1,1,1,0.933333333,0.033333333,0.966666667,0.066666667,0.944444444,0.933333333,0.932659933,0.90627609,1,1,0.932659933,0.933333333,0.001,0,3.14E-04,5.67E-04,0.314,0.567,12286,10633,2353,100,42.22222222,?
iris,7,2,weka.classifiers.lazy.IBk,"'-K 6 -W 0 -A \""weka.core.neighboursearch.LinearNNSearch -A \\\""weka.core.EuclideanDistance -R first-last\\\""\""'",-3.08019E+18,2.02E+07,135,15,13,2,0,86.66666667,13.33333333,0,0.8,0.075425185,0.210694913,16.97066654,44.69514048,23.77443751,3.799686452,19.97475106,1.584962501,0.25331243,1.331650071,19.97475106,1.331650071,1260.266476,1,5,0,0,1,10,0,0,1,1,1,1,1,1,0.866666667,0.066666667,0.933333333,0.133333333,0.866666667,0.866666667,0.866666667,0.8,0.98,0.956507937,0.866666667,0.866666667,0,0.001,2.60E-04,5.72E-04,0.26,0.572,12286,10633,2353,100,40,?
iris,7,3,weka.classifiers.lazy.IBk,"'-K 6 -W 0 -A \""weka.core.neighboursearch.LinearNNSearch -A \\\""weka.core.EuclideanDistance -R first-last\\\""\""'",-3.08019E+18,2.02E+07,135,15,15,0,0,100,0,0,1,0.016400164,0.050084313,3.6900369,10.62448712,23.77443751,0.578658904,23.19577861,1.584962501,0.03857726,1.54638524,23.19577861,1.54638524,1463.490688,1,5,0,0,1,10,0,0,1,1,1,1,1,1,1,0,1,0,1,1,1,1,1,1,1,1,0,0.001,2.49E-04,5.65E-04,0.249,0.565,12286,10633,2353,100,37.77777778,?
iris,7,4,weka.classifiers.lazy.IBk,"'-K 6 -W 0 -A \""weka.core.neighboursearch.LinearNNSearch -A \\\""weka.core.EuclideanDistance -R first-last\\\""\""'",-3.08019E+18,2.02E+07,135,15,15,0,0,100,0,0,1,0.031133054,0.111205233,7.004937085,23.59019235,23.77443751,1.313315705,22.46112181,1.584962501,0.08755438,1.49740812,22.46112181,1.49740812,1417.139005,1,5,0,0,1,10,0,0,1,1,1,1,1,1,1,0,1,0,1,1,1,1,1,1,1,1,0,0.001,2.68E-04,5.66E-04,0.268,0.566,12302,10633,2353,100,37.77777778,?
iris,7,5,weka.classifiers.lazy.IBk,"'-K 6 -W 0 -A \""weka.core.neighboursearch.LinearNNSearch -A \\\""weka.core.EuclideanDistance -R first-last\\\""\""'",-3.08019E+18,2.02E+07,135,15,15,0,0,100,0,0,1,0.016400164,0.070422904,3.6900369,14.93895386,23.77443751,0.637374888,23.13706262,1.584962501,0.042491659,1.542470842,23.13706262,1.542470842,1459.786122,1,5,0,0,1,10,0,0,1,1,1,1,1,1,1,0,1,0,1,1,1,1,1,1,1,1,0,0.001,2.48E-04,5.72E-04,0.248,0.572,12286,10633,2353,100,35.55555556,?
iris,7,6,weka.classifiers.lazy.IBk,"'-K 6 -W 0 -A \""weka.core.neighboursearch.LinearNNSearch -A \\\""weka.core.EuclideanDistance -R first-last\\\""\""'",-3.08019E+18,2.02E+07,135,15,15,0,0,100,0,0,1,0.001624447,0.001724093,0.36550049,0.365735454,23.77443751,0.052795006,23.72164251,1.584962501,0.003519667,1.581442834,23.72164251,1.581442834,1496.669006,1,5,0,0,1,10,0,0,1,1,1,1,1,1,1,0,1,0,1,1,1,1,1,1,1,1,0,0.001,2.32E-04,5.41E-04,0.232,0.541,12286,10633,2353,100,33.33333333,?
iris,7,7,weka.classifiers.lazy.IBk,"'-K 6 -W 0 -A \""weka.core.neighboursearch.LinearNNSearch -A \\\""weka.core.EuclideanDistance -R first-last\\\""\""'",-3.08019E+18,2.02E+07,135,15,14,1,0,93.33333333,6.666666667,0,0.9,0.053300533,0.189030122,11.99261993,40.09934423,23.77443751,3.213470151,20.56096736,1.584962501,0.214231343,1.370731157,21.23479058,1.415652705,1339.766119,1,5,0,0,1,10,0,0,1,1,1,1,1,1,0.933333333,0.033333333,0.966666667,0.066666667,0.944444444,0.933333333,0.932659933,0.90627609,0.986666667,0.977777778,0.932659933,0.933333333,0,0.001,2.11E-04,4.90E-04,0.211,0.49,12286,10633,2353,100,37.77777778,?
iris,7,8,weka.classifiers.lazy.IBk,"'-K 6 -W 0 -A \""weka.core.neighboursearch.LinearNNSearch -A \\\""weka.core.EuclideanDistance -R first-last\\\""\""'",-3.08019E+18,2.02E+07,135,15,15,0,0,100,0,0,1,0.038540385,0.093367575,8.671586716,19.80625373,23.77443751,1.425410892,22.34902662,1.584962501,0.095027393,1.489935108,22.34902662,1.489935108,1410.066586,1,5,0,0,1,10,0,0,1,1,1,1,1,1,1,0,1,0,1,1,1,1,1,1,1,1,0,0.001,2.87E-04,5.45E-04,0.287,0.545,12286,10633,2353,100,42.22222222,?
iris,7,9,weka.classifiers.lazy.IBk,"'-K 6 -W 0 -A \""weka.core.neighboursearch.LinearNNSearch -A \\\""weka.core.EuclideanDistance -R first-last\\\""\""'",-3.08019E+18,2.02E+07,135,15,14,1,0,93.33333333,6.666666667,0,0.9,0.053300533,0.153224188,11.99261993,32.50375869,23.77443751,2.422746635,21.35169088,1.584962501,0.161516442,1.423446058,21.35169088,1.423446058,1347.141706,1,5,0,0,1,10,0,0,1,1,1,1,1,1,0.933333333,0.033333333,0.966666667,0.066666667,0.944444444,0.933333333,0.932659933,0.90627609,1,1,0.932659933,0.933333333,0,0.001,2.36E-04,5.81E-04,0.236,0.581,12286,10633,2353,100,42.22222222,?
iris,7,10,weka.classifiers.lazy.IBk,"'-K 6 -W 0 -A \""weka.core.neighboursearch.LinearNNSearch -A \\\""weka.core.EuclideanDistance -R first-last\\\""\""'",-3.08019E+18,2.02E+07,135,15,15,0,0,100,0,0,1,0.023780238,0.078816823,5.350553506,16.71957308,23.77443751,0.900053556,22.87438395,1.584962501,0.06000357,1.52495893,22.87438395,1.52495893,1443.212943,1,5,0,0,1,10,0,0,1,1,1,1,1,1,1,0,1,0,1,1,1,1,1,1,1,1,0,0.001,1.94E-04,3.11E-04,0.194,0.311,12286,10633,2353,100,37.77777778,?
iris,8,1,weka.classifiers.lazy.IBk,"'-K 6 -W 0 -A \""weka.core.neighboursearch.LinearNNSearch -A \\\""weka.core.EuclideanDistance -R first-last\\\""\""'",-3.08019E+18,2.02E+07,135,15,15,0,0,100,0,0,1,0.031144742,0.111205389,7.007566911,23.59022543,23.77443751,1.313695861,22.46074165,1.584962501,0.087579724,1.497382777,22.46074165,1.497382777,1417.115019,1,5,0,0,1,10,0,0,1,1,1,1,1,1,1,0,1,0,1,1,1,1,1,1,1,1,0,0.001,2.42E-04,5.35E-04,0.242,0.535,12286,10633,2353,100,37.77777778,?
iris,8,2,weka.classifiers.lazy.IBk,"'-K 6 -W 0 -A \""weka.core.neighboursearch.LinearNNSearch -A \\\""weka.core.EuclideanDistance -R first-last\\\""\""'",-3.08019E+18,2.02E+07,135,15,14,1,0,93.33333333,6.666666667,0,0.9,0.045920459,0.157085622,10.33210332,33.32289248,23.77443751,2.218783951,21.55565356,1.584962501,0.14791893,1.437043571,21.55565356,1.437043571,1360.010319,1,5,0,0,1,10,0,0,1,1,1,1,1,1,0.933333333,0.033333333,0.966666667,0.066666667,0.944444444,0.933333333,0.932659933,0.90627609,1,1,0.932659933,0.933333333,0,0.001,2.35E-04,5.89E-04,0.235,0.589,12286,10633,2353,100,37.77777778,?
iris,8,3,weka.classifiers.lazy.IBk,"'-K 6 -W 0 -A \""weka.core.neighboursearch.LinearNNSearch -A \\\""weka.core.EuclideanDistance -R first-last\\\""\""'",-3.08019E+18,2.02E+07,135,15,14,1,0,93.33333333,6.666666667,0,0.9,0.046979204,0.183909149,10.57032089,39.01302191,23.77443751,3.113707206,20.66073031,1.584962501,0.20758048,1.37738202,21.51549304,1.434366203,1357.476472,1,5,0,0,1,10,0,0,1,1,1,1,1,1,0.933333333,0.033333333,0.966666667,0.066666667,0.944444444,0.933333333,0.932659933,0.90627609,0.986666667,0.977777778,0.932659933,0.933333333,0,0.001,2.30E-04,5.51E-04,0.23,0.551,12286,10633,2353,100,37.77777778,?
iris,8,4,weka.classifiers.lazy.IBk,"'-K 6 -W 0 -A \""weka.core.neighboursearch.LinearNNSearch -A \\\""weka.core.EuclideanDistance -R first-last\\\""\""'",-3.08019E+18,2.02E+07,135,15,15,0,0,100,0,0,1,0.016400164,0.070422904,3.6900369,14.93895386,23.77443751,0.637374888,23.13706262,1.584962501,0.042491659,1.542470842,23.13706262,1.542470842,1459.786122,1,5,0,0,1,10,0,0,1,1,1,1,1,1,1,0,1,0,1,1,1,1,1,1,1,1,0,0,2.44E-04,5.70E-04,0.244,0.57,12286,10633,2353,100,35.55555556,?
iris,8,5,weka.classifiers.lazy.IBk,"'-K 6 -W 0 -A \""weka.core.neighboursearch.LinearNNSearch -A \\\""weka.core.EuclideanDistance -R first-last\\\""\""'",-3.08019E+18,2.02E+07,135,15,15,0,0,100,0,0,1,0.016400164,0.050084313,3.6900369,10.62448712,23.77443751,0.578658904,23.19577861,1.584962501,0.03857726,1.54638524,23.19577861,1.54638524,1463.490688,1,5,0,0,1,10,0,0,1,1,1,1,1,1,1,0,1,0,1,1,1,1,1,1,1,1,0.001,0,2.41E-04,3.04E-04,0.241,0.304,12286,10633,2353,100,37.77777778,?
iris,8,6,weka.classifiers.lazy.IBk,"'-K 6 -W 0 -A \""weka.core.neighboursearch.LinearNNSearch -A \\\""weka.core.EuclideanDistance -R first-last\\\""\""'",-3.08019E+18,2.02E+07,135,15,13,2,0,86.66666667,13.33333333,0,0.8,0.074374225,0.185086949,16.73420057,39.26287101,23.77443751,3.37992186,20.39451565,1.584962501,0.225328124,1.359634377,20.39451565,1.359634377,1286.750673,1,5,0,0,1,10,0,0,1,1,1,1,1,1,0.866666667,0.066666667,0.933333333,0.133333333,0.904761905,0.866666667,0.861111111,0.821011909,1,1,0.861111111,0.866666667,0,0.001,1.42E-04,3.14E-04,0.142,0.314,12286,10633,2353,100,44.44444444,?
iris,8,7,weka.classifiers.lazy.IBk,"'-K 6 -W 0 -A \""weka.core.neighboursearch.LinearNNSearch -A \\\""weka.core.EuclideanDistance -R first-last\\\""\""'",-3.08019E+18,2.02E+07,135,15,14,1,0,93.33333333,6.666666667,0,0.9,0.031160312,0.111205629,7.011070111,23.59027632,23.77443751,1.314202423,22.46023509,1.584962501,0.087613495,1.497349006,22.46023509,1.497349006,1417.083059,1,5,0,0,1,10,0,0,1,1,1,1,1,1,0.933333333,0.033333333,0.966666667,0.066666667,0.944444444,0.933333333,0.932659933,0.90627609,1,1,0.932659933,0.933333333,0,0,1.33E-04,3.06E-04,0.133,0.306,12286,10633,2353,100,37.77777778,?
iris,8,8,weka.classifiers.lazy.IBk,"'-K 6 -W 0 -A \""weka.core.neighboursearch.LinearNNSearch -A \\\""weka.core.EuclideanDistance -R first-last\\\""\""'",-3.08019E+18,2.02E+07,135,15,15,0,0,100,0,0,1,0.00900452,0.035435558,2.026017096,7.517016952,23.77443751,0.315473674,23.45896384,1.584962501,0.021031578,1.563930922,23.45896384,1.563930922,1480.095827,1,5,0,0,1,10,0,0,1,1,1,1,1,1,1,0,1,0,1,1,1,1,1,1,1,1,0.001,0,1.29E-04,3.02E-04,0.129,0.302,12286,10633,2353,100,35.55555556,?
iris,8,9,weka.classifiers.lazy.IBk,"'-K 6 -W 0 -A \""weka.core.neighboursearch.LinearNNSearch -A \\\""weka.core.EuclideanDistance -R first-last\\\""\""'",-3.08019E+18,2.02E+07,135,15,15,0,0,100,0,0,1,0.023780238,0.10542289,5.350553506,22.36357207,23.77443751,1.051523755,22.72291376,1.584962501,0.070101584,1.514860917,22.72291376,1.514860917,1433.656238,1,5,0,0,1,10,0,0,1,1,1,1,1,1,1,0,1,0,1,1,1,1,1,1,1,1,0,0.001,1.24E-04,6.55E-04,0.124,0.655,12286,10633,2353,100,35.55555556,?
iris,8,10,weka.classifiers.lazy.IBk,"'-K 6 -W 0 -A \""weka.core.neighboursearch.LinearNNSearch -A \\\""weka.core.EuclideanDistance -R first-last\\\""\""'",-3.08019E+18,2.02E+07,135,15,14,1,0,93.33333333,6.666666667,0,0.9,0.082820828,0.201849478,18.63468635,42.81874045,23.77443751,4.264184823,19.51025269,1.584962501,0.284278988,1.300683513,20.18407591,1.34560506,1273.473404,1,5,0,0,1,10,0,0,1,1,1,1,1,1,0.933333333,0.033333333,0.966666667,0.066666667,0.944444444,0.933333333,0.932659933,0.90627609,0.98,0.956507937,0.932659933,0.933333333,0,0,1.47E-04,3.27E-04,0.147,0.327,12286,10633,2353,100,46.66666667,?
iris,9,1,weka.classifiers.lazy.IBk,"'-K 6 -W 0 -A \""weka.core.neighboursearch.LinearNNSearch -A \\\""weka.core.EuclideanDistance -R first-last\\\""\""'",-3.08019E+18,2.02E+07,135,15,15,0,0,100,0,0,1,0.031160312,0.086399062,7.011070111,18.32800876,23.77443751,1.162732224,22.61170529,1.584962501,0.077515482,1.507447019,22.61170529,1.507447019,1426.639764,1,5,0,0,1,10,0,0,1,1,1,1,1,1,1,0,1,0,1,1,1,1,1,1,1,1,0,0.001,2.56E-04,5.36E-04,0.256,0.536,12286,10633,2353,100,40,?
iris,9,2,weka.classifiers.lazy.IBk,"'-K 6 -W 0 -A \""weka.core.neighboursearch.LinearNNSearch -A \\\""weka.core.EuclideanDistance -R first-last\\\""\""'",-3.08019E+18,2.02E+07,135,15,14,1,0,93.33333333,6.666666667,0,0.9,0.038540385,0.144817952,8.671586716,30.72052678,23.77443751,1.897389299,21.87704821,1.584962501,0.12649262,1.458469881,21.87704821,1.458469881,1380.288064,1,5,0,0,1,10,0,0,1,1,1,1,1,1,0.933333333,0.033333333,0.966666667,0.066666667,0.944444444,0.933333333,0.932659933,0.90627609,1,1,0.932659933,0.933333333,0.001,0,4.16E-04,4.28E-04,0.416,0.428,12286,10633,2353,100,37.77777778,?
iris,9,3,weka.classifiers.lazy.IBk,"'-K 6 -W 0 -A \""weka.core.neighboursearch.LinearNNSearch -A \\\""weka.core.EuclideanDistance -R first-last\\\""\""'",-3.08019E+18,2.02E+07,135,15,13,2,0,86.66666667,13.33333333,0,0.8,0.082820828,0.23021283,18.63468635,48.8355159,23.77443751,4.73616323,19.03827428,1.584962501,0.315744215,1.269218285,19.7120975,1.314139833,1243.694882,1,5,0,0,1,10,0,0,1,1,1,1,1,1,0.866666667,0.066666667,0.933333333,0.133333333,0.904761905,0.866666667,0.861111111,0.821011909,0.993333333,0.977777778,0.861111111,0.866666667,0,0,1.30E-04,3.24E-04,0.13,0.324,12286,10633,2353,100,42.22222222,?
iris,9,4,weka.classifiers.lazy.IBk,"'-K 6 -W 0 -A \""weka.core.neighboursearch.LinearNNSearch -A \\\""weka.core.EuclideanDistance -R first-last\\\""\""'",-3.08019E+18,2.02E+07,135,15,15,0,0,100,0,0,1,0.038524816,0.116701949,8.668083516,24.75622179,23.77443751,1.576374528,22.19806298,1.584962501,0.105091635,1.479870865,22.19806298,1.479870865,1400.541841,1,5,0,0,1,10,0,0,1,1,1,1,1,1,1,0,1,0,1,1,1,1,1,1,1,1,0,0,2.21E-04,5.38E-04,0.221,0.538,12286,10633,2353,100,40,?
iris,9,5,weka.classifiers.lazy.IBk,"'-K 6 -W 0 -A \""weka.core.neighboursearch.LinearNNSearch -A \\\""weka.core.EuclideanDistance -R first-last\\\""\""'",-3.08019E+18,2.02E+07,135,15,14,1,0,93.33333333,6.666666667,0,0.9,0.069119425,0.200079087,15.55187071,42.44318366,23.77443751,3.960459194,19.81397832,1.584962501,0.264030613,1.320931888,20.66874105,1.37791607,1304.05237,1,5,0,0,1,10,0,0,1,1,1,1,1,1,0.933333333,0.033333333,0.966666667,0.066666667,0.944444444,0.933333333,0.932659933,0.90627609,1,1,0.932659933,0.933333333,0,0.001,2.21E-04,5.21E-04,0.221,0.521,12286,10633,2353,100,42.22222222,?
iris,9,6,weka.classifiers.lazy.IBk,"'-K 6 -W 0 -A \""weka.core.neighboursearch.LinearNNSearch -A \\\""weka.core.EuclideanDistance -R first-last\\\""\""'",-3.08019E+18,2.02E+07,135,15,15,0,0,100,0,0,1,0.016400164,0.050084313,3.6900369,10.62448712,23.77443751,0.578658904,23.19577861,1.584962501,0.03857726,1.54638524,23.19577861,1.54638524,1463.490688,1,5,0,0,1,10,0,0,1,1,1,1,1,1,1,0,1,0,1,1,1,1,1,1,1,1,0,0.001,2.16E-04,5.31E-04,0.216,0.531,12286,10633,2353,100,37.77777778,?
iris,9,7,weka.classifiers.lazy.IBk,"'-K 6 -W 0 -A \""weka.core.neighboursearch.LinearNNSearch -A \\\""weka.core.EuclideanDistance -R first-last\\\""\""'",-3.08019E+18,2.02E+07,135,15,15,0,0,100,0,0,1,0.031160312,0.111205629,7.011070111,23.59027632,23.77443751,1.314202423,22.46023509,1.584962501,0.087613495,1.497349006,22.46023509,1.497349006,1417.083059,1,5,0,0,1,10,0,0,1,1,1,1,1,1,1,0,1,0,1,1,1,1,1,1,1,1,0.001,0,2.20E-04,5.29E-04,0.22,0.529,12286,10633,2353,100,37.77777778,?
iris,9,8,weka.classifiers.lazy.IBk,"'-K 6 -W 0 -A \""weka.core.neighboursearch.LinearNNSearch -A \\\""weka.core.EuclideanDistance -R first-last\\\""\""'",-3.08019E+18,2.02E+07,135,15,15,0,0,100,0,0,1,0.031160312,0.099577833,7.011070111,21.12364839,23.77443751,1.221448209,22.5529893,1.584962501,0.081429881,1.50353262,22.5529893,1.50353262,1422.935198,1,5,0,0,1,10,0,0,1,1,1,1,1,1,1,0,1,0,1,1,1,1,1,1,1,1,0.001,0.001,2.43E-04,5.65E-04,0.243,0.565,12286,10633,2353,100,37.77777778,?
iris,9,9,weka.classifiers.lazy.IBk,"'-K 6 -W 0 -A \""weka.core.neighboursearch.LinearNNSearch -A \\\""weka.core.EuclideanDistance -R first-last\\\""\""'",-3.08019E+18,2.02E+07,135,15,14,1,0,93.33333333,6.666666667,0,0.9,0.045920459,0.178965733,10.33210332,37.96436501,23.77443751,2.892075499,20.88236201,1.584962501,0.192805033,1.392157467,21.55618523,1.437079015,1360.043864,1,5,0,0,1,10,0,0,1,1,1,1,1,1,0.933333333,0.033333333,0.966666667,0.066666667,0.944444444,0.933333333,0.932659933,0.90627609,1,1,0.932659933,0.933333333,0,0.001,3.90E-04,5.17E-04,0.39,0.517,12286,10633,2353,100,37.77777778,?
iris,9,10,weka.classifiers.lazy.IBk,"'-K 6 -W 0 -A \""weka.core.neighboursearch.LinearNNSearch -A \\\""weka.core.EuclideanDistance -R first-last\\\""\""'",-3.08019E+18,2.02E+07,135,15,15,0,0,100,0,0,1,0.021662748,0.070006628,4.874118361,14.85064834,23.77443751,0.800290611,22.9741469,1.584962501,0.053352707,1.531609793,22.9741469,1.531609793,1449.507284,1,5,0,0,1,10,0,0,1,1,1,1,1,1,1,0,1,0,1,1,1,1,1,1,1,1,0,0,1.38E-04,2.83E-04,0.138,0.283,12286,10633,2353,100,37.77777778,?
iris,10,1,weka.classifiers.lazy.IBk,"'-K 6 -W 0 -A \""weka.core.neighboursearch.LinearNNSearch -A \\\""weka.core.EuclideanDistance -R first-last\\\""\""'",-3.08019E+18,2.02E+07,135,15,15,0,0,100,0,0,1,0.00902009,0.035436311,2.029520295,7.517176674,23.77443751,0.315980236,23.45845728,1.584962501,0.021065349,1.563897152,23.45845728,1.563897152,1480.063867,1,5,0,0,1,10,0,0,1,1,1,1,1,1,1,0,1,0,1,1,1,1,1,1,1,1,0,0.001,2.13E-04,4.91E-04,0.213,0.491,12286,10633,2353,100,35.55555556,?
iris,10,2,weka.classifiers.lazy.IBk,"'-K 6 -W 0 -A \""weka.core.neighboursearch.LinearNNSearch -A \\\""weka.core.EuclideanDistance -R first-last\\\""\""'",-3.08019E+18,2.02E+07,135,15,15,0,0,100,0,0,1,0.023780238,0.078816823,5.350553506,16.71957308,23.77443751,0.900053556,22.87438395,1.584962501,0.06000357,1.52495893,22.87438395,1.52495893,1443.212943,1,5,0,0,1,10,0,0,1,1,1,1,1,1,1,0,1,0,1,1,1,1,1,1,1,1,0,0.001,2.20E-04,5.14E-04,0.22,0.514,12286,10633,2353,100,37.77777778,?
iris,10,3,weka.classifiers.lazy.IBk,"'-K 6 -W 0 -A \""weka.core.neighboursearch.LinearNNSearch -A \\\""weka.core.EuclideanDistance -R first-last\\\""\""'",-3.08019E+18,2.02E+07,135,15,15,0,0,100,0,0,1,0.00902009,0.035436311,2.029520295,7.517176674,23.77443751,0.315980236,23.45845728,1.584962501,0.021065349,1.563897152,23.45845728,1.563897152,1480.063867,1,5,0,0,1,10,0,0,1,1,1,1,1,1,1,0,1,0,1,1,1,1,1,1,1,1,0.001,0,2.12E-04,4.99E-04,0.212,0.499,12286,10633,2353,100,35.55555556,?
iris,10,4,weka.classifiers.lazy.IBk,"'-K 6 -W 0 -A \""weka.core.neighboursearch.LinearNNSearch -A \\\""weka.core.EuclideanDistance -R first-last\\\""\""'",-3.08019E+18,2.02E+07,135,15,15,0,0,100,0,0,1,0.060680607,0.149262892,13.65313653,31.66344097,23.77443751,2.482349064,21.29208845,1.584962501,0.165489938,1.419472563,21.29208845,1.419472563,1343.381212,1,5,0,0,1,10,0,0,1,1,1,1,1,1,1,0,1,0,1,1,1,1,1,1,1,1,0,0,1.37E-04,4.29E-04,0.137,0.429,12286,10633,2353,100,42.22222222,?
iris,10,5,weka.classifiers.lazy.IBk,"'-K 6 -W 0 -A \""weka.core.neighboursearch.LinearNNSearch -A \\\""weka.core.EuclideanDistance -R first-last\\\""\""'",-3.08019E+18,2.02E+07,135,15,14,1,0,93.33333333,6.666666667,0,0.9,0.038540385,0.144817952,8.671586716,30.72052678,23.77443751,1.897389299,21.87704821,1.584962501,0.12649262,1.458469881,21.87704821,1.458469881,1380.288064,1,5,0,0,1,10,0,0,1,1,1,1,1,1,0.933333333,0.033333333,0.966666667,0.066666667,0.944444444,0.933333333,0.932659933,0.90627609,1,1,0.932659933,0.933333333,0.001,0,1.49E-04,3.10E-04,0.149,0.31,12286,10633,2353,100,37.77777778,?
iris,10,6,weka.classifiers.lazy.IBk,"'-K 6 -W 0 -A \""weka.core.neighboursearch.LinearNNSearch -A \\\""weka.core.EuclideanDistance -R first-last\\\""\""'",-3.08019E+18,2.02E+07,135,15,15,0,0,100,0,0,1,0.008992832,0.035435068,2.02338727,7.516913139,23.77443751,0.315093518,23.45934399,1.584962501,0.021006235,1.563956266,23.45934399,1.563956266,1480.119812,1,5,0,0,1,10,0,0,1,1,1,1,1,1,1,0,1,0,1,1,1,1,1,1,1,1,0,0.001,1.46E-04,3.19E-04,0.146,0.319,12286,10633,2353,100,35.55555556,?
iris,10,7,weka.classifiers.lazy.IBk,"'-K 6 -W 0 -A \""weka.core.neighboursearch.LinearNNSearch -A \\\""weka.core.EuclideanDistance -R first-last\\\""\""'",-3.08019E+18,2.02E+07,135,15,14,1,0,93.33333333,6.666666667,0,0.9,0.038540385,0.144817952,8.671586716,30.72052678,23.77443751,1.897389299,21.87704821,1.584962501,0.12649262,1.458469881,21.87704821,1.458469881,1380.288064,1,5,0,0,1,10,0,0,1,1,1,1,1,1,0.933333333,0.033333333,0.966666667,0.066666667,0.944444444,0.933333333,0.932659933,0.90627609,1,1,0.932659933,0.933333333,0.001,0,2.81E-04,5.62E-04,0.281,0.562,12286,10633,2353,100,37.77777778,?
iris,10,8,weka.classifiers.lazy.IBk,"'-K 6 -W 0 -A \""weka.core.neighboursearch.LinearNNSearch -A \\\""weka.core.EuclideanDistance -R first-last\\\""\""'",-3.08019E+18,2.02E+07,135,15,13,2,0,86.66666667,13.33333333,0,0.8,0.097549836,0.224947458,21.94871316,47.71856181,23.77443751,4.998715217,18.77572229,1.584962501,0.333247681,1.25171482,19.44954551,1.296636367,1227.129696,1,5,0,0,1,10,0,0,1,1,1,1,1,1,0.866666667,0.066666667,0.933333333,0.133333333,0.904761905,0.866666667,0.861111111,0.821011909,0.98,0.956507937,0.861111111,0.866666667,0,0.001,2.37E-04,5.46E-04,0.237,0.546,12286,10633,2353,100,46.66666667,?
iris,10,9,weka.classifiers.lazy.IBk,"'-K 6 -W 0 -A \""weka.core.neighboursearch.LinearNNSearch -A \\\""weka.core.EuclideanDistance -R first-last\\\""\""'",-3.08019E+18,2.02E+07,135,15,15,0,0,100,0,0,1,0.045920459,0.121951238,10.33210332,25.8697642,23.77443751,1.839559759,21.93487775,1.584962501,0.122637317,1.462325183,21.93487775,1.462325183,1383.936701,1,5,0,0,1,10,0,0,1,1,1,1,1,1,1,0,1,0,1,1,1,1,1,1,1,1,0.001,0,2.42E-04,5.22E-04,0.242,0.522,12286,10633,2353,100,42.22222222,?
iris,10,10,weka.classifiers.lazy.IBk,"'-K 6 -W 0 -A \""weka.core.neighboursearch.LinearNNSearch -A \\\""weka.core.EuclideanDistance -R first-last\\\""\""'",-3.08019E+18,2.02E+07,135,15,14,1,0,93.33333333,6.666666667,0,0.9,0.061739352,0.190599023,13.8913541,40.43215851,23.77443751,3.639064541,20.13537297,1.584962501,0.242604303,1.342358198,20.99013571,1.39934238,1324.330115,1,5,0,0,1,10,0,0,1,1,1,1,1,1,0.933333333,0.033333333,0.966666667,0.066666667,0.944444444,0.933333333,0.932659933,0.90627609,0.986666667,0.977777778,0.932659933,0.933333333,0,0,2.23E-04,5.21E-04,0.223,0.521,12286,10633,2353,100,42.22222222,?
,,,,,,,,,,,,,,,,,,,,,,,,,,,,,,,,,,,,,,,,,,,,,,,,,,,,,,,,,,,,,,,,,,
,,,,,,,,,,,,96.73333333,3.266666667,,,,,,,,,,,,,,,,,,,,,,,,,,,,,,,,,,,,,,,,,,,,,,,,,,,,,
,,,,,,,,,,,,,,,,,,,,,,,,,,,,,,,,,,,,,,,,,,,,,,,,,,,,,,,,,,,,,,,,,,
,,,,,,,,,,,,0.966833333,,,,,,,,,,,,,,,,,,,,,,,,,,,,,,,,,,,,,,,,,,,,,,,,,,,,,,