Key_Dataset,Key_Run,Key_Fold,Key_Scheme,Key_Scheme_options,Key_Scheme_version_ID,Date_time,Number_of_training_instances,Number_of_testing_instances,Number_correct,Number_incorrect,Number_unclassified,Percent_correct,Percent_incorrect,Percent_unclassified,Kappa_statistic,Mean_absolute_error,Root_mean_squared_error,Relative_absolute_error,Root_relative_squared_error,SF_prior_entropy,SF_scheme_entropy,SF_entropy_gain,SF_mean_prior_entropy,SF_mean_scheme_entropy,SF_mean_entropy_gain,KB_information,KB_mean_information,KB_relative_information,True_positive_rate,Num_true_positives,False_positive_rate,Num_false_positives,True_negative_rate,Num_true_negatives,False_negative_rate,Num_false_negatives,IR_precision,IR_recall,F_measure,Matthews_correlation,Area_under_ROC,Area_under_PRC,Weighted_avg_true_positive_rate,Weighted_avg_false_positive_rate,Weighted_avg_true_negative_rate,Weighted_avg_false_negative_rate,Weighted_avg_IR_precision,Weighted_avg_IR_recall,Weighted_avg_F_measure,Weighted_avg_matthews_correlation,Weighted_avg_area_under_ROC,Weighted_avg_area_under_PRC,Unweighted_macro_avg_F_measure,Unweighted_micro_avg_F_measure,Elapsed_Time_training,Elapsed_Time_testing,UserCPU_Time_training,UserCPU_Time_testing,UserCPU_Time_millis_training,UserCPU_Time_millis_testing,Serialized_Model_Size,Serialized_Train_Set_Size,Serialized_Test_Set_Size,Coverage_of_Test_Cases_By_Regions,Size_of_Predicted_Regions,Summary,measureTreeSize,measureNumLeaves,measureNumRules
iris,1,1,weka.classifiers.trees.J48,'-C 0.25 -M 2 -A',-2.17733E+17,2.02E+07,135,15,14,1,0,93.33333333,6.666666667,0,0.9,0.069091625,0.152262835,15.54561573,32.29982501,23.77443751,3.197029726,20.57740779,1.584962501,0.213135315,1.371827186,20.82252028,1.388168019,1313.754759,1,5,0,0,1,10,0,0,1,1,1,1,1,1,0.933333333,0.033333333,0.966666667,0.066666667,0.944444444,0.933333333,0.932659933,0.90627609,1,1,0.932659933,0.933333333,0.018,0.001,0.014947,3.78E-04,14.947,0.378,4236,10633,2353,100,57.77777778,'Number of leaves: 4\nSize of the tree: 7\n',7,4,4
iris,1,2,weka.classifiers.trees.J48,'-C 0.25 -M 2 -A',-2.17733E+17,2.02E+07,135,15,15,0,0,100,0,0,1,0.038903528,0.042754894,8.753293808,9.069682661,23.77443751,1.3028868,22.47155071,1.584962501,0.08685912,1.498103381,22.47155071,1.498103381,1417.796995,1,5,0,0,1,10,0,0,1,1,1,1,1,1,1,0,1,0,1,1,1,1,1,1,1,1,0.004,0.001,0.004008,1.42E-04,4.008,0.142,4640,10633,2353,100,55.55555556,'Number of leaves: 5\nSize of the tree: 9\n',9,5,5
iris,1,3,weka.classifiers.trees.J48,'-C 0.25 -M 2 -A',-2.17733E+17,2.02E+07,135,15,15,0,0,100,0,0,1,0.038903528,0.042754894,8.753293808,9.069682661,23.77443751,1.3028868,22.47155071,1.584962501,0.08685912,1.498103381,22.47155071,1.498103381,1417.796995,1,5,0,0,1,10,0,0,1,1,1,1,1,1,1,0,1,0,1,1,1,1,1,1,1,1,0.004,0,0.003815,1.70E-04,3.815,0.17,4640,10633,2353,100,55.55555556,'Number of leaves: 5\nSize of the tree: 9\n',9,5,5
iris,1,4,weka.classifiers.trees.J48,'-C 0.25 -M 2 -A',-2.17733E+17,2.02E+07,135,15,15,0,0,100,0,0,1,0.038903528,0.042754894,8.753293808,9.069682661,23.77443751,1.3028868,22.47155071,1.584962501,0.08685912,1.498103381,22.47155071,1.498103381,1417.796995,1,5,0,0,1,10,0,0,1,1,1,1,1,1,1,0,1,0,1,1,1,1,1,1,1,1,0.004,0,0.003698,1.61E-04,3.698,0.161,4640,10633,2353,100,55.55555556,'Number of leaves: 5\nSize of the tree: 9\n',9,5,5
iris,1,5,weka.classifiers.trees.J48,'-C 0.25 -M 2 -A',-2.17733E+17,2.02E+07,135,15,14,1,0,93.33333333,6.666666667,0,0.9,0.090142627,0.217345974,20.2820911,46.10604359,23.77443751,6.283629757,17.49080775,1.584962501,0.41890865,1.16605385,19.90857505,1.327238336,1256.091235,1,5,0,0,1,10,0,0,1,1,1,1,1,1,0.933333333,0.033333333,0.966666667,0.066666667,0.944444444,0.933333333,0.932659933,0.90627609,0.96,0.902222222,0.932659933,0.933333333,0.003,0,0.002661,1.16E-04,2.661,0.116,4236,10633,2353,100,48.88888889,'Number of leaves: 4\nSize of the tree: 7\n',7,4,4
iris,1,6,weka.classifiers.trees.J48,'-C 0.25 -M 2 -A',-2.17733E+17,2.02E+07,135,15,15,0,0,100,0,0,1,0.053381643,0.083500691,12.01086957,17.71317136,23.77443751,1.928597018,21.84584049,1.584962501,0.128573135,1.456389366,21.84584049,1.456389366,1378.319076,1,5,0,0,1,10,0,0,1,1,1,1,1,1,1,0,1,0,1,1,1,1,1,1,1,1,0.003,0,0.003028,1.36E-04,3.028,0.136,4640,10633,2353,100,57.77777778,'Number of leaves: 5\nSize of the tree: 9\n',9,5,5
iris,1,7,weka.classifiers.trees.J48,'-C 0.25 -M 2 -A',-2.17733E+17,2.02E+07,135,15,13,2,0,86.66666667,13.33333333,0,0.8,0.116049383,0.290292766,26.11111111,61.58039511,23.77443751,11.95539277,11.81904474,1.584962501,0.797026185,0.787936316,18.52774388,1.235182925,1168.970488,0.8,4,0,0,1,10,0.2,1,1,0.8,0.888888889,0.852802865,0.9,0.866666667,0.866666667,0.066666667,0.933333333,0.133333333,0.904761905,0.866666667,0.87037037,0.820511559,0.913333333,0.823953824,0.87037037,0.866666667,0.003,0,0.003226,8.70E-05,3.226,0.087,4640,10633,2353,86.66666667,42.22222222,'Number of leaves: 5\nSize of the tree: 9\n',9,5,5
iris,1,8,weka.classifiers.trees.J48,'-C 0.25 -M 2 -A',-2.17733E+17,2.02E+07,135,15,13,2,0,86.66666667,13.33333333,0,0.8,0.114478114,0.287293952,25.75757576,60.94425056,23.77443751,10.99229124,12.78214627,1.584962501,0.732819416,0.852143084,18.58125779,1.238750519,1172.34684,1,5,0,0,1,10,0,0,1,1,1,1,1,1,0.866666667,0.066666667,0.933333333,0.133333333,0.866666667,0.866666667,0.866666667,0.8,0.933333333,0.826666667,0.866666667,0.866666667,0.002,0,0.002093,9.70E-05,2.093,0.097,4236,10633,2353,93.33333333,44.44444444,'Number of leaves: 4\nSize of the tree: 7\n',7,4,4
iris,1,9,weka.classifiers.trees.J48,'-C 0.25 -M 2 -A',-2.17733E+17,2.02E+07,135,15,15,0,0,100,0,0,1,0.053381643,0.083500691,12.01086957,17.71317136,23.77443751,1.928597018,21.84584049,1.584962501,0.128573135,1.456389366,21.84584049,1.456389366,1378.319076,1,5,0,0,1,10,0,0,1,1,1,1,1,1,1,0,1,0,1,1,1,1,1,1,1,1,0.003,0,0.00234,9.70E-05,2.34,0.097,4640,10633,2353,100,57.77777778,'Number of leaves: 5\nSize of the tree: 9\n',9,5,5
iris,1,10,weka.classifiers.trees.J48,'-C 0.25 -M 2 -A',-2.17733E+17,2.02E+07,135,15,15,0,0,100,0,0,1,0.038903528,0.042754894,8.753293808,9.069682661,23.77443751,1.3028868,22.47155071,1.584962501,0.08685912,1.498103381,22.47155071,1.498103381,1417.796995,1,5,0,0,1,10,0,0,1,1,1,1,1,1,1,0,1,0,1,1,1,1,1,1,1,1,0.002,0,0.002307,9.70E-05,2.307,0.097,4640,10633,2353,100,55.55555556,'Number of leaves: 5\nSize of the tree: 9\n',9,5,5
iris,2,1,weka.classifiers.trees.J48,'-C 0.25 -M 2 -A',-2.17733E+17,2.02E+07,135,15,14,1,0,93.33333333,6.666666667,0,0.9,0.0778487,0.203630136,17.51595745,43.19647501,23.77443751,5.735520434,18.03891708,1.584962501,0.382368029,1.202594472,20.48631668,1.365754445,1292.542674,1,5,0,0,1,10,0,0,1,1,1,1,1,1,0.933333333,0.033333333,0.966666667,0.066666667,0.944444444,0.933333333,0.932659933,0.90627609,0.966666667,0.911111111,0.932659933,0.933333333,0.003,0,0.002253,8.50E-05,2.253,0.085,4236,10633,2353,100,55.55555556,'Number of leaves: 4\nSize of the tree: 7\n',7,4,4
iris,2,2,weka.classifiers.trees.J48,'-C 0.25 -M 2 -A',-2.17733E+17,2.02E+07,135,15,13,2,0,86.66666667,13.33333333,0,0.8,0.12089115,0.265421787,27.20050879,56.30446369,23.77443751,8.577885752,15.19655176,1.584962501,0.57185905,1.013103451,18.29239096,1.21949273,1154.121372,1,5,0,0,1,10,0,0,1,1,1,1,1,1,0.866666667,0.066666667,0.933333333,0.133333333,0.904761905,0.866666667,0.861111111,0.821011909,0.953333333,0.880952381,0.861111111,0.866666667,0.003,0,0.002019,1.52E-04,2.019,0.152,4236,10633,2353,100,53.33333333,'Number of leaves: 4\nSize of the tree: 7\n',7,4,4
iris,2,3,weka.classifiers.trees.J48,'-C 0.25 -M 2 -A',-2.17733E+17,2.02E+07,135,15,14,1,0,93.33333333,6.666666667,0,0.9,0.098519206,0.217788023,22.16682127,46.19981639,23.77443751,5.811282253,17.96315526,1.584962501,0.387418817,1.197543684,19.53079685,1.302053123,1232.256084,1,5,0,0,1,10,0,0,1,1,1,1,1,1,0.933333333,0.033333333,0.966666667,0.066666667,0.944444444,0.933333333,0.932659933,0.90627609,0.96,0.902222222,0.932659933,0.933333333,0.002,0.001,0.001814,8.20E-05,1.814,0.082,4236,10633,2353,100,48.88888889,'Number of leaves: 4\nSize of the tree: 7\n',7,4,4
iris,2,4,weka.classifiers.trees.J48,'-C 0.25 -M 2 -A',-2.17733E+17,2.02E+07,135,15,15,0,0,100,0,0,1,0.038903528,0.042754894,8.753293808,9.069682661,23.77443751,1.3028868,22.47155071,1.584962501,0.08685912,1.498103381,22.47155071,1.498103381,1417.796995,1,5,0,0,1,10,0,0,1,1,1,1,1,1,1,0,1,0,1,1,1,1,1,1,1,1,0.002,0.001,0.00191,8.40E-05,1.91,0.084,4640,10633,2353,100,55.55555556,'Number of leaves: 5\nSize of the tree: 9\n',9,5,5
iris,2,5,weka.classifiers.trees.J48,'-C 0.25 -M 2 -A',-2.17733E+17,2.02E+07,135,15,15,0,0,100,0,0,1,0.038903528,0.042754894,8.753293808,9.069682661,23.77443751,1.3028868,22.47155071,1.584962501,0.08685912,1.498103381,22.47155071,1.498103381,1417.796995,1,5,0,0,1,10,0,0,1,1,1,1,1,1,1,0,1,0,1,1,1,1,1,1,1,1,0.002,0,0.001411,8.40E-05,1.411,0.084,4640,10633,2353,100,55.55555556,'Number of leaves: 5\nSize of the tree: 9\n',9,5,5
iris,2,6,weka.classifiers.trees.J48,'-C 0.25 -M 2 -A',-2.17733E+17,2.02E+07,135,15,13,2,0,86.66666667,13.33333333,0,0.8,0.116000513,0.288745468,26.10011545,61.25216362,23.77443751,11.95064847,11.82378904,1.584962501,0.796709898,0.788252603,18.52976687,1.235317792,1169.098125,0.8,4,0,0,1,10,0.2,1,1,0.8,0.888888889,0.852802865,0.84,0.866666667,0.866666667,0.066666667,0.933333333,0.133333333,0.877777778,0.866666667,0.865993266,0.80627609,0.893333333,0.81030303,0.865993266,0.866666667,0.001,0,0.001044,8.40E-05,1.044,0.084,4640,10633,2353,86.66666667,44.44444444,'Number of leaves: 5\nSize of the tree: 9\n',9,5,5
iris,2,7,weka.classifiers.trees.J48,'-C 0.25 -M 2 -A',-2.17733E+17,2.02E+07,135,15,15,0,0,100,0,0,1,0.038903528,0.042754894,8.753293808,9.069682661,23.77443751,1.3028868,22.47155071,1.584962501,0.08685912,1.498103381,22.47155071,1.498103381,1417.796995,1,5,0,0,1,10,0,0,1,1,1,1,1,1,1,0,1,0,1,1,1,1,1,1,1,1,0.002,0,0.001187,7.40E-05,1.187,0.074,4640,10633,2353,100,55.55555556,'Number of leaves: 5\nSize of the tree: 9\n',9,5,5
iris,2,8,weka.classifiers.trees.J48,'-C 0.25 -M 2 -A',-2.17733E+17,2.02E+07,135,15,14,1,0,93.33333333,6.666666667,0,0.9,0.074444444,0.206834319,16.75,43.87618487,23.77443751,6.524940222,17.24949729,1.584962501,0.434996015,1.149966486,20.60384686,1.373589791,1299.958002,1,5,0,0,1,10,0,0,1,1,1,1,1,1,0.933333333,0.033333333,0.966666667,0.066666667,0.944444444,0.933333333,0.932659933,0.90627609,0.966666667,0.911111111,0.932659933,0.933333333,0.001,0,0.001109,8.00E-05,1.109,0.08,4640,10633,2353,93.33333333,42.22222222,'Number of leaves: 5\nSize of the tree: 9\n',9,5,5
iris,2,9,weka.classifiers.trees.J48,'-C 0.25 -M 2 -A',-2.17733E+17,2.02E+07,135,15,13,2,0,86.66666667,13.33333333,0,0.8,0.121954911,0.276102622,27.43985507,58.5702109,23.77443751,8.646622174,15.12781534,1.584962501,0.576441478,1.008521022,18.31626618,1.221084412,1155.627731,1,5,0,0,1,10,0,0,1,1,1,1,1,1,0.866666667,0.066666667,0.933333333,0.133333333,0.904761905,0.866666667,0.861111111,0.821011909,0.933333333,0.838095238,0.861111111,0.866666667,0.002,0,0.00138,9.90E-05,1.38,0.099,3832,10633,2353,100,55.55555556,'Number of leaves: 3\nSize of the tree: 5\n',5,3,3
iris,2,10,weka.classifiers.trees.J48,'-C 0.25 -M 2 -A',-2.17733E+17,2.02E+07,135,15,15,0,0,100,0,0,1,0.038903528,0.042754894,8.753293808,9.069682661,23.77443751,1.3028868,22.47155071,1.584962501,0.08685912,1.498103381,22.47155071,1.498103381,1417.796995,1,5,0,0,1,10,0,0,1,1,1,1,1,1,1,0,1,0,1,1,1,1,1,1,1,1,0.002,0,0.001524,6.60E-05,1.524,0.066,4640,10633,2353,100,55.55555556,'Number of leaves: 5\nSize of the tree: 9\n',9,5,5
iris,3,1,weka.classifiers.trees.J48,'-C 0.25 -M 2 -A',-2.17733E+17,2.02E+07,135,15,15,0,0,100,0,0,1,0.038903528,0.042754894,8.753293808,9.069682661,23.77443751,1.3028868,22.47155071,1.584962501,0.08685912,1.498103381,22.47155071,1.498103381,1417.796995,1,5,0,0,1,10,0,0,1,1,1,1,1,1,1,0,1,0,1,1,1,1,1,1,1,1,0.002,0,0.001394,6.00E-05,1.394,0.06,4640,10633,2353,100,55.55555556,'Number of leaves: 5\nSize of the tree: 9\n',9,5,5
iris,3,2,weka.classifiers.trees.J48,'-C 0.25 -M 2 -A',-2.17733E+17,2.02E+07,135,15,14,1,0,93.33333333,6.666666667,0,0.9,0.075960283,0.167276206,17.0910637,35.48464189,23.77443751,3.892790285,19.88164723,1.584962501,0.259519352,1.325443148,20.55971913,1.370647942,1297.173852,1,5,0,0,1,10,0,0,1,1,1,1,1,1,0.933333333,0.033333333,0.966666667,0.066666667,0.944444444,0.933333333,0.932659933,0.90627609,1,1,0.932659933,0.933333333,0.002,0,0.001558,6.30E-05,1.558,0.063,4236,10633,2353,100,57.77777778,'Number of leaves: 4\nSize of the tree: 7\n',7,4,4
iris,3,3,weka.classifiers.trees.J48,'-C 0.25 -M 2 -A',-2.17733E+17,2.02E+07,135,15,14,1,0,93.33333333,6.666666667,0,0.9,0.074272678,0.202408951,16.71135266,42.93742246,23.77443751,5.553055537,18.22138197,1.584962501,0.370203702,1.214758798,20.60889841,1.373926561,1300.27672,1,5,0,0,1,10,0,0,1,1,1,1,1,1,0.933333333,0.033333333,0.966666667,0.066666667,0.944444444,0.933333333,0.932659933,0.90627609,0.966666667,0.911111111,0.932659933,0.933333333,0.002,0,0.001416,1.16E-04,1.416,0.116,4236,10633,2353,100,46.66666667,'Number of leaves: 4\nSize of the tree: 7\n',7,4,4
iris,3,4,weka.classifiers.trees.J48,'-C 0.25 -M 2 -A',-2.17733E+17,2.02E+07,135,15,15,0,0,100,0,0,1,0.038903528,0.042754894,8.753293808,9.069682661,23.77443751,1.3028868,22.47155071,1.584962501,0.08685912,1.498103381,22.47155071,1.498103381,1417.796995,1,5,0,0,1,10,0,0,1,1,1,1,1,1,1,0,1,0,1,1,1,1,1,1,1,1,0.002,0,0.001526,6.60E-05,1.526,0.066,4640,10633,2353,100,55.55555556,'Number of leaves: 5\nSize of the tree: 9\n',9,5,5
iris,3,5,weka.classifiers.trees.J48,'-C 0.25 -M 2 -A',-2.17733E+17,2.02E+07,135,15,13,2,0,86.66666667,13.33333333,0,0.8,0.114573269,0.290281427,25.77898551,61.57798966,23.77443751,11.96666993,11.80776758,1.584962501,0.797777995,0.787184506,18.57845921,1.238563948,1172.170269,1,5,0,0,1,10,0,0,1,1,1,1,1,1,0.866666667,0.066666667,0.933333333,0.133333333,0.904761905,0.866666667,0.861111111,0.821011909,0.933333333,0.838095238,0.861111111,0.866666667,0.002,0,0.00124,6.40E-05,1.24,0.064,4236,10633,2353,86.66666667,40,'Number of leaves: 4\nSize of the tree: 7\n',7,4,4
iris,3,6,weka.classifiers.trees.J48,'-C 0.25 -M 2 -A',-2.17733E+17,2.02E+07,135,15,14,1,0,93.33333333,6.666666667,0,0.9,0.080529937,0.206147638,18.11923584,43.73051784,23.77443751,6.765048212,17.0093893,1.584962501,0.451003214,1.133959287,20.39473511,1.359649008,1286.76452,0.8,4,0,0,1,10,0.2,1,1,0.8,0.888888889,0.852802865,0.85,0.866666667,0.933333333,0.033333333,0.966666667,0.066666667,0.944444444,0.933333333,0.932659933,0.90627609,0.933333333,0.9,0.932659933,0.933333333,0.001,0,8.26E-04,6.50E-05,0.826,0.065,4640,10633,2353,93.33333333,57.77777778,'Number of leaves: 5\nSize of the tree: 9\n',9,5,5
iris,3,7,weka.classifiers.trees.J48,'-C 0.25 -M 2 -A',-2.17733E+17,2.02E+07,135,15,13,2,0,86.66666667,13.33333333,0,0.8,0.107677484,0.256363626,24.22743391,54.3829376,23.77443751,8.737448152,15.03698936,1.584962501,0.582496543,1.002465957,18.83359403,1.255572935,1188.267484,1,5,0,0,1,10,0,0,1,1,1,1,1,1,0.866666667,0.066666667,0.933333333,0.133333333,0.866666667,0.866666667,0.866666667,0.8,0.96,0.902222222,0.866666667,0.866666667,0.001,0,7.19E-04,3.90E-05,0.719,0.039,4640,10633,2353,93.33333333,46.66666667,'Number of leaves: 5\nSize of the tree: 9\n',9,5,5
iris,3,8,weka.classifiers.trees.J48,'-C 0.25 -M 2 -A',-2.17733E+17,2.02E+07,135,15,13,2,0,86.66666667,13.33333333,0,0.8,0.124466231,0.272350892,28.00490196,57.77434878,23.77443751,8.209465466,15.56497204,1.584962501,0.547297698,1.037664803,18.22384331,1.214922887,1149.796497,1,5,0,0,1,10,0,0,1,1,1,1,1,1,0.866666667,0.066666667,0.933333333,0.133333333,0.904761905,0.866666667,0.861111111,0.821011909,0.933333333,0.838095238,0.861111111,0.866666667,0.002,0.003,0.001267,0.001816,1.267,1.816,3832,10633,2353,100,55.55555556,'Number of leaves: 3\nSize of the tree: 5\n',5,3,3
iris,3,9,weka.classifiers.trees.J48,'-C 0.25 -M 2 -A',-2.17733E+17,2.02E+07,135,15,15,0,0,100,0,0,1,0.053381643,0.083500691,12.01086957,17.71317136,23.77443751,1.928597018,21.84584049,1.584962501,0.128573135,1.456389366,21.84584049,1.456389366,1378.319076,1,5,0,0,1,10,0,0,1,1,1,1,1,1,1,0,1,0,1,1,1,1,1,1,1,1,0.001,0,0.001359,8.10E-05,1.359,0.081,4640,10633,2353,100,57.77777778,'Number of leaves: 5\nSize of the tree: 9\n',9,5,5
iris,3,10,weka.classifiers.trees.J48,'-C 0.25 -M 2 -A',-2.17733E+17,2.02E+07,135,15,15,0,0,100,0,0,1,0.053381643,0.083500691,12.01086957,17.71317136,23.77443751,1.928597018,21.84584049,1.584962501,0.128573135,1.456389366,21.84584049,1.456389366,1378.319076,1,5,0,0,1,10,0,0,1,1,1,1,1,1,1,0,1,0,1,1,1,1,1,1,1,1,0.001,0,0.001188,6.60E-05,1.188,0.066,4640,10633,2353,100,57.77777778,'Number of leaves: 5\nSize of the tree: 9\n',9,5,5
iris,4,1,weka.classifiers.trees.J48,'-C 0.25 -M 2 -A',-2.17733E+17,2.02E+07,135,15,13,2,0,86.66666667,13.33333333,0,0.8,0.12089115,0.265421787,27.20050879,56.30446369,23.77443751,8.577885752,15.19655176,1.584962501,0.57185905,1.013103451,18.29239096,1.21949273,1154.121372,1,5,0,0,1,10,0,0,1,1,1,1,1,1,0.866666667,0.066666667,0.933333333,0.133333333,0.904761905,0.866666667,0.861111111,0.821011909,0.953333333,0.880952381,0.861111111,0.866666667,0.001,0,0.001102,6.30E-05,1.102,0.063,4236,10633,2353,100,53.33333333,'Number of leaves: 4\nSize of the tree: 7\n',7,4,4
iris,4,2,weka.classifiers.trees.J48,'-C 0.25 -M 2 -A',-2.17733E+17,2.02E+07,135,15,15,0,0,100,0,0,1,0.038903528,0.042754894,8.753293808,9.069682661,23.77443751,1.3028868,22.47155071,1.584962501,0.08685912,1.498103381,22.47155071,1.498103381,1417.796995,1,5,0,0,1,10,0,0,1,1,1,1,1,1,1,0,1,0,1,1,1,1,1,1,1,1,0.001,0,7.02E-04,5.80E-05,0.702,0.058,4640,10633,2353,100,55.55555556,'Number of leaves: 5\nSize of the tree: 9\n',9,5,5
iris,4,3,weka.classifiers.trees.J48,'-C 0.25 -M 2 -A',-2.17733E+17,2.02E+07,135,15,13,2,0,86.66666667,13.33333333,0,0.8,0.134567901,0.301937332,30.27777778,64.05058042,23.77443751,11.95302096,11.82141655,1.584962501,0.796868064,0.788094437,17.65220416,1.176813611,1113.730082,1,5,0,0,1,10,0,0,1,1,1,1,1,1,0.866666667,0.066666667,0.933333333,0.133333333,0.866666667,0.866666667,0.866666667,0.8,0.926666667,0.816666667,0.866666667,0.866666667,0.001,0,6.24E-04,4.00E-05,0.624,0.04,4236,10633,2353,93.33333333,48.88888889,'Number of leaves: 4\nSize of the tree: 7\n',7,4,4
iris,4,4,weka.classifiers.trees.J48,'-C 0.25 -M 2 -A',-2.17733E+17,2.02E+07,135,15,13,2,0,86.66666667,13.33333333,0,0.8,0.140101697,0.298088518,31.52288188,63.23412374,23.77443751,11.20931333,12.56512418,1.584962501,0.747287555,0.837674946,17.45543926,1.16369595,1101.315599,0.8,4,0,0,1,10,0.2,1,1,0.8,0.888888889,0.852802865,0.94,0.9,0.866666667,0.066666667,0.933333333,0.133333333,0.877777778,0.866666667,0.865993266,0.80627609,0.92,0.812525253,0.865993266,0.866666667,0.001,0,6.44E-04,3.80E-05,0.644,0.038,4236,10633,2353,93.33333333,48.88888889,'Number of leaves: 4\nSize of the tree: 7\n',7,4,4
iris,4,5,weka.classifiers.trees.J48,'-C 0.25 -M 2 -A',-2.17733E+17,2.02E+07,135,15,15,0,0,100,0,0,1,0.038903528,0.042754894,8.753293808,9.069682661,23.77443751,1.3028868,22.47155071,1.584962501,0.08685912,1.498103381,22.47155071,1.498103381,1417.796995,1,5,0,0,1,10,0,0,1,1,1,1,1,1,1,0,1,0,1,1,1,1,1,1,1,1,0,0,6.79E-04,3.50E-05,0.679,0.035,4640,10633,2353,100,55.55555556,'Number of leaves: 5\nSize of the tree: 9\n',9,5,5
iris,4,6,weka.classifiers.trees.J48,'-C 0.25 -M 2 -A',-2.17733E+17,2.02E+07,135,15,15,0,0,100,0,0,1,0.053381643,0.083500691,12.01086957,17.71317136,23.77443751,1.928597018,21.84584049,1.584962501,0.128573135,1.456389366,21.84584049,1.456389366,1378.319076,1,5,0,0,1,10,0,0,1,1,1,1,1,1,1,0,1,0,1,1,1,1,1,1,1,1,0.001,0,0.001102,5.60E-05,1.102,0.056,4640,10633,2353,100,57.77777778,'Number of leaves: 5\nSize of the tree: 9\n',9,5,5
iris,4,7,weka.classifiers.trees.J48,'-C 0.25 -M 2 -A',-2.17733E+17,2.02E+07,135,15,15,0,0,100,0,0,1,0.038903528,0.042754894,8.753293808,9.069682661,23.77443751,1.3028868,22.47155071,1.584962501,0.08685912,1.498103381,22.47155071,1.498103381,1417.796995,1,5,0,0,1,10,0,0,1,1,1,1,1,1,1,0,1,0,1,1,1,1,1,1,1,1,0.002,0,0.00138,6.80E-05,1.38,0.068,4640,10633,2353,100,55.55555556,'Number of leaves: 5\nSize of the tree: 9\n',9,5,5
iris,4,8,weka.classifiers.trees.J48,'-C 0.25 -M 2 -A',-2.17733E+17,2.02E+07,135,15,15,0,0,100,0,0,1,0.038903528,0.042754894,8.753293808,9.069682661,23.77443751,1.3028868,22.47155071,1.584962501,0.08685912,1.498103381,22.47155071,1.498103381,1417.796995,1,5,0,0,1,10,0,0,1,1,1,1,1,1,1,0,1,0,1,1,1,1,1,1,1,1,0.002,0,0.001179,6.20E-05,1.179,0.062,4640,10633,2353,100,55.55555556,'Number of leaves: 5\nSize of the tree: 9\n',9,5,5
iris,4,9,weka.classifiers.trees.J48,'-C 0.25 -M 2 -A',-2.17733E+17,2.02E+07,135,15,14,1,0,93.33333333,6.666666667,0,0.9,0.074444444,0.206834319,16.75,43.87618487,23.77443751,6.524940222,17.24949729,1.584962501,0.434996015,1.149966486,20.60384686,1.373589791,1299.958002,1,5,0,0,1,10,0,0,1,1,1,1,1,1,0.933333333,0.033333333,0.966666667,0.066666667,0.944444444,0.933333333,0.932659933,0.90627609,0.966666667,0.911111111,0.932659933,0.933333333,0.001,0,0.001021,4.00E-05,1.021,0.04,4640,10633,2353,93.33333333,42.22222222,'Number of leaves: 5\nSize of the tree: 9\n',9,5,5
iris,4,10,weka.classifiers.trees.J48,'-C 0.25 -M 2 -A',-2.17733E+17,2.02E+07,135,15,15,0,0,100,0,0,1,0.038903528,0.042754894,8.753293808,9.069682661,23.77443751,1.3028868,22.47155071,1.584962501,0.08685912,1.498103381,22.47155071,1.498103381,1417.796995,1,5,0,0,1,10,0,0,1,1,1,1,1,1,1,0,1,0,1,1,1,1,1,1,1,1,0.001,0,8.86E-04,6.70E-05,0.886,0.067,4640,10633,2353,100,55.55555556,'Number of leaves: 5\nSize of the tree: 9\n',9,5,5
iris,5,1,weka.classifiers.trees.J48,'-C 0.25 -M 2 -A',-2.17733E+17,2.02E+07,135,15,15,0,0,100,0,0,1,0.038903528,0.042754894,8.753293808,9.069682661,23.77443751,1.3028868,22.47155071,1.584962501,0.08685912,1.498103381,22.47155071,1.498103381,1417.796995,1,5,0,0,1,10,0,0,1,1,1,1,1,1,1,0,1,0,1,1,1,1,1,1,1,1,0.002,0,0.001256,6.40E-05,1.256,0.064,4640,10633,2353,100,55.55555556,'Number of leaves: 5\nSize of the tree: 9\n',9,5,5
iris,5,2,weka.classifiers.trees.J48,'-C 0.25 -M 2 -A',-2.17733E+17,2.02E+07,135,15,13,2,0,86.66666667,13.33333333,0,0.8,0.133753041,0.301781286,30.09443417,64.01747819,23.77443751,11.92714658,11.84729093,1.584962501,0.795143105,0.789819395,17.68003635,1.17866909,1115.486098,1,5,0,0,1,10,0,0,1,1,1,1,1,1,0.866666667,0.066666667,0.933333333,0.133333333,0.866666667,0.866666667,0.866666667,0.8,0.926666667,0.816666667,0.866666667,0.866666667,0.002,0,0.001012,6.60E-05,1.012,0.066,4236,10633,2353,93.33333333,46.66666667,'Number of leaves: 4\nSize of the tree: 7\n',7,4,4
iris,5,3,weka.classifiers.trees.J48,'-C 0.25 -M 2 -A',-2.17733E+17,2.02E+07,135,15,14,1,0,93.33333333,6.666666667,0,0.9,0.07115942,0.157321782,16.01086957,33.37298967,23.77443751,3.513559519,20.26087799,1.584962501,0.234237301,1.350725199,20.73480918,1.382320612,1308.220805,1,5,0,0,1,10,0,0,1,1,1,1,1,1,0.933333333,0.033333333,0.966666667,0.066666667,0.944444444,0.933333333,0.932659933,0.90627609,1,1,0.932659933,0.933333333,0.001,0,0.00112,6.40E-05,1.12,0.064,4640,10633,2353,100,57.77777778,'Number of leaves: 5\nSize of the tree: 9\n',9,5,5
iris,5,4,weka.classifiers.trees.J48,'-C 0.25 -M 2 -A',-2.17733E+17,2.02E+07,135,15,15,0,0,100,0,0,1,0.038903528,0.042754894,8.753293808,9.069682661,23.77443751,1.3028868,22.47155071,1.584962501,0.08685912,1.498103381,22.47155071,1.498103381,1417.796995,1,5,0,0,1,10,0,0,1,1,1,1,1,1,1,0,1,0,1,1,1,1,1,1,1,1,0.001,0,0.001103,7.50E-05,1.103,0.075,4640,10633,2353,100,55.55555556,'Number of leaves: 5\nSize of the tree: 9\n',9,5,5
iris,5,5,weka.classifiers.trees.J48,'-C 0.25 -M 2 -A',-2.17733E+17,2.02E+07,135,15,14,1,0,93.33333333,6.666666667,0,0.9,0.069091625,0.152262835,15.54561573,32.29982501,23.77443751,3.197029726,20.57740779,1.584962501,0.213135315,1.371827186,20.82252028,1.388168019,1313.754759,1,5,0,0,1,10,0,0,1,1,1,1,1,1,0.933333333,0.033333333,0.966666667,0.066666667,0.944444444,0.933333333,0.932659933,0.90627609,1,1,0.932659933,0.933333333,0.001,0,0.001169,6.80E-05,1.169,0.068,4236,10633,2353,100,57.77777778,'Number of leaves: 4\nSize of the tree: 7\n',7,4,4
iris,5,6,weka.classifiers.trees.J48,'-C 0.25 -M 2 -A',-2.17733E+17,2.02E+07,135,15,14,1,0,93.33333333,6.666666667,0,0.9,0.080529937,0.206147638,18.11923584,43.73051784,23.77443751,6.765048212,17.0093893,1.584962501,0.451003214,1.133959287,20.39473511,1.359649008,1286.76452,0.8,4,0,0,1,10,0.2,1,1,0.8,0.888888889,0.852802865,0.85,0.866666667,0.933333333,0.033333333,0.966666667,0.066666667,0.944444444,0.933333333,0.932659933,0.90627609,0.933333333,0.9,0.932659933,0.933333333,0.002,0,0.001291,8.60E-05,1.291,0.086,4640,10633,2353,93.33333333,57.77777778,'Number of leaves: 5\nSize of the tree: 9\n',9,5,5
iris,5,7,weka.classifiers.trees.J48,'-C 0.25 -M 2 -A',-2.17733E+17,2.02E+07,135,15,15,0,0,100,0,0,1,0.038903528,0.042754894,8.753293808,9.069682661,23.77443751,1.3028868,22.47155071,1.584962501,0.08685912,1.498103381,22.47155071,1.498103381,1417.796995,1,5,0,0,1,10,0,0,1,1,1,1,1,1,1,0,1,0,1,1,1,1,1,1,1,1,0.002,0,0.001201,7.40E-05,1.201,0.074,4640,10633,2353,100,55.55555556,'Number of leaves: 5\nSize of the tree: 9\n',9,5,5
iris,5,8,weka.classifiers.trees.J48,'-C 0.25 -M 2 -A',-2.17733E+17,2.02E+07,135,15,14,1,0,93.33333333,6.666666667,0,0.9,0.074353547,0.20646801,16.72954808,43.79847909,23.77443751,6.457460161,17.31697735,1.584962501,0.430497344,1.154465157,20.60726444,1.373817629,1300.173627,1,5,0,0,1,10,0,0,1,1,1,1,1,1,0.933333333,0.033333333,0.966666667,0.066666667,0.944444444,0.933333333,0.932659933,0.90627609,0.966666667,0.911111111,0.932659933,0.933333333,0.001,0,0.001166,6.50E-05,1.166,0.065,4640,10633,2353,93.33333333,42.22222222,'Number of leaves: 5\nSize of the tree: 9\n',9,5,5
iris,5,9,weka.classifiers.trees.J48,'-C 0.25 -M 2 -A',-2.17733E+17,2.02E+07,135,15,14,1,0,93.33333333,6.666666667,0,0.9,0.074444444,0.206834319,16.75,43.87618487,23.77443751,6.524940222,17.24949729,1.584962501,0.434996015,1.149966486,20.60384686,1.373589791,1299.958002,1,5,0,0,1,10,0,0,1,1,1,1,1,1,0.933333333,0.033333333,0.966666667,0.066666667,0.944444444,0.933333333,0.932659933,0.90627609,0.966666667,0.911111111,0.932659933,0.933333333,0.002,0,0.001161,6.80E-05,1.161,0.068,4640,10633,2353,93.33333333,42.22222222,'Number of leaves: 5\nSize of the tree: 9\n',9,5,5
iris,5,10,weka.classifiers.trees.J48,'-C 0.25 -M 2 -A',-2.17733E+17,2.02E+07,135,15,15,0,0,100,0,0,1,0.053381643,0.083500691,12.01086957,17.71317136,23.77443751,1.928597018,21.84584049,1.584962501,0.128573135,1.456389366,21.84584049,1.456389366,1378.319076,1,5,0,0,1,10,0,0,1,1,1,1,1,1,1,0,1,0,1,1,1,1,1,1,1,1,0.001,0,0.001195,6.50E-05,1.195,0.065,4640,10633,2353,100,57.77777778,'Number of leaves: 5\nSize of the tree: 9\n',9,5,5
iris,6,1,weka.classifiers.trees.J48,'-C 0.25 -M 2 -A',-2.17733E+17,2.02E+07,135,15,14,1,0,93.33333333,6.666666667,0,0.9,0.07115942,0.157321782,16.01086957,33.37298967,23.77443751,3.513559519,20.26087799,1.584962501,0.234237301,1.350725199,20.73480918,1.382320612,1308.220805,1,5,0,0,1,10,0,0,1,1,1,1,1,1,0.933333333,0.033333333,0.966666667,0.066666667,0.944444444,0.933333333,0.932659933,0.90627609,1,1,0.932659933,0.933333333,0.001,0.001,0.001245,9.10E-05,1.245,0.091,4640,10633,2353,100,57.77777778,'Number of leaves: 5\nSize of the tree: 9\n',9,5,5
iris,6,2,weka.classifiers.trees.J48,'-C 0.25 -M 2 -A',-2.17733E+17,2.02E+07,135,15,14,1,0,93.33333333,6.666666667,0,0.9,0.080529937,0.206147638,18.11923584,43.73051784,23.77443751,6.765048212,17.0093893,1.584962501,0.451003214,1.133959287,20.39473511,1.359649008,1286.76452,0.8,4,0,0,1,10,0.2,1,1,0.8,0.888888889,0.852802865,0.85,0.866666667,0.933333333,0.033333333,0.966666667,0.066666667,0.944444444,0.933333333,0.932659933,0.90627609,0.933333333,0.9,0.932659933,0.933333333,0.003,0,0.001392,6.80E-05,1.392,0.068,4640,10633,2353,93.33333333,57.77777778,'Number of leaves: 5\nSize of the tree: 9\n',9,5,5
iris,6,3,weka.classifiers.trees.J48,'-C 0.25 -M 2 -A',-2.17733E+17,2.02E+07,135,15,14,1,0,93.33333333,6.666666667,0,0.9,0.074444444,0.206834319,16.75,43.87618487,23.77443751,6.524940222,17.24949729,1.584962501,0.434996015,1.149966486,20.60384686,1.373589791,1299.958002,1,5,0,0,1,10,0,0,1,1,1,1,1,1,0.933333333,0.033333333,0.966666667,0.066666667,0.944444444,0.933333333,0.932659933,0.90627609,0.966666667,0.911111111,0.932659933,0.933333333,0.001,0,0.001053,6.10E-05,1.053,0.061,4640,10633,2353,93.33333333,42.22222222,'Number of leaves: 5\nSize of the tree: 9\n',9,5,5
iris,6,4,weka.classifiers.trees.J48,'-C 0.25 -M 2 -A',-2.17733E+17,2.02E+07,135,15,13,2,0,86.66666667,13.33333333,0,0.8,0.111902715,0.289449142,25.1781109,61.40143532,23.77443751,11.74964421,12.0247933,1.584962501,0.783309614,0.801652887,18.67014027,1.244676018,1177.9547,1,5,0,0,1,10,0,0,1,1,1,1,1,1,0.866666667,0.066666667,0.933333333,0.133333333,0.904761905,0.866666667,0.861111111,0.821011909,0.933333333,0.838095238,0.861111111,0.866666667,0.001,0,9.45E-04,7.90E-05,0.945,0.079,4236,10633,2353,86.66666667,33.33333333,'Number of leaves: 4\nSize of the tree: 7\n',7,4,4
iris,6,5,weka.classifiers.trees.J48,'-C 0.25 -M 2 -A',-2.17733E+17,2.02E+07,135,15,15,0,0,100,0,0,1,0.038903528,0.042754894,8.753293808,9.069682661,23.77443751,1.3028868,22.47155071,1.584962501,0.08685912,1.498103381,22.47155071,1.498103381,1417.796995,1,5,0,0,1,10,0,0,1,1,1,1,1,1,1,0,1,0,1,1,1,1,1,1,1,1,0.001,0,0.00101,5.00E-05,1.01,0.05,4640,10633,2353,100,55.55555556,'Number of leaves: 5\nSize of the tree: 9\n',9,5,5
iris,6,6,weka.classifiers.trees.J48,'-C 0.25 -M 2 -A',-2.17733E+17,2.02E+07,135,15,14,1,0,93.33333333,6.666666667,0,0.9,0.08325228,0.163902622,18.73176292,34.76899675,23.77443751,3.700484194,20.07395332,1.584962501,0.246698946,1.338263554,20.19681006,1.346454004,1274.27684,1,5,0,0,1,10,0,0,1,1,1,1,1,1,0.933333333,0.033333333,0.966666667,0.066666667,0.944444444,0.933333333,0.932659933,0.90627609,0.993333333,0.977777778,0.932659933,0.933333333,0.001,0,8.74E-04,4.40E-05,0.874,0.044,4236,10633,2353,100,60,'Number of leaves: 4\nSize of the tree: 7\n',7,4,4
iris,6,7,weka.classifiers.trees.J48,'-C 0.25 -M 2 -A',-2.17733E+17,2.02E+07,135,15,15,0,0,100,0,0,1,0.053381643,0.083500691,12.01086957,17.71317136,23.77443751,1.928597018,21.84584049,1.584962501,0.128573135,1.456389366,21.84584049,1.456389366,1378.319076,1,5,0,0,1,10,0,0,1,1,1,1,1,1,1,0,1,0,1,1,1,1,1,1,1,1,0,0.001,6.77E-04,4.20E-05,0.677,0.042,4640,10633,2353,100,57.77777778,'Number of leaves: 5\nSize of the tree: 9\n',9,5,5
iris,6,8,weka.classifiers.trees.J48,'-C 0.25 -M 2 -A',-2.17733E+17,2.02E+07,135,15,14,1,0,93.33333333,6.666666667,0,0.9,0.0778487,0.203630136,17.51595745,43.19647501,23.77443751,5.735520434,18.03891708,1.584962501,0.382368029,1.202594472,20.48631668,1.365754445,1292.542674,1,5,0,0,1,10,0,0,1,1,1,1,1,1,0.933333333,0.033333333,0.966666667,0.066666667,0.944444444,0.933333333,0.932659933,0.90627609,0.966666667,0.911111111,0.932659933,0.933333333,0.001,0,7.94E-04,3.90E-05,0.794,0.039,4236,10633,2353,100,55.55555556,'Number of leaves: 4\nSize of the tree: 7\n',7,4,4
iris,6,9,weka.classifiers.trees.J48,'-C 0.25 -M 2 -A',-2.17733E+17,2.02E+07,135,15,15,0,0,100,0,0,1,0.038903528,0.042754894,8.753293808,9.069682661,23.77443751,1.3028868,22.47155071,1.584962501,0.08685912,1.498103381,22.47155071,1.498103381,1417.796995,1,5,0,0,1,10,0,0,1,1,1,1,1,1,1,0,1,0,1,1,1,1,1,1,1,1,0.001,0,6.65E-04,3.80E-05,0.665,0.038,4640,10633,2353,100,55.55555556,'Number of leaves: 5\nSize of the tree: 9\n',9,5,5
iris,6,10,weka.classifiers.trees.J48,'-C 0.25 -M 2 -A',-2.17733E+17,2.02E+07,135,15,15,0,0,100,0,0,1,0.038903528,0.042754894,8.753293808,9.069682661,23.77443751,1.3028868,22.47155071,1.584962501,0.08685912,1.498103381,22.47155071,1.498103381,1417.796995,1,5,0,0,1,10,0,0,1,1,1,1,1,1,1,0,1,0,1,1,1,1,1,1,1,1,0.001,0,6.80E-04,4.40E-05,0.68,0.044,4640,10633,2353,100,55.55555556,'Number of leaves: 5\nSize of the tree: 9\n',9,5,5
iris,7,1,weka.classifiers.trees.J48,'-C 0.25 -M 2 -A',-2.17733E+17,2.02E+07,135,15,15,0,0,100,0,0,1,0.053381643,0.083500691,12.01086957,17.71317136,23.77443751,1.928597018,21.84584049,1.584962501,0.128573135,1.456389366,21.84584049,1.456389366,1378.319076,1,5,0,0,1,10,0,0,1,1,1,1,1,1,1,0,1,0,1,1,1,1,1,1,1,1,0.001,0,0.001057,6.10E-05,1.057,0.061,4640,10633,2353,100,57.77777778,'Number of leaves: 5\nSize of the tree: 9\n',9,5,5
iris,7,2,weka.classifiers.trees.J48,'-C 0.25 -M 2 -A',-2.17733E+17,2.02E+07,135,15,13,2,0,86.66666667,13.33333333,0,0.8,0.12089115,0.265421787,27.20050879,56.30446369,23.77443751,8.577885752,15.19655176,1.584962501,0.57185905,1.013103451,18.29239096,1.21949273,1154.121372,1,5,0,0,1,10,0,0,1,1,1,1,1,1,0.866666667,0.066666667,0.933333333,0.133333333,0.904761905,0.866666667,0.861111111,0.821011909,0.953333333,0.880952381,0.861111111,0.866666667,0.001,0,0.001039,6.70E-05,1.039,0.067,4236,10633,2353,100,53.33333333,'Number of leaves: 4\nSize of the tree: 7\n',7,4,4
iris,7,3,weka.classifiers.trees.J48,'-C 0.25 -M 2 -A',-2.17733E+17,2.02E+07,135,15,12,3,0,80,20,0,0.7,0.166071169,0.338769243,37.36601307,71.86380878,23.77443751,13.63991802,10.13451949,1.584962501,0.909327868,0.675634633,16.14774033,1.076516022,1018.808983,0.8,4,0,0,1,10,0.2,1,1,0.8,0.888888889,0.852802865,0.97,0.925,0.8,0.1,0.9,0.2,0.821428571,0.8,0.796296296,0.713911201,0.9,0.757034632,0.796296296,0.8,0.001,0,0.001026,6.60E-05,1.026,0.066,3832,10633,2353,93.33333333,57.77777778,'Number of leaves: 3\nSize of the tree: 5\n',5,3,3
iris,7,4,weka.classifiers.trees.J48,'-C 0.25 -M 2 -A',-2.17733E+17,2.02E+07,135,15,14,1,0,93.33333333,6.666666667,0,0.9,0.074353547,0.20646801,16.72954808,43.79847909,23.77443751,6.457460161,17.31697735,1.584962501,0.430497344,1.154465157,20.60726444,1.373817629,1300.173627,1,5,0,0,1,10,0,0,1,1,1,1,1,1,0.933333333,0.033333333,0.966666667,0.066666667,0.944444444,0.933333333,0.932659933,0.90627609,0.966666667,0.911111111,0.932659933,0.933333333,0.001,0.001,0.00103,6.30E-05,1.03,0.063,4640,10633,2353,93.33333333,42.22222222,'Number of leaves: 5\nSize of the tree: 9\n',9,5,5
iris,7,5,weka.classifiers.trees.J48,'-C 0.25 -M 2 -A',-2.17733E+17,2.02E+07,135,15,14,1,0,93.33333333,6.666666667,0,0.9,0.07115942,0.157321782,16.01086957,33.37298967,23.77443751,3.513559519,20.26087799,1.584962501,0.234237301,1.350725199,20.73480918,1.382320612,1308.220805,1,5,0,0,1,10,0,0,1,1,1,1,1,1,0.933333333,0.033333333,0.966666667,0.066666667,0.944444444,0.933333333,0.932659933,0.90627609,1,1,0.932659933,0.933333333,0.001,0,0.001163,6.30E-05,1.163,0.063,4640,10633,2353,100,57.77777778,'Number of leaves: 5\nSize of the tree: 9\n',9,5,5
iris,7,6,weka.classifiers.trees.J48,'-C 0.25 -M 2 -A',-2.17733E+17,2.02E+07,135,15,15,0,0,100,0,0,1,0.038903528,0.042754894,8.753293808,9.069682661,23.77443751,1.3028868,22.47155071,1.584962501,0.08685912,1.498103381,22.47155071,1.498103381,1417.796995,1,5,0,0,1,10,0,0,1,1,1,1,1,1,1,0,1,0,1,1,1,1,1,1,1,1,0.001,0,0.001061,7.00E-05,1.061,0.07,4640,10633,2353,100,55.55555556,'Number of leaves: 5\nSize of the tree: 9\n',9,5,5
iris,7,7,weka.classifiers.trees.J48,'-C 0.25 -M 2 -A',-2.17733E+17,2.02E+07,135,15,14,1,0,93.33333333,6.666666667,0,0.9,0.074444444,0.206834319,16.75,43.87618487,23.77443751,6.524940222,17.24949729,1.584962501,0.434996015,1.149966486,20.60384686,1.373589791,1299.958002,1,5,0,0,1,10,0,0,1,1,1,1,1,1,0.933333333,0.033333333,0.966666667,0.066666667,0.944444444,0.933333333,0.932659933,0.90627609,0.966666667,0.911111111,0.932659933,0.933333333,0.001,0,9.12E-04,6.10E-05,0.912,0.061,4640,10633,2353,93.33333333,42.22222222,'Number of leaves: 5\nSize of the tree: 9\n',9,5,5
iris,7,8,weka.classifiers.trees.J48,'-C 0.25 -M 2 -A',-2.17733E+17,2.02E+07,135,15,15,0,0,100,0,0,1,0.038903528,0.042754894,8.753293808,9.069682661,23.77443751,1.3028868,22.47155071,1.584962501,0.08685912,1.498103381,22.47155071,1.498103381,1417.796995,1,5,0,0,1,10,0,0,1,1,1,1,1,1,1,0,1,0,1,1,1,1,1,1,1,1,0.001,0,0.001105,6.50E-05,1.105,0.065,4640,10633,2353,100,55.55555556,'Number of leaves: 5\nSize of the tree: 9\n',9,5,5
iris,7,9,weka.classifiers.trees.J48,'-C 0.25 -M 2 -A',-2.17733E+17,2.02E+07,135,15,14,1,0,93.33333333,6.666666667,0,0.9,0.0778487,0.203630136,17.51595745,43.19647501,23.77443751,5.735520434,18.03891708,1.584962501,0.382368029,1.202594472,20.48631668,1.365754445,1292.542674,1,5,0,0,1,10,0,0,1,1,1,1,1,1,0.933333333,0.033333333,0.966666667,0.066666667,0.944444444,0.933333333,0.932659933,0.90627609,0.966666667,0.911111111,0.932659933,0.933333333,0.001,0.001,0.001097,6.60E-05,1.097,0.066,4236,10633,2353,100,55.55555556,'Number of leaves: 4\nSize of the tree: 7\n',7,4,4
iris,7,10,weka.classifiers.trees.J48,'-C 0.25 -M 2 -A',-2.17733E+17,2.02E+07,135,15,15,0,0,100,0,0,1,0.038903528,0.042754894,8.753293808,9.069682661,23.77443751,1.3028868,22.47155071,1.584962501,0.08685912,1.498103381,22.47155071,1.498103381,1417.796995,1,5,0,0,1,10,0,0,1,1,1,1,1,1,1,0,1,0,1,1,1,1,1,1,1,1,0.001,0,0.001202,6.30E-05,1.202,0.063,4640,10633,2353,100,55.55555556,'Number of leaves: 5\nSize of the tree: 9\n',9,5,5
iris,8,1,weka.classifiers.trees.J48,'-C 0.25 -M 2 -A',-2.17733E+17,2.02E+07,135,15,14,1,0,93.33333333,6.666666667,0,0.9,0.074272678,0.202408951,16.71135266,42.93742246,23.77443751,5.553055537,18.22138197,1.584962501,0.370203702,1.214758798,20.60889841,1.373926561,1300.27672,1,5,0,0,1,10,0,0,1,1,1,1,1,1,0.933333333,0.033333333,0.966666667,0.066666667,0.944444444,0.933333333,0.932659933,0.90627609,0.966666667,0.911111111,0.932659933,0.933333333,0.001,0,0.001178,1.06E-04,1.178,0.106,4236,10633,2353,100,46.66666667,'Number of leaves: 4\nSize of the tree: 7\n',7,4,4
iris,8,2,weka.classifiers.trees.J48,'-C 0.25 -M 2 -A',-2.17733E+17,2.02E+07,135,15,15,0,0,100,0,0,1,0.053381643,0.083500691,12.01086957,17.71317136,23.77443751,1.928597018,21.84584049,1.584962501,0.128573135,1.456389366,21.84584049,1.456389366,1378.319076,1,5,0,0,1,10,0,0,1,1,1,1,1,1,1,0,1,0,1,1,1,1,1,1,1,1,0.001,0,0.001155,8.30E-05,1.155,0.083,4640,10633,2353,100,57.77777778,'Number of leaves: 5\nSize of the tree: 9\n',9,5,5
iris,8,3,weka.classifiers.trees.J48,'-C 0.25 -M 2 -A',-2.17733E+17,2.02E+07,135,15,14,1,0,93.33333333,6.666666667,0,0.9,0.069091625,0.152262835,15.54561573,32.29982501,23.77443751,3.197029726,20.57740779,1.584962501,0.213135315,1.371827186,20.82252028,1.388168019,1313.754759,1,5,0,0,1,10,0,0,1,1,1,1,1,1,0.933333333,0.033333333,0.966666667,0.066666667,0.944444444,0.933333333,0.932659933,0.90627609,1,1,0.932659933,0.933333333,0.001,0,0.001175,6.30E-05,1.175,0.063,4236,10633,2353,100,57.77777778,'Number of leaves: 4\nSize of the tree: 7\n',7,4,4
iris,8,4,weka.classifiers.trees.J48,'-C 0.25 -M 2 -A',-2.17733E+17,2.02E+07,135,15,15,0,0,100,0,0,1,0.038903528,0.042754894,8.753293808,9.069682661,23.77443751,1.3028868,22.47155071,1.584962501,0.08685912,1.498103381,22.47155071,1.498103381,1417.796995,1,5,0,0,1,10,0,0,1,1,1,1,1,1,1,0,1,0,1,1,1,1,1,1,1,1,0.001,0,0.00115,5.70E-05,1.15,0.057,4640,10633,2353,100,55.55555556,'Number of leaves: 5\nSize of the tree: 9\n',9,5,5
iris,8,5,weka.classifiers.trees.J48,'-C 0.25 -M 2 -A',-2.17733E+17,2.02E+07,135,15,15,0,0,100,0,0,1,0.038903528,0.042754894,8.753293808,9.069682661,23.77443751,1.3028868,22.47155071,1.584962501,0.08685912,1.498103381,22.47155071,1.498103381,1417.796995,1,5,0,0,1,10,0,0,1,1,1,1,1,1,1,0,1,0,1,1,1,1,1,1,1,1,0.001,0.001,0.001166,5.80E-05,1.166,0.058,4640,10633,2353,100,55.55555556,'Number of leaves: 5\nSize of the tree: 9\n',9,5,5
iris,8,6,weka.classifiers.trees.J48,'-C 0.25 -M 2 -A',-2.17733E+17,2.02E+07,135,15,12,3,0,80,20,0,0.7,0.163658615,0.340087095,36.82318841,72.14336725,23.77443751,14.22907782,9.545359692,1.584962501,0.948605188,0.636357313,16.23688807,1.082459205,1024.433579,0.8,4,0,0,1,10,0.2,1,1,0.8,0.888888889,0.852802865,0.87,0.866666667,0.8,0.1,0.9,0.2,0.875,0.8,0.802706553,0.740449158,0.866666667,0.757828283,0.802706553,0.8,0.001,0,0.001038,6.00E-05,1.038,0.06,3832,10633,2353,93.33333333,57.77777778,'Number of leaves: 3\nSize of the tree: 5\n',5,3,3
iris,8,7,weka.classifiers.trees.J48,'-C 0.25 -M 2 -A',-2.17733E+17,2.02E+07,135,15,14,1,0,93.33333333,6.666666667,0,0.9,0.07115942,0.157321782,16.01086957,33.37298967,23.77443751,3.513559519,20.26087799,1.584962501,0.234237301,1.350725199,20.73480918,1.382320612,1308.220805,1,5,0,0,1,10,0,0,1,1,1,1,1,1,0.933333333,0.033333333,0.966666667,0.066666667,0.944444444,0.933333333,0.932659933,0.90627609,1,1,0.932659933,0.933333333,0.001,0,0.001118,6.00E-05,1.118,0.06,4640,10633,2353,100,57.77777778,'Number of leaves: 5\nSize of the tree: 9\n',9,5,5
iris,8,8,weka.classifiers.trees.J48,'-C 0.25 -M 2 -A',-2.17733E+17,2.02E+07,135,15,15,0,0,100,0,0,1,0.038903528,0.042754894,8.753293808,9.069682661,23.77443751,1.3028868,22.47155071,1.584962501,0.08685912,1.498103381,22.47155071,1.498103381,1417.796995,1,5,0,0,1,10,0,0,1,1,1,1,1,1,1,0,1,0,1,1,1,1,1,1,1,1,0.001,0,6.63E-04,4.20E-05,0.663,0.042,4640,10633,2353,100,55.55555556,'Number of leaves: 5\nSize of the tree: 9\n',9,5,5
iris,8,9,weka.classifiers.trees.J48,'-C 0.25 -M 2 -A',-2.17733E+17,2.02E+07,135,15,14,1,0,93.33333333,6.666666667,0,0.9,0.074353547,0.20646801,16.72954808,43.79847909,23.77443751,6.457460161,17.31697735,1.584962501,0.430497344,1.154465157,20.60726444,1.373817629,1300.173627,1,5,0,0,1,10,0,0,1,1,1,1,1,1,0.933333333,0.033333333,0.966666667,0.066666667,0.944444444,0.933333333,0.932659933,0.90627609,0.966666667,0.911111111,0.932659933,0.933333333,0.001,0,6.23E-04,3.90E-05,0.623,0.039,4640,10633,2353,93.33333333,42.22222222,'Number of leaves: 5\nSize of the tree: 9\n',9,5,5
iris,8,10,weka.classifiers.trees.J48,'-C 0.25 -M 2 -A',-2.17733E+17,2.02E+07,135,15,13,2,0,86.66666667,13.33333333,0,0.8,0.108346253,0.256357617,24.37790698,54.38166288,23.77443751,8.728189267,15.04624824,1.584962501,0.581879284,1.003083216,18.81046652,1.254031101,1186.8083,1,5,0,0,1,10,0,0,1,1,1,1,1,1,0.866666667,0.066666667,0.933333333,0.133333333,0.866666667,0.866666667,0.866666667,0.8,0.96,0.902222222,0.866666667,0.866666667,0,0,6.28E-04,3.90E-05,0.628,0.039,5044,10633,2353,93.33333333,46.66666667,'Number of leaves: 6\nSize of the tree: 11\n',11,6,6
iris,9,1,weka.classifiers.trees.J48,'-C 0.25 -M 2 -A',-2.17733E+17,2.02E+07,135,15,15,0,0,100,0,0,1,0.038903528,0.042754894,8.753293808,9.069682661,23.77443751,1.3028868,22.47155071,1.584962501,0.08685912,1.498103381,22.47155071,1.498103381,1417.796995,1,5,0,0,1,10,0,0,1,1,1,1,1,1,1,0,1,0,1,1,1,1,1,1,1,1,0.001,0,0.001078,6.40E-05,1.078,0.064,4640,10633,2353,100,55.55555556,'Number of leaves: 5\nSize of the tree: 9\n',9,5,5
iris,9,2,weka.classifiers.trees.J48,'-C 0.25 -M 2 -A',-2.17733E+17,2.02E+07,135,15,14,1,0,93.33333333,6.666666667,0,0.9,0.0778487,0.203630136,17.51595745,43.19647501,23.77443751,5.735520434,18.03891708,1.584962501,0.382368029,1.202594472,20.48631668,1.365754445,1292.542674,1,5,0,0,1,10,0,0,1,1,1,1,1,1,0.933333333,0.033333333,0.966666667,0.066666667,0.944444444,0.933333333,0.932659933,0.90627609,0.966666667,0.911111111,0.932659933,0.933333333,0.001,0,0.001251,5.70E-05,1.251,0.057,4236,10633,2353,100,55.55555556,'Number of leaves: 4\nSize of the tree: 7\n',7,4,4
iris,9,3,weka.classifiers.trees.J48,'-C 0.25 -M 2 -A',-2.17733E+17,2.02E+07,135,15,13,2,0,86.66666667,13.33333333,0,0.8,0.121954911,0.276102622,27.43985507,58.5702109,23.77443751,8.646622174,15.12781534,1.584962501,0.576441478,1.008521022,18.31626618,1.221084412,1155.627731,1,5,0,0,1,10,0,0,1,1,1,1,1,1,0.866666667,0.066666667,0.933333333,0.133333333,0.904761905,0.866666667,0.861111111,0.821011909,0.933333333,0.838095238,0.861111111,0.866666667,0.001,0,9.85E-04,6.40E-05,0.985,0.064,3832,10633,2353,100,55.55555556,'Number of leaves: 3\nSize of the tree: 5\n',5,3,3
iris,9,4,weka.classifiers.trees.J48,'-C 0.25 -M 2 -A',-2.17733E+17,2.02E+07,135,15,14,1,0,93.33333333,6.666666667,0,0.9,0.074272678,0.202408951,16.71135266,42.93742246,23.77443751,5.553055537,18.22138197,1.584962501,0.370203702,1.214758798,20.60889841,1.373926561,1300.27672,1,5,0,0,1,10,0,0,1,1,1,1,1,1,0.933333333,0.033333333,0.966666667,0.066666667,0.944444444,0.933333333,0.932659933,0.90627609,0.966666667,0.911111111,0.932659933,0.933333333,0.001,0,9.78E-04,5.80E-05,0.978,0.058,4236,10633,2353,100,46.66666667,'Number of leaves: 4\nSize of the tree: 7\n',7,4,4
iris,9,5,weka.classifiers.trees.J48,'-C 0.25 -M 2 -A',-2.17733E+17,2.02E+07,135,15,14,1,0,93.33333333,6.666666667,0,0.9,0.069091625,0.152262835,15.54561573,32.29982501,23.77443751,3.197029726,20.57740779,1.584962501,0.213135315,1.371827186,20.82252028,1.388168019,1313.754759,1,5,0,0,1,10,0,0,1,1,1,1,1,1,0.933333333,0.033333333,0.966666667,0.066666667,0.944444444,0.933333333,0.932659933,0.90627609,1,1,0.932659933,0.933333333,0.001,0,0.001134,6.70E-05,1.134,0.067,4236,10633,2353,100,57.77777778,'Number of leaves: 4\nSize of the tree: 7\n',7,4,4
iris,9,6,weka.classifiers.trees.J48,'-C 0.25 -M 2 -A',-2.17733E+17,2.02E+07,135,15,14,1,0,93.33333333,6.666666667,0,0.9,0.080529937,0.206147638,18.11923584,43.73051784,23.77443751,6.765048212,17.0093893,1.584962501,0.451003214,1.133959287,20.39473511,1.359649008,1286.76452,0.8,4,0,0,1,10,0.2,1,1,0.8,0.888888889,0.852802865,0.85,0.866666667,0.933333333,0.033333333,0.966666667,0.066666667,0.944444444,0.933333333,0.932659933,0.90627609,0.933333333,0.9,0.932659933,0.933333333,0,0.001,6.88E-04,4.30E-05,0.688,0.043,4640,10633,2353,93.33333333,57.77777778,'Number of leaves: 5\nSize of the tree: 9\n',9,5,5
iris,9,7,weka.classifiers.trees.J48,'-C 0.25 -M 2 -A',-2.17733E+17,2.02E+07,135,15,14,1,0,93.33333333,6.666666667,0,0.9,0.074353547,0.20646801,16.72954808,43.79847909,23.77443751,6.457460161,17.31697735,1.584962501,0.430497344,1.154465157,20.60726444,1.373817629,1300.173627,1,5,0,0,1,10,0,0,1,1,1,1,1,1,0.933333333,0.033333333,0.966666667,0.066666667,0.944444444,0.933333333,0.932659933,0.90627609,0.966666667,0.911111111,0.932659933,0.933333333,0,0.001,7.23E-04,4.40E-05,0.723,0.044,4640,10633,2353,93.33333333,42.22222222,'Number of leaves: 5\nSize of the tree: 9\n',9,5,5
iris,9,8,weka.classifiers.trees.J48,'-C 0.25 -M 2 -A',-2.17733E+17,2.02E+07,135,15,14,1,0,93.33333333,6.666666667,0,0.9,0.07115942,0.157321782,16.01086957,33.37298967,23.77443751,3.513559519,20.26087799,1.584962501,0.234237301,1.350725199,20.73480918,1.382320612,1308.220805,1,5,0,0,1,10,0,0,1,1,1,1,1,1,0.933333333,0.033333333,0.966666667,0.066666667,0.944444444,0.933333333,0.932659933,0.90627609,1,1,0.932659933,0.933333333,0.001,0.001,0.001133,6.70E-05,1.133,0.067,4640,10633,2353,100,57.77777778,'Number of leaves: 5\nSize of the tree: 9\n',9,5,5
iris,9,9,weka.classifiers.trees.J48,'-C 0.25 -M 2 -A',-2.17733E+17,2.02E+07,135,15,14,1,0,93.33333333,6.666666667,0,0.9,0.074444444,0.206834319,16.75,43.87618487,23.77443751,6.524940222,17.24949729,1.584962501,0.434996015,1.149966486,20.60384686,1.373589791,1299.958002,1,5,0,0,1,10,0,0,1,1,1,1,1,1,0.933333333,0.033333333,0.966666667,0.066666667,0.944444444,0.933333333,0.932659933,0.90627609,0.966666667,0.911111111,0.932659933,0.933333333,0.001,0,0.001078,6.30E-05,1.078,0.063,4640,10633,2353,93.33333333,42.22222222,'Number of leaves: 5\nSize of the tree: 9\n',9,5,5
iris,9,10,weka.classifiers.trees.J48,'-C 0.25 -M 2 -A',-2.17733E+17,2.02E+07,135,15,15,0,0,100,0,0,1,0.038903528,0.042754894,8.753293808,9.069682661,23.77443751,1.3028868,22.47155071,1.584962501,0.08685912,1.498103381,22.47155071,1.498103381,1417.796995,1,5,0,0,1,10,0,0,1,1,1,1,1,1,1,0,1,0,1,1,1,1,1,1,1,1,0.001,0,7.31E-04,4.10E-05,0.731,0.041,4640,10633,2353,100,55.55555556,'Number of leaves: 5\nSize of the tree: 9\n',9,5,5
iris,10,1,weka.classifiers.trees.J48,'-C 0.25 -M 2 -A',-2.17733E+17,2.02E+07,135,15,15,0,0,100,0,0,1,0.038903528,0.042754894,8.753293808,9.069682661,23.77443751,1.3028868,22.47155071,1.584962501,0.08685912,1.498103381,22.47155071,1.498103381,1417.796995,1,5,0,0,1,10,0,0,1,1,1,1,1,1,1,0,1,0,1,1,1,1,1,1,1,1,0.002,0,0.001443,1.11E-04,1.443,0.111,4640,10633,2353,100,55.55555556,'Number of leaves: 5\nSize of the tree: 9\n',9,5,5
iris,10,2,weka.classifiers.trees.J48,'-C 0.25 -M 2 -A',-2.17733E+17,2.02E+07,135,15,14,1,0,93.33333333,6.666666667,0,0.9,0.080529937,0.206147638,18.11923584,43.73051784,23.77443751,6.765048212,17.0093893,1.584962501,0.451003214,1.133959287,20.39473511,1.359649008,1286.76452,0.8,4,0,0,1,10,0.2,1,1,0.8,0.888888889,0.852802865,0.85,0.866666667,0.933333333,0.033333333,0.966666667,0.066666667,0.944444444,0.933333333,0.932659933,0.90627609,0.933333333,0.9,0.932659933,0.933333333,0.001,0,0.001145,6.60E-05,1.145,0.066,4640,10633,2353,93.33333333,57.77777778,'Number of leaves: 5\nSize of the tree: 9\n',9,5,5
iris,10,3,weka.classifiers.trees.J48,'-C 0.25 -M 2 -A',-2.17733E+17,2.02E+07,135,15,15,0,0,100,0,0,1,0.038903528,0.042754894,8.753293808,9.069682661,23.77443751,1.3028868,22.47155071,1.584962501,0.08685912,1.498103381,22.47155071,1.498103381,1417.796995,1,5,0,0,1,10,0,0,1,1,1,1,1,1,1,0,1,0,1,1,1,1,1,1,1,1,0.002,0,0.001064,1.09E-04,1.064,0.109,4640,10633,2353,100,55.55555556,'Number of leaves: 5\nSize of the tree: 9\n',9,5,5
iris,10,4,weka.classifiers.trees.J48,'-C 0.25 -M 2 -A',-2.17733E+17,2.02E+07,135,15,13,2,0,86.66666667,13.33333333,0,0.8,0.107677484,0.256363626,24.22743391,54.3829376,23.77443751,8.737448152,15.03698936,1.584962501,0.582496543,1.002465957,18.83359403,1.255572935,1188.267484,1,5,0,0,1,10,0,0,1,1,1,1,1,1,0.866666667,0.066666667,0.933333333,0.133333333,0.866666667,0.866666667,0.866666667,0.8,0.96,0.902222222,0.866666667,0.866666667,0.001,0,0.001048,5.60E-05,1.048,0.056,4640,10633,2353,93.33333333,46.66666667,'Number of leaves: 5\nSize of the tree: 9\n',9,5,5
iris,10,5,weka.classifiers.trees.J48,'-C 0.25 -M 2 -A',-2.17733E+17,2.02E+07,135,15,15,0,0,100,0,0,1,0.053381643,0.083500691,12.01086957,17.71317136,23.77443751,1.928597018,21.84584049,1.584962501,0.128573135,1.456389366,21.84584049,1.456389366,1378.319076,1,5,0,0,1,10,0,0,1,1,1,1,1,1,1,0,1,0,1,1,1,1,1,1,1,1,0,0,6.75E-04,4.40E-05,0.675,0.044,4640,10633,2353,100,57.77777778,'Number of leaves: 5\nSize of the tree: 9\n',9,5,5
iris,10,6,weka.classifiers.trees.J48,'-C 0.25 -M 2 -A',-2.17733E+17,2.02E+07,135,15,15,0,0,100,0,0,1,0.038903528,0.042754894,8.753293808,9.069682661,23.77443751,1.3028868,22.47155071,1.584962501,0.08685912,1.498103381,22.47155071,1.498103381,1417.796995,1,5,0,0,1,10,0,0,1,1,1,1,1,1,1,0,1,0,1,1,1,1,1,1,1,1,0.001,0,6.83E-04,4.40E-05,0.683,0.044,4640,10633,2353,100,55.55555556,'Number of leaves: 5\nSize of the tree: 9\n',9,5,5
iris,10,7,weka.classifiers.trees.J48,'-C 0.25 -M 2 -A',-2.17733E+17,2.02E+07,135,15,14,1,0,93.33333333,6.666666667,0,0.9,0.0778487,0.203630136,17.51595745,43.19647501,23.77443751,5.735520434,18.03891708,1.584962501,0.382368029,1.202594472,20.48631668,1.365754445,1292.542674,1,5,0,0,1,10,0,0,1,1,1,1,1,1,0.933333333,0.033333333,0.966666667,0.066666667,0.944444444,0.933333333,0.932659933,0.90627609,0.966666667,0.911111111,0.932659933,0.933333333,0.001,0,6.48E-04,4.40E-05,0.648,0.044,4236,10633,2353,100,55.55555556,'Number of leaves: 4\nSize of the tree: 7\n',7,4,4
iris,10,8,weka.classifiers.trees.J48,'-C 0.25 -M 2 -A',-2.17733E+17,2.02E+07,135,15,14,1,0,93.33333333,6.666666667,0,0.9,0.089066023,0.218952762,20.03985507,46.44689493,23.77443751,7.155654726,16.61878278,1.584962501,0.477043648,1.107918852,19.97313236,1.331542157,1260.164348,1,5,0,0,1,10,0,0,1,1,1,1,1,1,0.933333333,0.033333333,0.966666667,0.066666667,0.944444444,0.933333333,0.932659933,0.90627609,0.966666667,0.911111111,0.932659933,0.933333333,0.001,0,6.37E-04,5.40E-05,0.637,0.054,4640,10633,2353,93.33333333,44.44444444,'Number of leaves: 5\nSize of the tree: 9\n',9,5,5
iris,10,9,weka.classifiers.trees.J48,'-C 0.25 -M 2 -A',-2.17733E+17,2.02E+07,135,15,14,1,0,93.33333333,6.666666667,0,0.9,0.074272678,0.202408951,16.71135266,42.93742246,23.77443751,5.553055537,18.22138197,1.584962501,0.370203702,1.214758798,20.60889841,1.373926561,1300.27672,1,5,0,0,1,10,0,0,1,1,1,1,1,1,0.933333333,0.033333333,0.966666667,0.066666667,0.944444444,0.933333333,0.932659933,0.90627609,0.966666667,0.911111111,0.932659933,0.933333333,0.001,0,9.88E-04,5.90E-05,0.988,0.059,4236,10633,2353,100,46.66666667,'Number of leaves: 4\nSize of the tree: 7\n',7,4,4
iris,10,10,weka.classifiers.trees.J48,'-C 0.25 -M 2 -A',-2.17733E+17,2.02E+07,135,15,14,1,0,93.33333333,6.666666667,0,0.9,0.069091625,0.152262835,15.54561573,32.29982501,23.77443751,3.197029726,20.57740779,1.584962501,0.213135315,1.371827186,20.82252028,1.388168019,1313.754759,1,5,0,0,1,10,0,0,1,1,1,1,1,1,0.933333333,0.033333333,0.966666667,0.066666667,0.944444444,0.933333333,0.932659933,0.90627609,1,1,0.932659933,0.933333333,0.001,0,0.00118,6.50E-05,1.18,0.065,4236,10633,2353,100,57.77777778,'Number of leaves: 4\nSize of the tree: 7\n',7,4,4
,,,,,,,,,,,,,,,,,,,,,,,,,,,,,,,,,,,,,,,,,,,,,,,,,,,,,,,,,,,,,,,,,,,,,
,,,,,,,,,,,,,5.266666667,,,,,,,,,,,,,,,,,,,,,,,,,,,,,,,,,,,,,,,,,,,,,,,,,,,,,,,,
,,,,,,,,,,,,,,,,,,,,,,,,,,,,,,,,,,,,,,,,,,,,,,,,,,,,,,,,,,,,,,,,,,,,,
,,,,,,,,,,,,,0.94663986,,,,,,,,,,,,,,,,,,,,,,,,,,,,,,,,,,,,,,,,,,,,,,,,,,,,,,,,