Key_Dataset,Key_Run,Key_Fold,Key_Scheme,Key_Scheme_options,Key_Scheme_version_ID,Date_time,Number_of_training_instances,Number_of_testing_instances,Number_correct,Number_incorrect,Number_unclassified,Percent_correct,Percent_incorrect,Percent_unclassified,Kappa_statistic,Mean_absolute_error,Root_mean_squared_error,Relative_absolute_error,Root_relative_squared_error,SF_prior_entropy,SF_scheme_entropy,SF_entropy_gain,SF_mean_prior_entropy,SF_mean_scheme_entropy,SF_mean_entropy_gain,KB_information,KB_mean_information,KB_relative_information,True_positive_rate,Num_true_positives,False_positive_rate,Num_false_positives,True_negative_rate,Num_true_negatives,False_negative_rate,Num_false_negatives,IR_precision,IR_recall,F_measure,Matthews_correlation,Area_under_ROC,Area_under_PRC,Weighted_avg_true_positive_rate,Weighted_avg_false_positive_rate,Weighted_avg_true_negative_rate,Weighted_avg_false_negative_rate,Weighted_avg_IR_precision,Weighted_avg_IR_recall,Weighted_avg_F_measure,Weighted_avg_matthews_correlation,Weighted_avg_area_under_ROC,Weighted_avg_area_under_PRC,Unweighted_macro_avg_F_measure,Unweighted_micro_avg_F_measure,Elapsed_Time_training,Elapsed_Time_testing,UserCPU_Time_training,UserCPU_Time_testing,UserCPU_Time_millis_training,UserCPU_Time_millis_testing,Serialized_Model_Size,Serialized_Train_Set_Size,Serialized_Test_Set_Size,Coverage_of_Test_Cases_By_Regions,Size_of_Predicted_Regions,Summary
iris,1,1,weka.classifiers.functions.SMO,'-C 1.0 -L 0.001 -P 1.0E-12 -N 0 -V -1 -W 1 -K \"weka.classifiers.functions.supportVector.PolyKernel -E 1.0 -C 250007\" -calibrator \"weka.classifiers.functions.Logistic -R 1.0E-8 -M -1 -num-decimal-places 4\"',-6585883636378691736,2.0170918014700003E7,135.0,15.0,15.0,0.0,0.0,100.0,0.0,0.0,1.0,0.2222222222222223,0.27216552697590873,50.0,57.73502691896258,23.77443751081735,8.774437510817343,15.000000000000007,1.5849625007211567,0.5849625007211562,1.0000000000000004,15.0,1.0,946.3946303571862,1.0,5.0,0.0,0.0,1.0,10.0,0.0,0.0,1.0,1.0,1.0,1.0,1.0,1.0,1.0,0.0,1.0,0.0,1.0,1.0,1.0,1.0,1.0,1.0,1.0,1.0,0.018,0.0,0.01,0.0,10.0,0.0,6869.0,10633.0,2353.0,100.0,66.66666666666666,?
iris,1,2,weka.classifiers.functions.SMO,'-C 1.0 -L 0.001 -P 1.0E-12 -N 0 -V -1 -W 1 -K \"weka.classifiers.functions.supportVector.PolyKernel -E 1.0 -C 250007\" -calibrator \"weka.classifiers.functions.Logistic -R 1.0E-8 -M -1 -num-decimal-places 4\"',-6585883636378691736,2.0170918014700003E7,135.0,15.0,15.0,0.0,0.0,100.0,0.0,0.0,1.0,0.2222222222222223,0.27216552697590873,50.0,57.73502691896258,23.77443751081735,8.774437510817343,15.000000000000007,1.5849625007211567,0.5849625007211562,1.0000000000000004,15.0,1.0,946.3946303571862,1.0,5.0,0.0,0.0,1.0,10.0,0.0,0.0,1.0,1.0,1.0,1.0,1.0,1.0,1.0,0.0,1.0,0.0,1.0,1.0,1.0,1.0,1.0,1.0,1.0,1.0,0.032,0.001,0.0,0.0,0.0,0.0,6869.0,10633.0,2353.0,100.0,66.66666666666666,?
iris,1,3,weka.classifiers.functions.SMO,'-C 1.0 -L 0.001 -P 1.0E-12 -N 0 -V -1 -W 1 -K \"weka.classifiers.functions.supportVector.PolyKernel -E 1.0 -C 250007\" -calibrator \"weka.classifiers.functions.Logistic -R 1.0E-8 -M -1 -num-decimal-places 4\"',-6585883636378691736,2.0170918014700003E7,135.0,15.0,15.0,0.0,0.0,100.0,0.0,0.0,1.0,0.2222222222222223,0.27216552697590873,50.0,57.73502691896258,23.77443751081735,8.774437510817343,15.000000000000007,1.5849625007211567,0.5849625007211562,1.0000000000000004,15.0,1.0,946.3946303571862,1.0,5.0,0.0,0.0,1.0,10.0,0.0,0.0,1.0,1.0,1.0,1.0,1.0,1.0,1.0,0.0,1.0,0.0,1.0,1.0,1.0,1.0,1.0,1.0,1.0,1.0,0.014,0.0,0.01,0.0,10.0,0.0,6869.0,10633.0,2353.0,100.0,66.66666666666666,?
iris,1,4,weka.classifiers.functions.SMO,'-C 1.0 -L 0.001 -P 1.0E-12 -N 0 -V -1 -W 1 -K \"weka.classifiers.functions.supportVector.PolyKernel -E 1.0 -C 250007\" -calibrator \"weka.classifiers.functions.Logistic -R 1.0E-8 -M -1 -num-decimal-places 4\"',-6585883636378691736,2.0170918014700003E7,135.0,15.0,15.0,0.0,0.0,100.0,0.0,0.0,1.0,0.2222222222222223,0.27216552697590873,50.0,57.73502691896258,23.77443751081735,8.774437510817343,15.000000000000007,1.5849625007211567,0.5849625007211562,1.0000000000000004,15.0,1.0,946.3946303571862,1.0,5.0,0.0,0.0,1.0,10.0,0.0,0.0,1.0,1.0,1.0,1.0,1.0,1.0,1.0,0.0,1.0,0.0,1.0,1.0,1.0,1.0,1.0,1.0,1.0,1.0,0.01,0.0,0.01,0.0,10.0,0.0,6869.0,10633.0,2353.0,100.0,66.66666666666666,?
iris,1,5,weka.classifiers.functions.SMO,'-C 1.0 -L 0.001 -P 1.0E-12 -N 0 -V -1 -W 1 -K \"weka.classifiers.functions.supportVector.PolyKernel -E 1.0 -C 250007\" -calibrator \"weka.classifiers.functions.Logistic -R 1.0E-8 -M -1 -num-decimal-places 4\"',-6585883636378691736,2.0170918014700003E7,135.0,15.0,14.0,1.0,0.0,93.33333333333333,6.666666666666667,0.0,0.9,0.2370370370370371,0.298142396999972,53.33333333333333,63.24555320336759,23.77443751081735,9.774437510817343,14.000000000000007,1.5849625007211567,0.6516291673878228,0.9333333333333338,14.0,0.9333333333333333,883.3016550000405,1.0,5.0,0.0,0.0,1.0,10.0,0.0,0.0,1.0,1.0,1.0,1.0,1.0,1.0,0.9333333333333333,0.03333333333333333,0.9666666666666667,0.06666666666666667,0.9444444444444445,0.9333333333333333,0.9326599326599326,0.9062760897356267,0.95,0.9,0.9326599326599326,0.9333333333333333,0.011,0.0,0.01,0.0,10.0,0.0,6869.0,10633.0,2353.0,100.0,66.66666666666666,?
iris,1,6,weka.classifiers.functions.SMO,'-C 1.0 -L 0.001 -P 1.0E-12 -N 0 -V -1 -W 1 -K \"weka.classifiers.functions.supportVector.PolyKernel -E 1.0 -C 250007\" -calibrator \"weka.classifiers.functions.Logistic -R 1.0E-8 -M -1 -num-decimal-places 4\"',-6585883636378691736,2.0170918014700003E7,135.0,15.0,14.0,1.0,0.0,93.33333333333333,6.666666666666667,0.0,0.9,0.2370370370370371,0.298142396999972,53.33333333333333,63.24555320336759,23.77443751081735,9.774437510817343,14.000000000000007,1.5849625007211567,0.6516291673878228,0.9333333333333338,14.0,0.9333333333333333,883.3016550000405,1.0,5.0,0.0,0.0,1.0,10.0,0.0,0.0,1.0,1.0,1.0,1.0,1.0,1.0,0.9333333333333333,0.03333333333333333,0.9666666666666667,0.06666666666666667,0.9444444444444445,0.9333333333333333,0.9326599326599326,0.9062760897356268,0.9666666666666667,0.9111111111111112,0.9326599326599327,0.9333333333333333,0.015,0.0,0.01,0.0,10.0,0.0,6869.0,10633.0,2353.0,100.0,66.66666666666666,?
iris,1,7,weka.classifiers.functions.SMO,'-C 1.0 -L 0.001 -P 1.0E-12 -N 0 -V -1 -W 1 -K \"weka.classifiers.functions.supportVector.PolyKernel -E 1.0 -C 250007\" -calibrator \"weka.classifiers.functions.Logistic -R 1.0E-8 -M -1 -num-decimal-places 4\"',-6585883636378691736,2.0170918014700003E7,135.0,15.0,14.0,1.0,0.0,93.33333333333333,6.666666666666667,0.0,0.9,0.2370370370370371,0.298142396999972,53.33333333333333,63.24555320336759,23.77443751081735,9.774437510817343,14.000000000000007,1.5849625007211567,0.6516291673878228,0.9333333333333338,14.0,0.9333333333333333,883.3016550000405,1.0,5.0,0.0,0.0,1.0,10.0,0.0,0.0,1.0,1.0,1.0,1.0,1.0,1.0,0.9333333333333333,0.03333333333333333,0.9666666666666667,0.06666666666666667,0.9444444444444445,0.9333333333333333,0.9326599326599326,0.9062760897356268,0.9666666666666667,0.9111111111111112,0.9326599326599327,0.9333333333333333,0.013,0.0,0.01,0.0,10.0,0.0,6869.0,10633.0,2353.0,100.0,66.66666666666666,?
iris,1,8,weka.classifiers.functions.SMO,'-C 1.0 -L 0.001 -P 1.0E-12 -N 0 -V -1 -W 1 -K \"weka.classifiers.functions.supportVector.PolyKernel -E 1.0 -C 250007\" -calibrator \"weka.classifiers.functions.Logistic -R 1.0E-8 -M -1 -num-decimal-places 4\"',-6585883636378691736,2.0170918014700003E7,135.0,15.0,14.0,1.0,0.0,93.33333333333333,6.666666666666667,0.0,0.9,0.2370370370370371,0.298142396999972,53.33333333333333,63.24555320336759,23.77443751081735,9.774437510817343,14.000000000000007,1.5849625007211567,0.6516291673878228,0.9333333333333338,14.0,0.9333333333333333,883.3016550000405,1.0,5.0,0.0,0.0,1.0,10.0,0.0,0.0,1.0,1.0,1.0,1.0,1.0,1.0,0.9333333333333333,0.03333333333333333,0.9666666666666667,0.06666666666666667,0.9444444444444445,0.9333333333333333,0.9326599326599326,0.9062760897356268,0.9666666666666667,0.9111111111111112,0.9326599326599327,0.9333333333333333,0.014,0.0,0.02,0.0,20.0,0.0,6869.0,10633.0,2353.0,100.0,66.66666666666666,?
iris,1,9,weka.classifiers.functions.SMO,'-C 1.0 -L 0.001 -P 1.0E-12 -N 0 -V -1 -W 1 -K \"weka.classifiers.functions.supportVector.PolyKernel -E 1.0 -C 250007\" -calibrator \"weka.classifiers.functions.Logistic -R 1.0E-8 -M -1 -num-decimal-places 4\"',-6585883636378691736,2.0170918014700003E7,135.0,15.0,13.0,2.0,0.0,86.66666666666667,13.333333333333334,0.0,0.8,0.25185185185185194,0.3220305943597654,56.66666666666667,68.31300510639734,23.77443751081735,10.774437510817343,13.000000000000007,1.5849625007211567,0.7182958340544895,0.8666666666666671,13.0,0.8666666666666667,820.2086796428947,1.0,5.0,0.0,0.0,1.0,10.0,0.0,0.0,1.0,1.0,1.0,1.0,1.0,1.0,0.8666666666666667,0.06666666666666667,0.9333333333333333,0.13333333333333333,0.9047619047619048,0.8666666666666667,0.861111111111111,0.821011909068334,0.9333333333333333,0.8380952380952381,0.861111111111111,0.8666666666666667,0.011,0.0,0.01,0.0,10.0,0.0,6869.0,10633.0,2353.0,100.0,66.66666666666666,?
iris,1,10,weka.classifiers.functions.SMO,'-C 1.0 -L 0.001 -P 1.0E-12 -N 0 -V -1 -W 1 -K \"weka.classifiers.functions.supportVector.PolyKernel -E 1.0 -C 250007\" -calibrator \"weka.classifiers.functions.Logistic -R 1.0E-8 -M -1 -num-decimal-places 4\"',-6585883636378691736,2.0170918014700003E7,135.0,15.0,15.0,0.0,0.0,100.0,0.0,0.0,1.0,0.2222222222222223,0.27216552697590873,50.0,57.73502691896258,23.77443751081735,8.774437510817343,15.000000000000007,1.5849625007211567,0.5849625007211562,1.0000000000000004,15.0,1.0,946.3946303571862,1.0,5.0,0.0,0.0,1.0,10.0,0.0,0.0,1.0,1.0,1.0,1.0,1.0,1.0,1.0,0.0,1.0,0.0,1.0,1.0,1.0,1.0,1.0,1.0,1.0,1.0,0.011,0.0,0.01,0.0,10.0,0.0,6869.0,10633.0,2353.0,100.0,66.66666666666666,?
iris,2,1,weka.classifiers.functions.SMO,'-C 1.0 -L 0.001 -P 1.0E-12 -N 0 -V -1 -W 1 -K \"weka.classifiers.functions.supportVector.PolyKernel -E 1.0 -C 250007\" -calibrator \"weka.classifiers.functions.Logistic -R 1.0E-8 -M -1 -num-decimal-places 4\"',-6585883636378691736,2.0170918014700003E7,135.0,15.0,14.0,1.0,0.0,93.33333333333333,6.666666666666667,0.0,0.9,0.2370370370370371,0.298142396999972,53.33333333333333,63.24555320336759,23.77443751081735,9.774437510817343,14.000000000000007,1.5849625007211567,0.6516291673878228,0.9333333333333338,14.0,0.9333333333333333,883.3016550000405,1.0,5.0,0.0,0.0,1.0,10.0,0.0,0.0,1.0,1.0,1.0,1.0,1.0,1.0,0.9333333333333333,0.03333333333333333,0.9666666666666667,0.06666666666666667,0.9444444444444445,0.9333333333333333,0.9326599326599326,0.9062760897356268,0.9666666666666667,0.9111111111111112,0.9326599326599327,0.9333333333333333,0.012,0.0,0.01,0.0,10.0,0.0,6869.0,10633.0,2353.0,100.0,66.66666666666666,?
iris,2,2,weka.classifiers.functions.SMO,'-C 1.0 -L 0.001 -P 1.0E-12 -N 0 -V -1 -W 1 -K \"weka.classifiers.functions.supportVector.PolyKernel -E 1.0 -C 250007\" -calibrator \"weka.classifiers.functions.Logistic -R 1.0E-8 -M -1 -num-decimal-places 4\"',-6585883636378691736,2.0170918014700003E7,135.0,15.0,13.0,2.0,0.0,86.66666666666667,13.333333333333334,0.0,0.8,0.25185185185185194,0.32203059435976533,56.66666666666667,68.31300510639733,23.77443751081735,10.774437510817343,13.000000000000007,1.5849625007211567,0.7182958340544895,0.8666666666666671,13.0,0.8666666666666667,820.2086796428947,1.0,5.0,0.0,0.0,1.0,10.0,0.0,0.0,1.0,1.0,1.0,1.0,1.0,1.0,0.8666666666666667,0.06666666666666667,0.9333333333333333,0.13333333333333333,0.8666666666666667,0.8666666666666667,0.8666666666666667,0.8,0.9166666666666666,0.8155555555555557,0.8666666666666668,0.8666666666666667,0.012,0.0,0.02,0.0,20.0,0.0,6869.0,10633.0,2353.0,100.0,66.66666666666666,?
iris,2,3,weka.classifiers.functions.SMO,'-C 1.0 -L 0.001 -P 1.0E-12 -N 0 -V -1 -W 1 -K \"weka.classifiers.functions.supportVector.PolyKernel -E 1.0 -C 250007\" -calibrator \"weka.classifiers.functions.Logistic -R 1.0E-8 -M -1 -num-decimal-places 4\"',-6585883636378691736,2.0170918014700003E7,135.0,15.0,15.0,0.0,0.0,100.0,0.0,0.0,1.0,0.2222222222222223,0.27216552697590873,50.0,57.73502691896258,23.77443751081735,8.774437510817343,15.000000000000007,1.5849625007211567,0.5849625007211562,1.0000000000000004,15.0,1.0,946.3946303571862,1.0,5.0,0.0,0.0,1.0,10.0,0.0,0.0,1.0,1.0,1.0,1.0,1.0,1.0,1.0,0.0,1.0,0.0,1.0,1.0,1.0,1.0,1.0,1.0,1.0,1.0,0.01,0.001,0.01,0.0,10.0,0.0,6869.0,10633.0,2353.0,100.0,66.66666666666666,?
iris,2,4,weka.classifiers.functions.SMO,'-C 1.0 -L 0.001 -P 1.0E-12 -N 0 -V -1 -W 1 -K \"weka.classifiers.functions.supportVector.PolyKernel -E 1.0 -C 250007\" -calibrator \"weka.classifiers.functions.Logistic -R 1.0E-8 -M -1 -num-decimal-places 4\"',-6585883636378691736,2.0170918014700003E7,135.0,15.0,15.0,0.0,0.0,100.0,0.0,0.0,1.0,0.2222222222222223,0.27216552697590873,50.0,57.73502691896258,23.77443751081735,8.774437510817343,15.000000000000007,1.5849625007211567,0.5849625007211562,1.0000000000000004,15.0,1.0,946.3946303571862,1.0,5.0,0.0,0.0,1.0,10.0,0.0,0.0,1.0,1.0,1.0,1.0,1.0,1.0,1.0,0.0,1.0,0.0,1.0,1.0,1.0,1.0,1.0,1.0,1.0,1.0,0.015,0.0,0.01,0.0,10.0,0.0,6869.0,10633.0,2353.0,100.0,66.66666666666666,?
iris,2,5,weka.classifiers.functions.SMO,'-C 1.0 -L 0.001 -P 1.0E-12 -N 0 -V -1 -W 1 -K \"weka.classifiers.functions.supportVector.PolyKernel -E 1.0 -C 250007\" -calibrator \"weka.classifiers.functions.Logistic -R 1.0E-8 -M -1 -num-decimal-places 4\"',-6585883636378691736,2.0170918014700003E7,135.0,15.0,15.0,0.0,0.0,100.0,0.0,0.0,1.0,0.2222222222222223,0.27216552697590873,50.0,57.73502691896258,23.77443751081735,8.774437510817343,15.000000000000007,1.5849625007211567,0.5849625007211562,1.0000000000000004,15.0,1.0,946.3946303571862,1.0,5.0,0.0,0.0,1.0,10.0,0.0,0.0,1.0,1.0,1.0,1.0,1.0,1.0,1.0,0.0,1.0,0.0,1.0,1.0,1.0,1.0,1.0,1.0,1.0,1.0,0.01,0.0,0.01,0.0,10.0,0.0,6869.0,10633.0,2353.0,100.0,66.66666666666666,?
iris,2,6,weka.classifiers.functions.SMO,'-C 1.0 -L 0.001 -P 1.0E-12 -N 0 -V -1 -W 1 -K \"weka.classifiers.functions.supportVector.PolyKernel -E 1.0 -C 250007\" -calibrator \"weka.classifiers.functions.Logistic -R 1.0E-8 -M -1 -num-decimal-places 4\"',-6585883636378691736,2.0170918014700003E7,135.0,15.0,15.0,0.0,0.0,100.0,0.0,0.0,1.0,0.2222222222222223,0.27216552697590873,50.0,57.73502691896258,23.77443751081735,8.774437510817343,15.000000000000007,1.5849625007211567,0.5849625007211562,1.0000000000000004,15.0,1.0,946.3946303571862,1.0,5.0,0.0,0.0,1.0,10.0,0.0,0.0,1.0,1.0,1.0,1.0,1.0,1.0,1.0,0.0,1.0,0.0,1.0,1.0,1.0,1.0,1.0,1.0,1.0,1.0,0.007,0.0,0.01,0.0,10.0,0.0,6869.0,10633.0,2353.0,100.0,66.66666666666666,?
iris,2,7,weka.classifiers.functions.SMO,'-C 1.0 -L 0.001 -P 1.0E-12 -N 0 -V -1 -W 1 -K \"weka.classifiers.functions.supportVector.PolyKernel -E 1.0 -C 250007\" -calibrator \"weka.classifiers.functions.Logistic -R 1.0E-8 -M -1 -num-decimal-places 4\"',-6585883636378691736,2.0170918014700003E7,135.0,15.0,15.0,0.0,0.0,100.0,0.0,0.0,1.0,0.2222222222222223,0.27216552697590873,50.0,57.73502691896258,23.77443751081735,8.774437510817343,15.000000000000007,1.5849625007211567,0.5849625007211562,1.0000000000000004,15.0,1.0,946.3946303571862,1.0,5.0,0.0,0.0,1.0,10.0,0.0,0.0,1.0,1.0,1.0,1.0,1.0,1.0,1.0,0.0,1.0,0.0,1.0,1.0,1.0,1.0,1.0,1.0,1.0,1.0,0.007,0.0,0.0,0.0,0.0,0.0,6869.0,10633.0,2353.0,100.0,66.66666666666666,?
iris,2,8,weka.classifiers.functions.SMO,'-C 1.0 -L 0.001 -P 1.0E-12 -N 0 -V -1 -W 1 -K \"weka.classifiers.functions.supportVector.PolyKernel -E 1.0 -C 250007\" -calibrator \"weka.classifiers.functions.Logistic -R 1.0E-8 -M -1 -num-decimal-places 4\"',-6585883636378691736,2.0170918014700003E7,135.0,15.0,14.0,1.0,0.0,93.33333333333333,6.666666666666667,0.0,0.9,0.2370370370370371,0.298142396999972,53.33333333333333,63.24555320336759,23.77443751081735,9.774437510817343,14.000000000000007,1.5849625007211567,0.6516291673878228,0.9333333333333338,14.0,0.9333333333333333,883.3016550000405,1.0,5.0,0.0,0.0,1.0,10.0,0.0,0.0,1.0,1.0,1.0,1.0,1.0,1.0,0.9333333333333333,0.03333333333333333,0.9666666666666667,0.06666666666666667,0.9444444444444445,0.9333333333333333,0.9326599326599326,0.9062760897356268,0.9666666666666667,0.9111111111111112,0.9326599326599327,0.9333333333333333,0.007,0.0,0.0,0.0,0.0,0.0,6869.0,10633.0,2353.0,100.0,66.66666666666666,?
iris,2,9,weka.classifiers.functions.SMO,'-C 1.0 -L 0.001 -P 1.0E-12 -N 0 -V -1 -W 1 -K \"weka.classifiers.functions.supportVector.PolyKernel -E 1.0 -C 250007\" -calibrator \"weka.classifiers.functions.Logistic -R 1.0E-8 -M -1 -num-decimal-places 4\"',-6585883636378691736,2.0170918014700003E7,135.0,15.0,14.0,1.0,0.0,93.33333333333333,6.666666666666667,0.0,0.9,0.2370370370370371,0.298142396999972,53.33333333333333,63.24555320336759,23.77443751081735,9.774437510817343,14.000000000000007,1.5849625007211567,0.6516291673878228,0.9333333333333338,14.0,0.9333333333333333,883.3016550000405,1.0,5.0,0.0,0.0,1.0,10.0,0.0,0.0,1.0,1.0,1.0,1.0,1.0,1.0,0.9333333333333333,0.03333333333333333,0.9666666666666667,0.06666666666666667,0.9444444444444445,0.9333333333333333,0.9326599326599326,0.9062760897356268,0.9666666666666667,0.9111111111111112,0.9326599326599327,0.9333333333333333,0.008,0.0,0.01,0.0,10.0,0.0,6869.0,10633.0,2353.0,100.0,66.66666666666666,?
iris,2,10,weka.classifiers.functions.SMO,'-C 1.0 -L 0.001 -P 1.0E-12 -N 0 -V -1 -W 1 -K \"weka.classifiers.functions.supportVector.PolyKernel -E 1.0 -C 250007\" -calibrator \"weka.classifiers.functions.Logistic -R 1.0E-8 -M -1 -num-decimal-places 4\"',-6585883636378691736,2.0170918014700003E7,135.0,15.0,15.0,0.0,0.0,100.0,0.0,0.0,1.0,0.2222222222222223,0.27216552697590873,50.0,57.73502691896258,23.77443751081735,8.774437510817343,15.000000000000007,1.5849625007211567,0.5849625007211562,1.0000000000000004,15.0,1.0,946.3946303571862,1.0,5.0,0.0,0.0,1.0,10.0,0.0,0.0,1.0,1.0,1.0,1.0,1.0,1.0,1.0,0.0,1.0,0.0,1.0,1.0,1.0,1.0,1.0,1.0,1.0,1.0,0.007,0.0,0.01,0.0,10.0,0.0,6869.0,10633.0,2353.0,100.0,66.66666666666666,?
iris,3,1,weka.classifiers.functions.SMO,'-C 1.0 -L 0.001 -P 1.0E-12 -N 0 -V -1 -W 1 -K \"weka.classifiers.functions.supportVector.PolyKernel -E 1.0 -C 250007\" -calibrator \"weka.classifiers.functions.Logistic -R 1.0E-8 -M -1 -num-decimal-places 4\"',-6585883636378691736,2.0170918014700003E7,135.0,15.0,15.0,0.0,0.0,100.0,0.0,0.0,1.0,0.2222222222222223,0.27216552697590873,50.0,57.73502691896258,23.77443751081735,8.774437510817343,15.000000000000007,1.5849625007211567,0.5849625007211562,1.0000000000000004,15.0,1.0,946.3946303571862,1.0,5.0,0.0,0.0,1.0,10.0,0.0,0.0,1.0,1.0,1.0,1.0,1.0,1.0,1.0,0.0,1.0,0.0,1.0,1.0,1.0,1.0,1.0,1.0,1.0,1.0,0.007,0.0,0.01,0.0,10.0,0.0,6869.0,10633.0,2353.0,100.0,66.66666666666666,?
iris,3,2,weka.classifiers.functions.SMO,'-C 1.0 -L 0.001 -P 1.0E-12 -N 0 -V -1 -W 1 -K \"weka.classifiers.functions.supportVector.PolyKernel -E 1.0 -C 250007\" -calibrator \"weka.classifiers.functions.Logistic -R 1.0E-8 -M -1 -num-decimal-places 4\"',-6585883636378691736,2.0170918014700003E7,135.0,15.0,14.0,1.0,0.0,93.33333333333333,6.666666666666667,0.0,0.9,0.23703703703703707,0.298142396999972,53.33333333333332,63.24555320336759,23.77443751081735,9.774437510817343,14.000000000000007,1.5849625007211567,0.6516291673878228,0.9333333333333338,14.0,0.9333333333333333,883.3016550000405,1.0,5.0,0.0,0.0,1.0,10.0,0.0,0.0,1.0,1.0,1.0,1.0,1.0,1.0,0.9333333333333333,0.03333333333333333,0.9666666666666667,0.06666666666666667,0.9444444444444445,0.9333333333333333,0.9326599326599326,0.9062760897356267,0.95,0.9,0.9326599326599326,0.9333333333333333,0.007,0.0,0.0,0.0,0.0,0.0,6869.0,10633.0,2353.0,100.0,66.66666666666666,?
iris,3,3,weka.classifiers.functions.SMO,'-C 1.0 -L 0.001 -P 1.0E-12 -N 0 -V -1 -W 1 -K \"weka.classifiers.functions.supportVector.PolyKernel -E 1.0 -C 250007\" -calibrator \"weka.classifiers.functions.Logistic -R 1.0E-8 -M -1 -num-decimal-places 4\"',-6585883636378691736,2.0170918014700003E7,135.0,15.0,14.0,1.0,0.0,93.33333333333333,6.666666666666667,0.0,0.9,0.2370370370370371,0.298142396999972,53.33333333333333,63.24555320336759,23.77443751081735,9.774437510817343,14.000000000000007,1.5849625007211567,0.6516291673878228,0.9333333333333338,14.0,0.9333333333333333,883.3016550000405,1.0,5.0,0.0,0.0,1.0,10.0,0.0,0.0,1.0,1.0,1.0,1.0,1.0,1.0,0.9333333333333333,0.03333333333333333,0.9666666666666667,0.06666666666666667,0.9444444444444445,0.9333333333333333,0.9326599326599326,0.9062760897356267,0.95,0.9,0.9326599326599326,0.9333333333333333,0.007,0.0,0.01,0.0,10.0,0.0,6869.0,10633.0,2353.0,100.0,66.66666666666666,?
iris,3,4,weka.classifiers.functions.SMO,'-C 1.0 -L 0.001 -P 1.0E-12 -N 0 -V -1 -W 1 -K \"weka.classifiers.functions.supportVector.PolyKernel -E 1.0 -C 250007\" -calibrator \"weka.classifiers.functions.Logistic -R 1.0E-8 -M -1 -num-decimal-places 4\"',-6585883636378691736,2.0170918014700003E7,135.0,15.0,15.0,0.0,0.0,100.0,0.0,0.0,1.0,0.2222222222222223,0.27216552697590873,50.0,57.73502691896258,23.77443751081735,8.774437510817343,15.000000000000007,1.5849625007211567,0.5849625007211562,1.0000000000000004,15.0,1.0,946.3946303571862,1.0,5.0,0.0,0.0,1.0,10.0,0.0,0.0,1.0,1.0,1.0,1.0,1.0,1.0,1.0,0.0,1.0,0.0,1.0,1.0,1.0,1.0,1.0,1.0,1.0,1.0,0.008,0.0,0.01,0.0,10.0,0.0,6869.0,10633.0,2353.0,100.0,66.66666666666666,?
iris,3,5,weka.classifiers.functions.SMO,'-C 1.0 -L 0.001 -P 1.0E-12 -N 0 -V -1 -W 1 -K \"weka.classifiers.functions.supportVector.PolyKernel -E 1.0 -C 250007\" -calibrator \"weka.classifiers.functions.Logistic -R 1.0E-8 -M -1 -num-decimal-places 4\"',-6585883636378691736,2.0170918014700003E7,135.0,15.0,13.0,2.0,0.0,86.66666666666667,13.333333333333334,0.0,0.8,0.25185185185185194,0.32203059435976533,56.66666666666667,68.31300510639733,23.77443751081735,10.774437510817343,13.000000000000007,1.5849625007211567,0.7182958340544895,0.8666666666666671,13.0,0.8666666666666667,820.2086796428947,1.0,5.0,0.0,0.0,1.0,10.0,0.0,0.0,1.0,1.0,1.0,1.0,1.0,1.0,0.8666666666666667,0.06666666666666667,0.9333333333333333,0.13333333333333333,0.9047619047619048,0.8666666666666667,0.861111111111111,0.821011909068334,0.9333333333333333,0.8380952380952381,0.861111111111111,0.8666666666666667,0.009,0.0,0.01,0.0,10.0,0.0,6869.0,10633.0,2353.0,100.0,66.66666666666666,?
iris,3,6,weka.classifiers.functions.SMO,'-C 1.0 -L 0.001 -P 1.0E-12 -N 0 -V -1 -W 1 -K \"weka.classifiers.functions.supportVector.PolyKernel -E 1.0 -C 250007\" -calibrator \"weka.classifiers.functions.Logistic -R 1.0E-8 -M -1 -num-decimal-places 4\"',-6585883636378691736,2.0170918014700003E7,135.0,15.0,15.0,0.0,0.0,100.0,0.0,0.0,1.0,0.2222222222222223,0.27216552697590873,50.0,57.73502691896258,23.77443751081735,8.774437510817343,15.000000000000007,1.5849625007211567,0.5849625007211562,1.0000000000000004,15.0,1.0,946.3946303571862,1.0,5.0,0.0,0.0,1.0,10.0,0.0,0.0,1.0,1.0,1.0,1.0,1.0,1.0,1.0,0.0,1.0,0.0,1.0,1.0,1.0,1.0,1.0,1.0,1.0,1.0,0.019,0.0,0.01,0.0,10.0,0.0,6869.0,10633.0,2353.0,100.0,66.66666666666666,?
iris,3,7,weka.classifiers.functions.SMO,'-C 1.0 -L 0.001 -P 1.0E-12 -N 0 -V -1 -W 1 -K \"weka.classifiers.functions.supportVector.PolyKernel -E 1.0 -C 250007\" -calibrator \"weka.classifiers.functions.Logistic -R 1.0E-8 -M -1 -num-decimal-places 4\"',-6585883636378691736,2.0170918014700003E7,135.0,15.0,14.0,1.0,0.0,93.33333333333333,6.666666666666667,0.0,0.9,0.23703703703703707,0.298142396999972,53.33333333333332,63.24555320336759,23.77443751081735,9.774437510817343,14.000000000000007,1.5849625007211567,0.6516291673878228,0.9333333333333338,14.0,0.9333333333333333,883.3016550000405,1.0,5.0,0.0,0.0,1.0,10.0,0.0,0.0,1.0,1.0,1.0,1.0,1.0,1.0,0.9333333333333333,0.03333333333333333,0.9666666666666667,0.06666666666666667,0.9444444444444445,0.9333333333333333,0.9326599326599326,0.9062760897356267,0.95,0.9,0.9326599326599326,0.9333333333333333,0.007,0.0,0.01,0.0,10.0,0.0,6869.0,10633.0,2353.0,100.0,66.66666666666666,?
iris,3,8,weka.classifiers.functions.SMO,'-C 1.0 -L 0.001 -P 1.0E-12 -N 0 -V -1 -W 1 -K \"weka.classifiers.functions.supportVector.PolyKernel -E 1.0 -C 250007\" -calibrator \"weka.classifiers.functions.Logistic -R 1.0E-8 -M -1 -num-decimal-places 4\"',-6585883636378691736,2.0170918014700003E7,135.0,15.0,15.0,0.0,0.0,100.0,0.0,0.0,1.0,0.2222222222222223,0.27216552697590873,50.0,57.73502691896258,23.77443751081735,8.774437510817343,15.000000000000007,1.5849625007211567,0.5849625007211562,1.0000000000000004,15.0,1.0,946.3946303571862,1.0,5.0,0.0,0.0,1.0,10.0,0.0,0.0,1.0,1.0,1.0,1.0,1.0,1.0,1.0,0.0,1.0,0.0,1.0,1.0,1.0,1.0,1.0,1.0,1.0,1.0,0.007,0.0,0.01,0.0,10.0,0.0,6869.0,10633.0,2353.0,100.0,66.66666666666666,?
iris,3,9,weka.classifiers.functions.SMO,'-C 1.0 -L 0.001 -P 1.0E-12 -N 0 -V -1 -W 1 -K \"weka.classifiers.functions.supportVector.PolyKernel -E 1.0 -C 250007\" -calibrator \"weka.classifiers.functions.Logistic -R 1.0E-8 -M -1 -num-decimal-places 4\"',-6585883636378691736,2.0170918014700003E7,135.0,15.0,14.0,1.0,0.0,93.33333333333333,6.666666666666667,0.0,0.9,0.2370370370370371,0.298142396999972,53.33333333333333,63.24555320336759,23.77443751081735,9.774437510817343,14.000000000000007,1.5849625007211567,0.6516291673878228,0.9333333333333338,14.0,0.9333333333333333,883.3016550000405,1.0,5.0,0.0,0.0,1.0,10.0,0.0,0.0,1.0,1.0,1.0,1.0,1.0,1.0,0.9333333333333333,0.03333333333333333,0.9666666666666667,0.06666666666666667,0.9444444444444445,0.9333333333333333,0.9326599326599326,0.9062760897356268,0.9666666666666667,0.9111111111111112,0.9326599326599327,0.9333333333333333,0.008,0.0,0.0,0.0,0.0,0.0,6869.0,10633.0,2353.0,100.0,66.66666666666666,?
iris,3,10,weka.classifiers.functions.SMO,'-C 1.0 -L 0.001 -P 1.0E-12 -N 0 -V -1 -W 1 -K \"weka.classifiers.functions.supportVector.PolyKernel -E 1.0 -C 250007\" -calibrator \"weka.classifiers.functions.Logistic -R 1.0E-8 -M -1 -num-decimal-places 4\"',-6585883636378691736,2.0170918014700003E7,135.0,15.0,14.0,1.0,0.0,93.33333333333333,6.666666666666667,0.0,0.9,0.2370370370370371,0.29814239699997197,53.33333333333333,63.245553203367585,23.77443751081735,9.774437510817343,14.000000000000007,1.5849625007211567,0.6516291673878228,0.9333333333333338,14.0,0.9333333333333333,883.3016550000405,1.0,5.0,0.0,0.0,1.0,10.0,0.0,0.0,1.0,1.0,1.0,1.0,1.0,1.0,0.9333333333333333,0.03333333333333333,0.9666666666666667,0.06666666666666667,0.9444444444444445,0.9333333333333333,0.9326599326599326,0.9062760897356268,0.9666666666666667,0.9111111111111112,0.9326599326599327,0.9333333333333333,0.01,0.0,0.02,0.0,20.0,0.0,6869.0,10633.0,2353.0,100.0,66.66666666666666,?
iris,4,1,weka.classifiers.functions.SMO,'-C 1.0 -L 0.001 -P 1.0E-12 -N 0 -V -1 -W 1 -K \"weka.classifiers.functions.supportVector.PolyKernel -E 1.0 -C 250007\" -calibrator \"weka.classifiers.functions.Logistic -R 1.0E-8 -M -1 -num-decimal-places 4\"',-6585883636378691736,2.0170918014700003E7,135.0,15.0,13.0,2.0,0.0,86.66666666666667,13.333333333333334,0.0,0.8,0.25185185185185194,0.32203059435976533,56.66666666666667,68.31300510639733,23.77443751081735,10.774437510817343,13.000000000000007,1.5849625007211567,0.7182958340544895,0.8666666666666671,13.0,0.8666666666666667,820.2086796428947,1.0,5.0,0.0,0.0,1.0,10.0,0.0,0.0,1.0,1.0,1.0,1.0,1.0,1.0,0.8666666666666667,0.06666666666666667,0.9333333333333333,0.13333333333333333,0.8666666666666667,0.8666666666666667,0.8666666666666667,0.8,0.9166666666666666,0.8155555555555557,0.8666666666666668,0.8666666666666667,0.011,0.0,0.01,0.0,10.0,0.0,6869.0,10633.0,2353.0,100.0,66.66666666666666,?
iris,4,2,weka.classifiers.functions.SMO,'-C 1.0 -L 0.001 -P 1.0E-12 -N 0 -V -1 -W 1 -K \"weka.classifiers.functions.supportVector.PolyKernel -E 1.0 -C 250007\" -calibrator \"weka.classifiers.functions.Logistic -R 1.0E-8 -M -1 -num-decimal-places 4\"',-6585883636378691736,2.0170918014700003E7,135.0,15.0,15.0,0.0,0.0,100.0,0.0,0.0,1.0,0.2222222222222223,0.27216552697590873,50.0,57.73502691896258,23.77443751081735,8.774437510817343,15.000000000000007,1.5849625007211567,0.5849625007211562,1.0000000000000004,15.0,1.0,946.3946303571862,1.0,5.0,0.0,0.0,1.0,10.0,0.0,0.0,1.0,1.0,1.0,1.0,1.0,1.0,1.0,0.0,1.0,0.0,1.0,1.0,1.0,1.0,1.0,1.0,1.0,1.0,0.013,0.0,0.01,0.0,10.0,0.0,6869.0,10633.0,2353.0,100.0,66.66666666666666,?
iris,4,3,weka.classifiers.functions.SMO,'-C 1.0 -L 0.001 -P 1.0E-12 -N 0 -V -1 -W 1 -K \"weka.classifiers.functions.supportVector.PolyKernel -E 1.0 -C 250007\" -calibrator \"weka.classifiers.functions.Logistic -R 1.0E-8 -M -1 -num-decimal-places 4\"',-6585883636378691736,2.0170918014700003E7,135.0,15.0,14.0,1.0,0.0,93.33333333333333,6.666666666666667,0.0,0.9,0.2370370370370371,0.298142396999972,53.33333333333333,63.24555320336759,23.77443751081735,9.774437510817343,14.000000000000007,1.5849625007211567,0.6516291673878228,0.9333333333333338,14.0,0.9333333333333333,883.3016550000405,1.0,5.0,0.0,0.0,1.0,10.0,0.0,0.0,1.0,1.0,1.0,1.0,1.0,1.0,0.9333333333333333,0.03333333333333333,0.9666666666666667,0.06666666666666667,0.9444444444444445,0.9333333333333333,0.9326599326599326,0.9062760897356268,0.9666666666666667,0.9111111111111112,0.9326599326599327,0.9333333333333333,0.011,0.001,0.01,0.0,10.0,0.0,6869.0,10633.0,2353.0,100.0,66.66666666666666,?
iris,4,4,weka.classifiers.functions.SMO,'-C 1.0 -L 0.001 -P 1.0E-12 -N 0 -V -1 -W 1 -K \"weka.classifiers.functions.supportVector.PolyKernel -E 1.0 -C 250007\" -calibrator \"weka.classifiers.functions.Logistic -R 1.0E-8 -M -1 -num-decimal-places 4\"',-6585883636378691736,2.0170918014700003E7,135.0,15.0,15.0,0.0,0.0,100.0,0.0,0.0,1.0,0.2222222222222223,0.27216552697590873,50.0,57.73502691896258,23.77443751081735,8.774437510817343,15.000000000000007,1.5849625007211567,0.5849625007211562,1.0000000000000004,15.0,1.0,946.3946303571862,1.0,5.0,0.0,0.0,1.0,10.0,0.0,0.0,1.0,1.0,1.0,1.0,1.0,1.0,1.0,0.0,1.0,0.0,1.0,1.0,1.0,1.0,1.0,1.0,1.0,1.0,0.009,0.0,0.01,0.0,10.0,0.0,6869.0,10633.0,2353.0,100.0,66.66666666666666,?
iris,4,5,weka.classifiers.functions.SMO,'-C 1.0 -L 0.001 -P 1.0E-12 -N 0 -V -1 -W 1 -K \"weka.classifiers.functions.supportVector.PolyKernel -E 1.0 -C 250007\" -calibrator \"weka.classifiers.functions.Logistic -R 1.0E-8 -M -1 -num-decimal-places 4\"',-6585883636378691736,2.0170918014700003E7,135.0,15.0,15.0,0.0,0.0,100.0,0.0,0.0,1.0,0.2222222222222223,0.27216552697590873,50.0,57.73502691896258,23.77443751081735,8.774437510817343,15.000000000000007,1.5849625007211567,0.5849625007211562,1.0000000000000004,15.0,1.0,946.3946303571862,1.0,5.0,0.0,0.0,1.0,10.0,0.0,0.0,1.0,1.0,1.0,1.0,1.0,1.0,1.0,0.0,1.0,0.0,1.0,1.0,1.0,1.0,1.0,1.0,1.0,1.0,0.008,0.0,0.01,0.0,10.0,0.0,6869.0,10633.0,2353.0,100.0,66.66666666666666,?
iris,4,6,weka.classifiers.functions.SMO,'-C 1.0 -L 0.001 -P 1.0E-12 -N 0 -V -1 -W 1 -K \"weka.classifiers.functions.supportVector.PolyKernel -E 1.0 -C 250007\" -calibrator \"weka.classifiers.functions.Logistic -R 1.0E-8 -M -1 -num-decimal-places 4\"',-6585883636378691736,2.0170918014700003E7,135.0,15.0,14.0,1.0,0.0,93.33333333333333,6.666666666666667,0.0,0.9,0.2370370370370371,0.29814239699997197,53.33333333333333,63.245553203367585,23.77443751081735,9.774437510817343,14.000000000000007,1.5849625007211567,0.6516291673878228,0.9333333333333338,14.0,0.9333333333333333,883.3016550000405,1.0,5.0,0.0,0.0,1.0,10.0,0.0,0.0,1.0,1.0,1.0,1.0,1.0,1.0,0.9333333333333333,0.03333333333333333,0.9666666666666667,0.06666666666666667,0.9444444444444445,0.9333333333333333,0.9326599326599326,0.9062760897356268,0.9666666666666667,0.9111111111111112,0.9326599326599327,0.9333333333333333,0.007,0.0,0.01,0.0,10.0,0.0,6869.0,10633.0,2353.0,100.0,66.66666666666666,?
iris,4,7,weka.classifiers.functions.SMO,'-C 1.0 -L 0.001 -P 1.0E-12 -N 0 -V -1 -W 1 -K \"weka.classifiers.functions.supportVector.PolyKernel -E 1.0 -C 250007\" -calibrator \"weka.classifiers.functions.Logistic -R 1.0E-8 -M -1 -num-decimal-places 4\"',-6585883636378691736,2.0170918014700003E7,135.0,15.0,15.0,0.0,0.0,100.0,0.0,0.0,1.0,0.2222222222222223,0.27216552697590873,50.0,57.73502691896258,23.77443751081735,8.774437510817343,15.000000000000007,1.5849625007211567,0.5849625007211562,1.0000000000000004,15.0,1.0,946.3946303571862,1.0,5.0,0.0,0.0,1.0,10.0,0.0,0.0,1.0,1.0,1.0,1.0,1.0,1.0,1.0,0.0,1.0,0.0,1.0,1.0,1.0,1.0,1.0,1.0,1.0,1.0,0.007,0.0,0.0,0.0,0.0,0.0,6869.0,10633.0,2353.0,100.0,66.66666666666666,?
iris,4,8,weka.classifiers.functions.SMO,'-C 1.0 -L 0.001 -P 1.0E-12 -N 0 -V -1 -W 1 -K \"weka.classifiers.functions.supportVector.PolyKernel -E 1.0 -C 250007\" -calibrator \"weka.classifiers.functions.Logistic -R 1.0E-8 -M -1 -num-decimal-places 4\"',-6585883636378691736,2.0170918014700003E7,135.0,15.0,15.0,0.0,0.0,100.0,0.0,0.0,1.0,0.2222222222222223,0.27216552697590873,50.0,57.73502691896258,23.77443751081735,8.774437510817343,15.000000000000007,1.5849625007211567,0.5849625007211562,1.0000000000000004,15.0,1.0,946.3946303571862,1.0,5.0,0.0,0.0,1.0,10.0,0.0,0.0,1.0,1.0,1.0,1.0,1.0,1.0,1.0,0.0,1.0,0.0,1.0,1.0,1.0,1.0,1.0,1.0,1.0,1.0,0.007,0.0,0.01,0.0,10.0,0.0,6869.0,10633.0,2353.0,100.0,66.66666666666666,?
iris,4,9,weka.classifiers.functions.SMO,'-C 1.0 -L 0.001 -P 1.0E-12 -N 0 -V -1 -W 1 -K \"weka.classifiers.functions.supportVector.PolyKernel -E 1.0 -C 250007\" -calibrator \"weka.classifiers.functions.Logistic -R 1.0E-8 -M -1 -num-decimal-places 4\"',-6585883636378691736,2.0170918014700003E7,135.0,15.0,14.0,1.0,0.0,93.33333333333333,6.666666666666667,0.0,0.9,0.2370370370370371,0.298142396999972,53.33333333333333,63.24555320336759,23.77443751081735,9.774437510817343,14.000000000000007,1.5849625007211567,0.6516291673878228,0.9333333333333338,14.0,0.9333333333333333,883.3016550000405,1.0,5.0,0.0,0.0,1.0,10.0,0.0,0.0,1.0,1.0,1.0,1.0,1.0,1.0,0.9333333333333333,0.03333333333333333,0.9666666666666667,0.06666666666666667,0.9444444444444445,0.9333333333333333,0.9326599326599326,0.9062760897356268,0.9700000000000001,0.9148148148148149,0.9326599326599327,0.9333333333333333,0.01,0.0,0.01,0.0,10.0,0.0,6869.0,10633.0,2353.0,100.0,66.66666666666666,?
iris,4,10,weka.classifiers.functions.SMO,'-C 1.0 -L 0.001 -P 1.0E-12 -N 0 -V -1 -W 1 -K \"weka.classifiers.functions.supportVector.PolyKernel -E 1.0 -C 250007\" -calibrator \"weka.classifiers.functions.Logistic -R 1.0E-8 -M -1 -num-decimal-places 4\"',-6585883636378691736,2.0170918014700003E7,135.0,15.0,15.0,0.0,0.0,100.0,0.0,0.0,1.0,0.2222222222222223,0.27216552697590873,50.0,57.73502691896258,23.77443751081735,8.774437510817343,15.000000000000007,1.5849625007211567,0.5849625007211562,1.0000000000000004,15.0,1.0,946.3946303571862,1.0,5.0,0.0,0.0,1.0,10.0,0.0,0.0,1.0,1.0,1.0,1.0,1.0,1.0,1.0,0.0,1.0,0.0,1.0,1.0,1.0,1.0,1.0,1.0,1.0,1.0,0.008,0.0,0.01,0.0,10.0,0.0,6869.0,10633.0,2353.0,100.0,66.66666666666666,?
iris,5,1,weka.classifiers.functions.SMO,'-C 1.0 -L 0.001 -P 1.0E-12 -N 0 -V -1 -W 1 -K \"weka.classifiers.functions.supportVector.PolyKernel -E 1.0 -C 250007\" -calibrator \"weka.classifiers.functions.Logistic -R 1.0E-8 -M -1 -num-decimal-places 4\"',-6585883636378691736,2.0170918014700003E7,135.0,15.0,15.0,0.0,0.0,100.0,0.0,0.0,1.0,0.2222222222222223,0.27216552697590873,50.0,57.73502691896258,23.77443751081735,8.774437510817343,15.000000000000007,1.5849625007211567,0.5849625007211562,1.0000000000000004,15.0,1.0,946.3946303571862,1.0,5.0,0.0,0.0,1.0,10.0,0.0,0.0,1.0,1.0,1.0,1.0,1.0,1.0,1.0,0.0,1.0,0.0,1.0,1.0,1.0,1.0,1.0,1.0,1.0,1.0,0.011,0.0,0.01,0.0,10.0,0.0,6869.0,10633.0,2353.0,100.0,66.66666666666666,?
iris,5,2,weka.classifiers.functions.SMO,'-C 1.0 -L 0.001 -P 1.0E-12 -N 0 -V -1 -W 1 -K \"weka.classifiers.functions.supportVector.PolyKernel -E 1.0 -C 250007\" -calibrator \"weka.classifiers.functions.Logistic -R 1.0E-8 -M -1 -num-decimal-places 4\"',-6585883636378691736,2.0170918014700003E7,135.0,15.0,12.0,3.0,0.0,80.0,20.0,0.0,0.7000000000000001,0.2666666666666667,0.34426518632954817,59.99999999999999,73.02967433402215,23.77443751081735,11.774437510817343,12.000000000000007,1.5849625007211567,0.7849625007211561,0.8000000000000005,12.0,0.8,757.115704285749,1.0,5.0,0.0,0.0,1.0,10.0,0.0,0.0,1.0,1.0,1.0,1.0,1.0,1.0,0.8,0.1,0.9,0.2,0.8055555555555555,0.8,0.7979797979797979,0.7034506866928839,0.8833333333333333,0.75,0.7979797979797979,0.8,0.011,0.0,0.01,0.0,10.0,0.0,6869.0,10633.0,2353.0,100.0,66.66666666666666,?
iris,5,3,weka.classifiers.functions.SMO,'-C 1.0 -L 0.001 -P 1.0E-12 -N 0 -V -1 -W 1 -K \"weka.classifiers.functions.supportVector.PolyKernel -E 1.0 -C 250007\" -calibrator \"weka.classifiers.functions.Logistic -R 1.0E-8 -M -1 -num-decimal-places 4\"',-6585883636378691736,2.0170918014700003E7,135.0,15.0,15.0,0.0,0.0,100.0,0.0,0.0,1.0,0.2222222222222223,0.27216552697590873,50.0,57.73502691896258,23.77443751081735,8.774437510817343,15.000000000000007,1.5849625007211567,0.5849625007211562,1.0000000000000004,15.0,1.0,946.3946303571862,1.0,5.0,0.0,0.0,1.0,10.0,0.0,0.0,1.0,1.0,1.0,1.0,1.0,1.0,1.0,0.0,1.0,0.0,1.0,1.0,1.0,1.0,1.0,1.0,1.0,1.0,0.01,0.0,0.01,0.0,10.0,0.0,6869.0,10633.0,2353.0,100.0,66.66666666666666,?
iris,5,4,weka.classifiers.functions.SMO,'-C 1.0 -L 0.001 -P 1.0E-12 -N 0 -V -1 -W 1 -K \"weka.classifiers.functions.supportVector.PolyKernel -E 1.0 -C 250007\" -calibrator \"weka.classifiers.functions.Logistic -R 1.0E-8 -M -1 -num-decimal-places 4\"',-6585883636378691736,2.0170918014700003E7,135.0,15.0,15.0,0.0,0.0,100.0,0.0,0.0,1.0,0.2222222222222223,0.27216552697590873,50.0,57.73502691896258,23.77443751081735,8.774437510817343,15.000000000000007,1.5849625007211567,0.5849625007211562,1.0000000000000004,15.0,1.0,946.3946303571862,1.0,5.0,0.0,0.0,1.0,10.0,0.0,0.0,1.0,1.0,1.0,1.0,1.0,1.0,1.0,0.0,1.0,0.0,1.0,1.0,1.0,1.0,1.0,1.0,1.0,1.0,0.007,0.0,0.01,0.0,10.0,0.0,6869.0,10633.0,2353.0,100.0,66.66666666666666,?
iris,5,5,weka.classifiers.functions.SMO,'-C 1.0 -L 0.001 -P 1.0E-12 -N 0 -V -1 -W 1 -K \"weka.classifiers.functions.supportVector.PolyKernel -E 1.0 -C 250007\" -calibrator \"weka.classifiers.functions.Logistic -R 1.0E-8 -M -1 -num-decimal-places 4\"',-6585883636378691736,2.0170918014700003E7,135.0,15.0,15.0,0.0,0.0,100.0,0.0,0.0,1.0,0.2222222222222223,0.27216552697590873,50.0,57.73502691896258,23.77443751081735,8.774437510817343,15.000000000000007,1.5849625007211567,0.5849625007211562,1.0000000000000004,15.0,1.0,946.3946303571862,1.0,5.0,0.0,0.0,1.0,10.0,0.0,0.0,1.0,1.0,1.0,1.0,1.0,1.0,1.0,0.0,1.0,0.0,1.0,1.0,1.0,1.0,1.0,1.0,1.0,1.0,0.007,0.0,0.01,0.0,10.0,0.0,6869.0,10633.0,2353.0,100.0,66.66666666666666,?
iris,5,6,weka.classifiers.functions.SMO,'-C 1.0 -L 0.001 -P 1.0E-12 -N 0 -V -1 -W 1 -K \"weka.classifiers.functions.supportVector.PolyKernel -E 1.0 -C 250007\" -calibrator \"weka.classifiers.functions.Logistic -R 1.0E-8 -M -1 -num-decimal-places 4\"',-6585883636378691736,2.0170918014700003E7,135.0,15.0,15.0,0.0,0.0,100.0,0.0,0.0,1.0,0.2222222222222223,0.27216552697590873,50.0,57.73502691896258,23.77443751081735,8.774437510817343,15.000000000000007,1.5849625007211567,0.5849625007211562,1.0000000000000004,15.0,1.0,946.3946303571862,1.0,5.0,0.0,0.0,1.0,10.0,0.0,0.0,1.0,1.0,1.0,1.0,1.0,1.0,1.0,0.0,1.0,0.0,1.0,1.0,1.0,1.0,1.0,1.0,1.0,1.0,0.007,0.0,0.01,0.0,10.0,0.0,6869.0,10633.0,2353.0,100.0,66.66666666666666,?
iris,5,7,weka.classifiers.functions.SMO,'-C 1.0 -L 0.001 -P 1.0E-12 -N 0 -V -1 -W 1 -K \"weka.classifiers.functions.supportVector.PolyKernel -E 1.0 -C 250007\" -calibrator \"weka.classifiers.functions.Logistic -R 1.0E-8 -M -1 -num-decimal-places 4\"',-6585883636378691736,2.0170918014700003E7,135.0,15.0,15.0,0.0,0.0,100.0,0.0,0.0,1.0,0.2222222222222223,0.27216552697590873,50.0,57.73502691896258,23.77443751081735,8.774437510817343,15.000000000000007,1.5849625007211567,0.5849625007211562,1.0000000000000004,15.0,1.0,946.3946303571862,1.0,5.0,0.0,0.0,1.0,10.0,0.0,0.0,1.0,1.0,1.0,1.0,1.0,1.0,1.0,0.0,1.0,0.0,1.0,1.0,1.0,1.0,1.0,1.0,1.0,1.0,0.007,0.0,0.01,0.0,10.0,0.0,6869.0,10633.0,2353.0,100.0,66.66666666666666,?
iris,5,8,weka.classifiers.functions.SMO,'-C 1.0 -L 0.001 -P 1.0E-12 -N 0 -V -1 -W 1 -K \"weka.classifiers.functions.supportVector.PolyKernel -E 1.0 -C 250007\" -calibrator \"weka.classifiers.functions.Logistic -R 1.0E-8 -M -1 -num-decimal-places 4\"',-6585883636378691736,2.0170918014700003E7,135.0,15.0,15.0,0.0,0.0,100.0,0.0,0.0,1.0,0.2222222222222223,0.27216552697590873,50.0,57.73502691896258,23.77443751081735,8.774437510817343,15.000000000000007,1.5849625007211567,0.5849625007211562,1.0000000000000004,15.0,1.0,946.3946303571862,1.0,5.0,0.0,0.0,1.0,10.0,0.0,0.0,1.0,1.0,1.0,1.0,1.0,1.0,1.0,0.0,1.0,0.0,1.0,1.0,1.0,1.0,1.0,1.0,1.0,1.0,0.007,0.0,0.0,0.0,0.0,0.0,6869.0,10633.0,2353.0,100.0,66.66666666666666,?
iris,5,9,weka.classifiers.functions.SMO,'-C 1.0 -L 0.001 -P 1.0E-12 -N 0 -V -1 -W 1 -K \"weka.classifiers.functions.supportVector.PolyKernel -E 1.0 -C 250007\" -calibrator \"weka.classifiers.functions.Logistic -R 1.0E-8 -M -1 -num-decimal-places 4\"',-6585883636378691736,2.0170918014700003E7,135.0,15.0,14.0,1.0,0.0,93.33333333333333,6.666666666666667,0.0,0.9,0.2370370370370371,0.29814239699997197,53.33333333333333,63.245553203367585,23.77443751081735,9.774437510817343,14.000000000000007,1.5849625007211567,0.6516291673878228,0.9333333333333338,14.0,0.9333333333333333,883.3016550000405,1.0,5.0,0.0,0.0,1.0,10.0,0.0,0.0,1.0,1.0,1.0,1.0,1.0,1.0,0.9333333333333333,0.03333333333333333,0.9666666666666667,0.06666666666666667,0.9444444444444445,0.9333333333333333,0.9326599326599326,0.9062760897356268,0.9666666666666667,0.9111111111111112,0.9326599326599327,0.9333333333333333,0.008,0.0,0.01,0.0,10.0,0.0,6869.0,10633.0,2353.0,100.0,66.66666666666666,?
iris,5,10,weka.classifiers.functions.SMO,'-C 1.0 -L 0.001 -P 1.0E-12 -N 0 -V -1 -W 1 -K \"weka.classifiers.functions.supportVector.PolyKernel -E 1.0 -C 250007\" -calibrator \"weka.classifiers.functions.Logistic -R 1.0E-8 -M -1 -num-decimal-places 4\"',-6585883636378691736,2.0170918014700003E7,135.0,15.0,14.0,1.0,0.0,93.33333333333333,6.666666666666667,0.0,0.9,0.2370370370370371,0.298142396999972,53.33333333333333,63.24555320336759,23.77443751081735,9.774437510817343,14.000000000000007,1.5849625007211567,0.6516291673878228,0.9333333333333338,14.0,0.9333333333333333,883.3016550000405,1.0,5.0,0.0,0.0,1.0,10.0,0.0,0.0,1.0,1.0,1.0,1.0,1.0,1.0,0.9333333333333333,0.03333333333333333,0.9666666666666667,0.06666666666666667,0.9444444444444445,0.9333333333333333,0.9326599326599326,0.9062760897356268,0.9666666666666667,0.9111111111111112,0.9326599326599327,0.9333333333333333,0.007,0.0,0.01,0.0,10.0,0.0,6869.0,10633.0,2353.0,100.0,66.66666666666666,?
iris,6,1,weka.classifiers.functions.SMO,'-C 1.0 -L 0.001 -P 1.0E-12 -N 0 -V -1 -W 1 -K \"weka.classifiers.functions.supportVector.PolyKernel -E 1.0 -C 250007\" -calibrator \"weka.classifiers.functions.Logistic -R 1.0E-8 -M -1 -num-decimal-places 4\"',-6585883636378691736,2.0170918014700003E7,135.0,15.0,15.0,0.0,0.0,100.0,0.0,0.0,1.0,0.2222222222222223,0.27216552697590873,50.0,57.73502691896258,23.77443751081735,8.774437510817343,15.000000000000007,1.5849625007211567,0.5849625007211562,1.0000000000000004,15.0,1.0,946.3946303571862,1.0,5.0,0.0,0.0,1.0,10.0,0.0,0.0,1.0,1.0,1.0,1.0,1.0,1.0,1.0,0.0,1.0,0.0,1.0,1.0,1.0,1.0,1.0,1.0,1.0,1.0,0.008,0.0,0.01,0.0,10.0,0.0,6869.0,10633.0,2353.0,100.0,66.66666666666666,?
iris,6,2,weka.classifiers.functions.SMO,'-C 1.0 -L 0.001 -P 1.0E-12 -N 0 -V -1 -W 1 -K \"weka.classifiers.functions.supportVector.PolyKernel -E 1.0 -C 250007\" -calibrator \"weka.classifiers.functions.Logistic -R 1.0E-8 -M -1 -num-decimal-places 4\"',-6585883636378691736,2.0170918014700003E7,135.0,15.0,15.0,0.0,0.0,100.0,0.0,0.0,1.0,0.2222222222222223,0.27216552697590873,50.0,57.73502691896258,23.77443751081735,8.774437510817343,15.000000000000007,1.5849625007211567,0.5849625007211562,1.0000000000000004,15.0,1.0,946.3946303571862,1.0,5.0,0.0,0.0,1.0,10.0,0.0,0.0,1.0,1.0,1.0,1.0,1.0,1.0,1.0,0.0,1.0,0.0,1.0,1.0,1.0,1.0,1.0,1.0,1.0,1.0,0.011,0.0,0.01,0.0,10.0,0.0,6869.0,10633.0,2353.0,100.0,66.66666666666666,?
iris,6,3,weka.classifiers.functions.SMO,'-C 1.0 -L 0.001 -P 1.0E-12 -N 0 -V -1 -W 1 -K \"weka.classifiers.functions.supportVector.PolyKernel -E 1.0 -C 250007\" -calibrator \"weka.classifiers.functions.Logistic -R 1.0E-8 -M -1 -num-decimal-places 4\"',-6585883636378691736,2.0170918014700003E7,135.0,15.0,14.0,1.0,0.0,93.33333333333333,6.666666666666667,0.0,0.9,0.2370370370370371,0.298142396999972,53.33333333333333,63.24555320336759,23.77443751081735,9.774437510817343,14.000000000000007,1.5849625007211567,0.6516291673878228,0.9333333333333338,14.0,0.9333333333333333,883.3016550000405,1.0,5.0,0.0,0.0,1.0,10.0,0.0,0.0,1.0,1.0,1.0,1.0,1.0,1.0,0.9333333333333333,0.03333333333333333,0.9666666666666667,0.06666666666666667,0.9444444444444445,0.9333333333333333,0.9326599326599326,0.9062760897356268,0.9666666666666667,0.9111111111111112,0.9326599326599327,0.9333333333333333,0.012,0.0,0.01,0.0,10.0,0.0,6869.0,10633.0,2353.0,100.0,66.66666666666666,?
iris,6,4,weka.classifiers.functions.SMO,'-C 1.0 -L 0.001 -P 1.0E-12 -N 0 -V -1 -W 1 -K \"weka.classifiers.functions.supportVector.PolyKernel -E 1.0 -C 250007\" -calibrator \"weka.classifiers.functions.Logistic -R 1.0E-8 -M -1 -num-decimal-places 4\"',-6585883636378691736,2.0170918014700003E7,135.0,15.0,14.0,1.0,0.0,93.33333333333333,6.666666666666667,0.0,0.9,0.2370370370370371,0.29814239699997197,53.33333333333333,63.245553203367585,23.77443751081735,9.774437510817343,14.000000000000007,1.5849625007211567,0.6516291673878228,0.9333333333333338,14.0,0.9333333333333333,883.3016550000405,1.0,5.0,0.0,0.0,1.0,10.0,0.0,0.0,1.0,1.0,1.0,1.0,1.0,1.0,0.9333333333333333,0.03333333333333333,0.9666666666666667,0.06666666666666667,0.9444444444444445,0.9333333333333333,0.9326599326599326,0.9062760897356267,0.95,0.9,0.9326599326599326,0.9333333333333333,0.008,0.0,0.01,0.0,10.0,0.0,6869.0,10633.0,2353.0,100.0,66.66666666666666,?
iris,6,5,weka.classifiers.functions.SMO,'-C 1.0 -L 0.001 -P 1.0E-12 -N 0 -V -1 -W 1 -K \"weka.classifiers.functions.supportVector.PolyKernel -E 1.0 -C 250007\" -calibrator \"weka.classifiers.functions.Logistic -R 1.0E-8 -M -1 -num-decimal-places 4\"',-6585883636378691736,2.0170918014700003E7,135.0,15.0,15.0,0.0,0.0,100.0,0.0,0.0,1.0,0.2222222222222223,0.27216552697590873,50.0,57.73502691896258,23.77443751081735,8.774437510817343,15.000000000000007,1.5849625007211567,0.5849625007211562,1.0000000000000004,15.0,1.0,946.3946303571862,1.0,5.0,0.0,0.0,1.0,10.0,0.0,0.0,1.0,1.0,1.0,1.0,1.0,1.0,1.0,0.0,1.0,0.0,1.0,1.0,1.0,1.0,1.0,1.0,1.0,1.0,0.008,0.0,0.0,0.0,0.0,0.0,6869.0,10633.0,2353.0,100.0,66.66666666666666,?
iris,6,6,weka.classifiers.functions.SMO,'-C 1.0 -L 0.001 -P 1.0E-12 -N 0 -V -1 -W 1 -K \"weka.classifiers.functions.supportVector.PolyKernel -E 1.0 -C 250007\" -calibrator \"weka.classifiers.functions.Logistic -R 1.0E-8 -M -1 -num-decimal-places 4\"',-6585883636378691736,2.0170918014700003E7,135.0,15.0,14.0,1.0,0.0,93.33333333333333,6.666666666666667,0.0,0.9,0.2370370370370371,0.298142396999972,53.33333333333333,63.24555320336759,23.77443751081735,9.774437510817343,14.000000000000007,1.5849625007211567,0.6516291673878228,0.9333333333333338,14.0,0.9333333333333333,883.3016550000405,1.0,5.0,0.0,0.0,1.0,10.0,0.0,0.0,1.0,1.0,1.0,1.0,1.0,1.0,0.9333333333333333,0.03333333333333333,0.9666666666666667,0.06666666666666667,0.9444444444444445,0.9333333333333333,0.9326599326599326,0.9062760897356268,0.9666666666666667,0.9111111111111112,0.9326599326599327,0.9333333333333333,0.009,0.0,0.01,0.0,10.0,0.0,6869.0,10633.0,2353.0,100.0,66.66666666666666,?
iris,6,7,weka.classifiers.functions.SMO,'-C 1.0 -L 0.001 -P 1.0E-12 -N 0 -V -1 -W 1 -K \"weka.classifiers.functions.supportVector.PolyKernel -E 1.0 -C 250007\" -calibrator \"weka.classifiers.functions.Logistic -R 1.0E-8 -M -1 -num-decimal-places 4\"',-6585883636378691736,2.0170918014700003E7,135.0,15.0,14.0,1.0,0.0,93.33333333333333,6.666666666666667,0.0,0.9,0.2370370370370371,0.298142396999972,53.33333333333333,63.24555320336759,23.77443751081735,9.774437510817343,14.000000000000007,1.5849625007211567,0.6516291673878228,0.9333333333333338,14.0,0.9333333333333333,883.3016550000405,1.0,5.0,0.0,0.0,1.0,10.0,0.0,0.0,1.0,1.0,1.0,1.0,1.0,1.0,0.9333333333333333,0.03333333333333333,0.9666666666666667,0.06666666666666667,0.9444444444444445,0.9333333333333333,0.9326599326599326,0.9062760897356268,0.9666666666666667,0.9111111111111112,0.9326599326599327,0.9333333333333333,0.009,0.0,0.01,0.0,10.0,0.0,6869.0,10633.0,2353.0,100.0,66.66666666666666,?
iris,6,8,weka.classifiers.functions.SMO,'-C 1.0 -L 0.001 -P 1.0E-12 -N 0 -V -1 -W 1 -K \"weka.classifiers.functions.supportVector.PolyKernel -E 1.0 -C 250007\" -calibrator \"weka.classifiers.functions.Logistic -R 1.0E-8 -M -1 -num-decimal-places 4\"',-6585883636378691736,2.0170918014700003E7,135.0,15.0,14.0,1.0,0.0,93.33333333333333,6.666666666666667,0.0,0.9,0.2370370370370371,0.298142396999972,53.33333333333333,63.24555320336759,23.77443751081735,9.774437510817343,14.000000000000007,1.5849625007211567,0.6516291673878228,0.9333333333333338,14.0,0.9333333333333333,883.3016550000405,1.0,5.0,0.0,0.0,1.0,10.0,0.0,0.0,1.0,1.0,1.0,1.0,1.0,1.0,0.9333333333333333,0.03333333333333333,0.9666666666666667,0.06666666666666667,0.9444444444444445,0.9333333333333333,0.9326599326599326,0.9062760897356268,0.9666666666666667,0.9111111111111112,0.9326599326599327,0.9333333333333333,0.008,0.0,0.01,0.0,10.0,0.0,6869.0,10633.0,2353.0,100.0,66.66666666666666,?
iris,6,9,weka.classifiers.functions.SMO,'-C 1.0 -L 0.001 -P 1.0E-12 -N 0 -V -1 -W 1 -K \"weka.classifiers.functions.supportVector.PolyKernel -E 1.0 -C 250007\" -calibrator \"weka.classifiers.functions.Logistic -R 1.0E-8 -M -1 -num-decimal-places 4\"',-6585883636378691736,2.0170918014700003E7,135.0,15.0,15.0,0.0,0.0,100.0,0.0,0.0,1.0,0.2222222222222223,0.27216552697590873,50.0,57.73502691896258,23.77443751081735,8.774437510817343,15.000000000000007,1.5849625007211567,0.5849625007211562,1.0000000000000004,15.0,1.0,946.3946303571862,1.0,5.0,0.0,0.0,1.0,10.0,0.0,0.0,1.0,1.0,1.0,1.0,1.0,1.0,1.0,0.0,1.0,0.0,1.0,1.0,1.0,1.0,1.0,1.0,1.0,1.0,0.007,0.0,0.01,0.0,10.0,0.0,6869.0,10633.0,2353.0,100.0,66.66666666666666,?
iris,6,10,weka.classifiers.functions.SMO,'-C 1.0 -L 0.001 -P 1.0E-12 -N 0 -V -1 -W 1 -K \"weka.classifiers.functions.supportVector.PolyKernel -E 1.0 -C 250007\" -calibrator \"weka.classifiers.functions.Logistic -R 1.0E-8 -M -1 -num-decimal-places 4\"',-6585883636378691736,2.0170918014700003E7,135.0,15.0,15.0,0.0,0.0,100.0,0.0,0.0,1.0,0.2222222222222223,0.27216552697590873,50.0,57.73502691896258,23.77443751081735,8.774437510817343,15.000000000000007,1.5849625007211567,0.5849625007211562,1.0000000000000004,15.0,1.0,946.3946303571862,1.0,5.0,0.0,0.0,1.0,10.0,0.0,0.0,1.0,1.0,1.0,1.0,1.0,1.0,1.0,0.0,1.0,0.0,1.0,1.0,1.0,1.0,1.0,1.0,1.0,1.0,0.008,0.0,0.0,0.0,0.0,0.0,6869.0,10633.0,2353.0,100.0,66.66666666666666,?
iris,7,1,weka.classifiers.functions.SMO,'-C 1.0 -L 0.001 -P 1.0E-12 -N 0 -V -1 -W 1 -K \"weka.classifiers.functions.supportVector.PolyKernel -E 1.0 -C 250007\" -calibrator \"weka.classifiers.functions.Logistic -R 1.0E-8 -M -1 -num-decimal-places 4\"',-6585883636378691736,2.0170918014700003E7,135.0,15.0,14.0,1.0,0.0,93.33333333333333,6.666666666666667,0.0,0.9,0.2370370370370371,0.298142396999972,53.33333333333333,63.24555320336759,23.77443751081735,9.774437510817343,14.000000000000007,1.5849625007211567,0.6516291673878228,0.9333333333333338,14.0,0.9333333333333333,883.3016550000405,1.0,5.0,0.0,0.0,1.0,10.0,0.0,0.0,1.0,1.0,1.0,1.0,1.0,1.0,0.9333333333333333,0.03333333333333333,0.9666666666666667,0.06666666666666667,0.9444444444444445,0.9333333333333333,0.9326599326599326,0.9062760897356268,0.9666666666666667,0.9111111111111112,0.9326599326599327,0.9333333333333333,0.009,0.0,0.02,0.0,20.0,0.0,6869.0,10633.0,2353.0,100.0,66.66666666666666,?
iris,7,2,weka.classifiers.functions.SMO,'-C 1.0 -L 0.001 -P 1.0E-12 -N 0 -V -1 -W 1 -K \"weka.classifiers.functions.supportVector.PolyKernel -E 1.0 -C 250007\" -calibrator \"weka.classifiers.functions.Logistic -R 1.0E-8 -M -1 -num-decimal-places 4\"',-6585883636378691736,2.0170918014700003E7,135.0,15.0,13.0,2.0,0.0,86.66666666666667,13.333333333333334,0.0,0.8,0.25185185185185194,0.3220305943597654,56.66666666666667,68.31300510639734,23.77443751081735,10.774437510817343,13.000000000000007,1.5849625007211567,0.7182958340544895,0.8666666666666671,13.0,0.8666666666666667,820.2086796428947,1.0,5.0,0.0,0.0,1.0,10.0,0.0,0.0,1.0,1.0,1.0,1.0,1.0,1.0,0.8666666666666667,0.06666666666666667,0.9333333333333333,0.13333333333333333,0.8666666666666667,0.8666666666666667,0.8666666666666667,0.8,0.9166666666666666,0.8155555555555557,0.8666666666666668,0.8666666666666667,0.011,0.0,0.0,0.0,0.0,0.0,6869.0,10633.0,2353.0,100.0,66.66666666666666,?
iris,7,3,weka.classifiers.functions.SMO,'-C 1.0 -L 0.001 -P 1.0E-12 -N 0 -V -1 -W 1 -K \"weka.classifiers.functions.supportVector.PolyKernel -E 1.0 -C 250007\" -calibrator \"weka.classifiers.functions.Logistic -R 1.0E-8 -M -1 -num-decimal-places 4\"',-6585883636378691736,2.0170918014700003E7,135.0,15.0,15.0,0.0,0.0,100.0,0.0,0.0,1.0,0.2222222222222223,0.27216552697590873,50.0,57.73502691896258,23.77443751081735,8.774437510817343,15.000000000000007,1.5849625007211567,0.5849625007211562,1.0000000000000004,15.0,1.0,946.3946303571862,1.0,5.0,0.0,0.0,1.0,10.0,0.0,0.0,1.0,1.0,1.0,1.0,1.0,1.0,1.0,0.0,1.0,0.0,1.0,1.0,1.0,1.0,1.0,1.0,1.0,1.0,0.009,0.0,0.01,0.0,10.0,0.0,6869.0,10633.0,2353.0,100.0,66.66666666666666,?
iris,7,4,weka.classifiers.functions.SMO,'-C 1.0 -L 0.001 -P 1.0E-12 -N 0 -V -1 -W 1 -K \"weka.classifiers.functions.supportVector.PolyKernel -E 1.0 -C 250007\" -calibrator \"weka.classifiers.functions.Logistic -R 1.0E-8 -M -1 -num-decimal-places 4\"',-6585883636378691736,2.0170918014700003E7,135.0,15.0,14.0,1.0,0.0,93.33333333333333,6.666666666666667,0.0,0.9,0.23703703703703707,0.298142396999972,53.33333333333332,63.24555320336759,23.77443751081735,9.774437510817343,14.000000000000007,1.5849625007211567,0.6516291673878228,0.9333333333333338,14.0,0.9333333333333333,883.3016550000405,1.0,5.0,0.0,0.0,1.0,10.0,0.0,0.0,1.0,1.0,1.0,1.0,1.0,1.0,0.9333333333333333,0.03333333333333333,0.9666666666666667,0.06666666666666667,0.9444444444444445,0.9333333333333333,0.9326599326599326,0.9062760897356267,0.95,0.9,0.9326599326599326,0.9333333333333333,0.008,0.0,0.0,0.0,0.0,0.0,6869.0,10633.0,2353.0,100.0,66.66666666666666,?
iris,7,5,weka.classifiers.functions.SMO,'-C 1.0 -L 0.001 -P 1.0E-12 -N 0 -V -1 -W 1 -K \"weka.classifiers.functions.supportVector.PolyKernel -E 1.0 -C 250007\" -calibrator \"weka.classifiers.functions.Logistic -R 1.0E-8 -M -1 -num-decimal-places 4\"',-6585883636378691736,2.0170918014700003E7,135.0,15.0,15.0,0.0,0.0,100.0,0.0,0.0,1.0,0.2222222222222223,0.27216552697590873,50.0,57.73502691896258,23.77443751081735,8.774437510817343,15.000000000000007,1.5849625007211567,0.5849625007211562,1.0000000000000004,15.0,1.0,946.3946303571862,1.0,5.0,0.0,0.0,1.0,10.0,0.0,0.0,1.0,1.0,1.0,1.0,1.0,1.0,1.0,0.0,1.0,0.0,1.0,1.0,1.0,1.0,1.0,1.0,1.0,1.0,0.008,0.0,0.01,0.0,10.0,0.0,6869.0,10633.0,2353.0,100.0,66.66666666666666,?
iris,7,6,weka.classifiers.functions.SMO,'-C 1.0 -L 0.001 -P 1.0E-12 -N 0 -V -1 -W 1 -K \"weka.classifiers.functions.supportVector.PolyKernel -E 1.0 -C 250007\" -calibrator \"weka.classifiers.functions.Logistic -R 1.0E-8 -M -1 -num-decimal-places 4\"',-6585883636378691736,2.0170918014700003E7,135.0,15.0,15.0,0.0,0.0,100.0,0.0,0.0,1.0,0.2222222222222223,0.27216552697590873,50.0,57.73502691896258,23.77443751081735,8.774437510817343,15.000000000000007,1.5849625007211567,0.5849625007211562,1.0000000000000004,15.0,1.0,946.3946303571862,1.0,5.0,0.0,0.0,1.0,10.0,0.0,0.0,1.0,1.0,1.0,1.0,1.0,1.0,1.0,0.0,1.0,0.0,1.0,1.0,1.0,1.0,1.0,1.0,1.0,1.0,0.009,0.0,0.01,0.0,10.0,0.0,6869.0,10633.0,2353.0,100.0,66.66666666666666,?
iris,7,7,weka.classifiers.functions.SMO,'-C 1.0 -L 0.001 -P 1.0E-12 -N 0 -V -1 -W 1 -K \"weka.classifiers.functions.supportVector.PolyKernel -E 1.0 -C 250007\" -calibrator \"weka.classifiers.functions.Logistic -R 1.0E-8 -M -1 -num-decimal-places 4\"',-6585883636378691736,2.0170918014700003E7,135.0,15.0,14.0,1.0,0.0,93.33333333333333,6.666666666666667,0.0,0.9,0.2370370370370371,0.298142396999972,53.33333333333333,63.24555320336759,23.77443751081735,9.774437510817343,14.000000000000007,1.5849625007211567,0.6516291673878228,0.9333333333333338,14.0,0.9333333333333333,883.3016550000405,1.0,5.0,0.0,0.0,1.0,10.0,0.0,0.0,1.0,1.0,1.0,1.0,1.0,1.0,0.9333333333333333,0.03333333333333333,0.9666666666666667,0.06666666666666667,0.9444444444444445,0.9333333333333333,0.9326599326599326,0.9062760897356268,0.9666666666666667,0.9111111111111112,0.9326599326599327,0.9333333333333333,0.007,0.0,0.01,0.0,10.0,0.0,6869.0,10633.0,2353.0,100.0,66.66666666666666,?
iris,7,8,weka.classifiers.functions.SMO,'-C 1.0 -L 0.001 -P 1.0E-12 -N 0 -V -1 -W 1 -K \"weka.classifiers.functions.supportVector.PolyKernel -E 1.0 -C 250007\" -calibrator \"weka.classifiers.functions.Logistic -R 1.0E-8 -M -1 -num-decimal-places 4\"',-6585883636378691736,2.0170918014700003E7,135.0,15.0,15.0,0.0,0.0,100.0,0.0,0.0,1.0,0.2222222222222223,0.27216552697590873,50.0,57.73502691896258,23.77443751081735,8.774437510817343,15.000000000000007,1.5849625007211567,0.5849625007211562,1.0000000000000004,15.0,1.0,946.3946303571862,1.0,5.0,0.0,0.0,1.0,10.0,0.0,0.0,1.0,1.0,1.0,1.0,1.0,1.0,1.0,0.0,1.0,0.0,1.0,1.0,1.0,1.0,1.0,1.0,1.0,1.0,0.008,0.0,0.01,0.0,10.0,0.0,6869.0,10633.0,2353.0,100.0,66.66666666666666,?
iris,7,9,weka.classifiers.functions.SMO,'-C 1.0 -L 0.001 -P 1.0E-12 -N 0 -V -1 -W 1 -K \"weka.classifiers.functions.supportVector.PolyKernel -E 1.0 -C 250007\" -calibrator \"weka.classifiers.functions.Logistic -R 1.0E-8 -M -1 -num-decimal-places 4\"',-6585883636378691736,2.0170918014700003E7,135.0,15.0,14.0,1.0,0.0,93.33333333333333,6.666666666666667,0.0,0.9,0.2370370370370371,0.298142396999972,53.33333333333333,63.24555320336759,23.77443751081735,9.774437510817343,14.000000000000007,1.5849625007211567,0.6516291673878228,0.9333333333333338,14.0,0.9333333333333333,883.3016550000405,1.0,5.0,0.0,0.0,1.0,10.0,0.0,0.0,1.0,1.0,1.0,1.0,1.0,1.0,0.9333333333333333,0.03333333333333333,0.9666666666666667,0.06666666666666667,0.9444444444444445,0.9333333333333333,0.9326599326599326,0.9062760897356268,0.9666666666666667,0.9111111111111112,0.9326599326599327,0.9333333333333333,0.008,0.0,0.0,0.0,0.0,0.0,6869.0,10633.0,2353.0,100.0,66.66666666666666,?
iris,7,10,weka.classifiers.functions.SMO,'-C 1.0 -L 0.001 -P 1.0E-12 -N 0 -V -1 -W 1 -K \"weka.classifiers.functions.supportVector.PolyKernel -E 1.0 -C 250007\" -calibrator \"weka.classifiers.functions.Logistic -R 1.0E-8 -M -1 -num-decimal-places 4\"',-6585883636378691736,2.0170918014700003E7,135.0,15.0,15.0,0.0,0.0,100.0,0.0,0.0,1.0,0.2222222222222223,0.27216552697590873,50.0,57.73502691896258,23.77443751081735,8.774437510817343,15.000000000000007,1.5849625007211567,0.5849625007211562,1.0000000000000004,15.0,1.0,946.3946303571862,1.0,5.0,0.0,0.0,1.0,10.0,0.0,0.0,1.0,1.0,1.0,1.0,1.0,1.0,1.0,0.0,1.0,0.0,1.0,1.0,1.0,1.0,1.0,1.0,1.0,1.0,0.008,0.0,0.01,0.0,10.0,0.0,6869.0,10633.0,2353.0,100.0,66.66666666666666,?
iris,8,1,weka.classifiers.functions.SMO,'-C 1.0 -L 0.001 -P 1.0E-12 -N 0 -V -1 -W 1 -K \"weka.classifiers.functions.supportVector.PolyKernel -E 1.0 -C 250007\" -calibrator \"weka.classifiers.functions.Logistic -R 1.0E-8 -M -1 -num-decimal-places 4\"',-6585883636378691736,2.0170918014700003E7,135.0,15.0,14.0,1.0,0.0,93.33333333333333,6.666666666666667,0.0,0.9,0.2370370370370371,0.298142396999972,53.33333333333333,63.24555320336759,23.77443751081735,9.774437510817343,14.000000000000007,1.5849625007211567,0.6516291673878228,0.9333333333333338,14.0,0.9333333333333333,883.3016550000405,1.0,5.0,0.0,0.0,1.0,10.0,0.0,0.0,1.0,1.0,1.0,1.0,1.0,1.0,0.9333333333333333,0.03333333333333333,0.9666666666666667,0.06666666666666667,0.9444444444444445,0.9333333333333333,0.9326599326599326,0.9062760897356267,0.95,0.9,0.9326599326599326,0.9333333333333333,0.01,0.0,0.01,0.0,10.0,0.0,6869.0,10633.0,2353.0,100.0,66.66666666666666,?
iris,8,2,weka.classifiers.functions.SMO,'-C 1.0 -L 0.001 -P 1.0E-12 -N 0 -V -1 -W 1 -K \"weka.classifiers.functions.supportVector.PolyKernel -E 1.0 -C 250007\" -calibrator \"weka.classifiers.functions.Logistic -R 1.0E-8 -M -1 -num-decimal-places 4\"',-6585883636378691736,2.0170918014700003E7,135.0,15.0,14.0,1.0,0.0,93.33333333333333,6.666666666666667,0.0,0.9,0.23703703703703707,0.298142396999972,53.33333333333332,63.24555320336759,23.77443751081735,9.774437510817343,14.000000000000007,1.5849625007211567,0.6516291673878228,0.9333333333333338,14.0,0.9333333333333333,883.3016550000405,1.0,5.0,0.0,0.0,1.0,10.0,0.0,0.0,1.0,1.0,1.0,1.0,1.0,1.0,0.9333333333333333,0.03333333333333333,0.9666666666666667,0.06666666666666667,0.9444444444444445,0.9333333333333333,0.9326599326599326,0.9062760897356268,0.9666666666666667,0.9111111111111112,0.9326599326599327,0.9333333333333333,0.011,0.0,0.01,0.0,10.0,0.0,6869.0,10633.0,2353.0,100.0,66.66666666666666,?
iris,8,3,weka.classifiers.functions.SMO,'-C 1.0 -L 0.001 -P 1.0E-12 -N 0 -V -1 -W 1 -K \"weka.classifiers.functions.supportVector.PolyKernel -E 1.0 -C 250007\" -calibrator \"weka.classifiers.functions.Logistic -R 1.0E-8 -M -1 -num-decimal-places 4\"',-6585883636378691736,2.0170918014700003E7,135.0,15.0,15.0,0.0,0.0,100.0,0.0,0.0,1.0,0.2222222222222223,0.27216552697590873,50.0,57.73502691896258,23.77443751081735,8.774437510817343,15.000000000000007,1.5849625007211567,0.5849625007211562,1.0000000000000004,15.0,1.0,946.3946303571862,1.0,5.0,0.0,0.0,1.0,10.0,0.0,0.0,1.0,1.0,1.0,1.0,1.0,1.0,1.0,0.0,1.0,0.0,1.0,1.0,1.0,1.0,1.0,1.0,1.0,1.0,0.008,0.0,0.01,0.0,10.0,0.0,6869.0,10633.0,2353.0,100.0,66.66666666666666,?
iris,8,4,weka.classifiers.functions.SMO,'-C 1.0 -L 0.001 -P 1.0E-12 -N 0 -V -1 -W 1 -K \"weka.classifiers.functions.supportVector.PolyKernel -E 1.0 -C 250007\" -calibrator \"weka.classifiers.functions.Logistic -R 1.0E-8 -M -1 -num-decimal-places 4\"',-6585883636378691736,2.0170918014700003E7,135.0,15.0,15.0,0.0,0.0,100.0,0.0,0.0,1.0,0.2222222222222223,0.27216552697590873,50.0,57.73502691896258,23.77443751081735,8.774437510817343,15.000000000000007,1.5849625007211567,0.5849625007211562,1.0000000000000004,15.0,1.0,946.3946303571862,1.0,5.0,0.0,0.0,1.0,10.0,0.0,0.0,1.0,1.0,1.0,1.0,1.0,1.0,1.0,0.0,1.0,0.0,1.0,1.0,1.0,1.0,1.0,1.0,1.0,1.0,0.007,0.0,0.01,0.0,10.0,0.0,6869.0,10633.0,2353.0,100.0,66.66666666666666,?
iris,8,5,weka.classifiers.functions.SMO,'-C 1.0 -L 0.001 -P 1.0E-12 -N 0 -V -1 -W 1 -K \"weka.classifiers.functions.supportVector.PolyKernel -E 1.0 -C 250007\" -calibrator \"weka.classifiers.functions.Logistic -R 1.0E-8 -M -1 -num-decimal-places 4\"',-6585883636378691736,2.0170918014700003E7,135.0,15.0,15.0,0.0,0.0,100.0,0.0,0.0,1.0,0.2222222222222223,0.27216552697590873,50.0,57.73502691896258,23.77443751081735,8.774437510817343,15.000000000000007,1.5849625007211567,0.5849625007211562,1.0000000000000004,15.0,1.0,946.3946303571862,1.0,5.0,0.0,0.0,1.0,10.0,0.0,0.0,1.0,1.0,1.0,1.0,1.0,1.0,1.0,0.0,1.0,0.0,1.0,1.0,1.0,1.0,1.0,1.0,1.0,1.0,0.008,0.0,0.01,0.0,10.0,0.0,6869.0,10633.0,2353.0,100.0,66.66666666666666,?
iris,8,6,weka.classifiers.functions.SMO,'-C 1.0 -L 0.001 -P 1.0E-12 -N 0 -V -1 -W 1 -K \"weka.classifiers.functions.supportVector.PolyKernel -E 1.0 -C 250007\" -calibrator \"weka.classifiers.functions.Logistic -R 1.0E-8 -M -1 -num-decimal-places 4\"',-6585883636378691736,2.0170918014700003E7,135.0,15.0,13.0,2.0,0.0,86.66666666666667,13.333333333333334,0.0,0.8,0.25185185185185194,0.3220305943597654,56.66666666666667,68.31300510639734,23.77443751081735,10.774437510817343,13.000000000000007,1.5849625007211567,0.7182958340544895,0.8666666666666671,13.0,0.8666666666666667,820.2086796428947,1.0,5.0,0.0,0.0,1.0,10.0,0.0,0.0,1.0,1.0,1.0,1.0,1.0,1.0,0.8666666666666667,0.06666666666666667,0.9333333333333333,0.13333333333333333,0.9047619047619048,0.8666666666666667,0.861111111111111,0.821011909068334,0.9333333333333333,0.8380952380952381,0.861111111111111,0.8666666666666667,0.007,0.0,0.0,0.0,0.0,0.0,6869.0,10633.0,2353.0,100.0,66.66666666666666,?
iris,8,7,weka.classifiers.functions.SMO,'-C 1.0 -L 0.001 -P 1.0E-12 -N 0 -V -1 -W 1 -K \"weka.classifiers.functions.supportVector.PolyKernel -E 1.0 -C 250007\" -calibrator \"weka.classifiers.functions.Logistic -R 1.0E-8 -M -1 -num-decimal-places 4\"',-6585883636378691736,2.0170918014700003E7,135.0,15.0,15.0,0.0,0.0,100.0,0.0,0.0,1.0,0.2222222222222223,0.27216552697590873,50.0,57.73502691896258,23.77443751081735,8.774437510817343,15.000000000000007,1.5849625007211567,0.5849625007211562,1.0000000000000004,15.0,1.0,946.3946303571862,1.0,5.0,0.0,0.0,1.0,10.0,0.0,0.0,1.0,1.0,1.0,1.0,1.0,1.0,1.0,0.0,1.0,0.0,1.0,1.0,1.0,1.0,1.0,1.0,1.0,1.0,0.007,0.0,0.01,0.0,10.0,0.0,6869.0,10633.0,2353.0,100.0,66.66666666666666,?
iris,8,8,weka.classifiers.functions.SMO,'-C 1.0 -L 0.001 -P 1.0E-12 -N 0 -V -1 -W 1 -K \"weka.classifiers.functions.supportVector.PolyKernel -E 1.0 -C 250007\" -calibrator \"weka.classifiers.functions.Logistic -R 1.0E-8 -M -1 -num-decimal-places 4\"',-6585883636378691736,2.0170918014700003E7,135.0,15.0,15.0,0.0,0.0,100.0,0.0,0.0,1.0,0.2222222222222223,0.27216552697590873,50.0,57.73502691896258,23.77443751081735,8.774437510817343,15.000000000000007,1.5849625007211567,0.5849625007211562,1.0000000000000004,15.0,1.0,946.3946303571862,1.0,5.0,0.0,0.0,1.0,10.0,0.0,0.0,1.0,1.0,1.0,1.0,1.0,1.0,1.0,0.0,1.0,0.0,1.0,1.0,1.0,1.0,1.0,1.0,1.0,1.0,0.007,0.0,0.01,0.0,10.0,0.0,6869.0,10633.0,2353.0,100.0,66.66666666666666,?
iris,8,9,weka.classifiers.functions.SMO,'-C 1.0 -L 0.001 -P 1.0E-12 -N 0 -V -1 -W 1 -K \"weka.classifiers.functions.supportVector.PolyKernel -E 1.0 -C 250007\" -calibrator \"weka.classifiers.functions.Logistic -R 1.0E-8 -M -1 -num-decimal-places 4\"',-6585883636378691736,2.0170918014700003E7,135.0,15.0,15.0,0.0,0.0,100.0,0.0,0.0,1.0,0.2222222222222223,0.27216552697590873,50.0,57.73502691896258,23.77443751081735,8.774437510817343,15.000000000000007,1.5849625007211567,0.5849625007211562,1.0000000000000004,15.0,1.0,946.3946303571862,1.0,5.0,0.0,0.0,1.0,10.0,0.0,0.0,1.0,1.0,1.0,1.0,1.0,1.0,1.0,0.0,1.0,0.0,1.0,1.0,1.0,1.0,1.0,1.0,1.0,1.0,0.007,0.0,0.0,0.0,0.0,0.0,6869.0,10633.0,2353.0,100.0,66.66666666666666,?
iris,8,10,weka.classifiers.functions.SMO,'-C 1.0 -L 0.001 -P 1.0E-12 -N 0 -V -1 -W 1 -K \"weka.classifiers.functions.supportVector.PolyKernel -E 1.0 -C 250007\" -calibrator \"weka.classifiers.functions.Logistic -R 1.0E-8 -M -1 -num-decimal-places 4\"',-6585883636378691736,2.0170918014700003E7,135.0,15.0,14.0,1.0,0.0,93.33333333333333,6.666666666666667,0.0,0.9,0.23703703703703707,0.298142396999972,53.33333333333332,63.24555320336759,23.77443751081735,9.774437510817343,14.000000000000007,1.5849625007211567,0.6516291673878228,0.9333333333333338,14.0,0.9333333333333333,883.3016550000405,1.0,5.0,0.0,0.0,1.0,10.0,0.0,0.0,1.0,1.0,1.0,1.0,1.0,1.0,0.9333333333333333,0.03333333333333333,0.9666666666666667,0.06666666666666667,0.9444444444444445,0.9333333333333333,0.9326599326599326,0.9062760897356268,0.9666666666666667,0.9111111111111112,0.9326599326599327,0.9333333333333333,0.009,0.0,0.01,0.0,10.0,0.0,6869.0,10633.0,2353.0,100.0,66.66666666666666,?
iris,9,1,weka.classifiers.functions.SMO,'-C 1.0 -L 0.001 -P 1.0E-12 -N 0 -V -1 -W 1 -K \"weka.classifiers.functions.supportVector.PolyKernel -E 1.0 -C 250007\" -calibrator \"weka.classifiers.functions.Logistic -R 1.0E-8 -M -1 -num-decimal-places 4\"',-6585883636378691736,2.0170918014700003E7,135.0,15.0,15.0,0.0,0.0,100.0,0.0,0.0,1.0,0.2222222222222223,0.27216552697590873,50.0,57.73502691896258,23.77443751081735,8.774437510817343,15.000000000000007,1.5849625007211567,0.5849625007211562,1.0000000000000004,15.0,1.0,946.3946303571862,1.0,5.0,0.0,0.0,1.0,10.0,0.0,0.0,1.0,1.0,1.0,1.0,1.0,1.0,1.0,0.0,1.0,0.0,1.0,1.0,1.0,1.0,1.0,1.0,1.0,1.0,0.007,0.0,0.01,0.0,10.0,0.0,6869.0,10633.0,2353.0,100.0,66.66666666666666,?
iris,9,2,weka.classifiers.functions.SMO,'-C 1.0 -L 0.001 -P 1.0E-12 -N 0 -V -1 -W 1 -K \"weka.classifiers.functions.supportVector.PolyKernel -E 1.0 -C 250007\" -calibrator \"weka.classifiers.functions.Logistic -R 1.0E-8 -M -1 -num-decimal-places 4\"',-6585883636378691736,2.0170918014700003E7,135.0,15.0,14.0,1.0,0.0,93.33333333333333,6.666666666666667,0.0,0.9,0.2370370370370371,0.298142396999972,53.33333333333333,63.24555320336759,23.77443751081735,9.774437510817343,14.000000000000007,1.5849625007211567,0.6516291673878228,0.9333333333333338,14.0,0.9333333333333333,883.3016550000405,1.0,5.0,0.0,0.0,1.0,10.0,0.0,0.0,1.0,1.0,1.0,1.0,1.0,1.0,0.9333333333333333,0.03333333333333333,0.9666666666666667,0.06666666666666667,0.9444444444444445,0.9333333333333333,0.9326599326599326,0.9062760897356268,0.9666666666666667,0.9111111111111112,0.9326599326599327,0.9333333333333333,0.007,0.0,0.01,0.0,10.0,0.0,6869.0,10633.0,2353.0,100.0,66.66666666666666,?
iris,9,3,weka.classifiers.functions.SMO,'-C 1.0 -L 0.001 -P 1.0E-12 -N 0 -V -1 -W 1 -K \"weka.classifiers.functions.supportVector.PolyKernel -E 1.0 -C 250007\" -calibrator \"weka.classifiers.functions.Logistic -R 1.0E-8 -M -1 -num-decimal-places 4\"',-6585883636378691736,2.0170918014700003E7,135.0,15.0,13.0,2.0,0.0,86.66666666666667,13.333333333333334,0.0,0.8,0.25185185185185194,0.3220305943597654,56.66666666666667,68.31300510639734,23.77443751081735,10.774437510817343,13.000000000000007,1.5849625007211567,0.7182958340544895,0.8666666666666671,13.0,0.8666666666666667,820.2086796428947,1.0,5.0,0.0,0.0,1.0,10.0,0.0,0.0,1.0,1.0,1.0,1.0,1.0,1.0,0.8666666666666667,0.06666666666666667,0.9333333333333333,0.13333333333333333,0.9047619047619048,0.8666666666666667,0.861111111111111,0.821011909068334,0.9333333333333333,0.8380952380952381,0.861111111111111,0.8666666666666667,0.007,0.0,0.0,0.0,0.0,0.0,6869.0,10633.0,2353.0,100.0,66.66666666666666,?
iris,9,4,weka.classifiers.functions.SMO,'-C 1.0 -L 0.001 -P 1.0E-12 -N 0 -V -1 -W 1 -K \"weka.classifiers.functions.supportVector.PolyKernel -E 1.0 -C 250007\" -calibrator \"weka.classifiers.functions.Logistic -R 1.0E-8 -M -1 -num-decimal-places 4\"',-6585883636378691736,2.0170918014700003E7,135.0,15.0,14.0,1.0,0.0,93.33333333333333,6.666666666666667,0.0,0.9,0.2370370370370371,0.298142396999972,53.33333333333333,63.24555320336759,23.77443751081735,9.774437510817343,14.000000000000007,1.5849625007211567,0.6516291673878228,0.9333333333333338,14.0,0.9333333333333333,883.3016550000405,1.0,5.0,0.0,0.0,1.0,10.0,0.0,0.0,1.0,1.0,1.0,1.0,1.0,1.0,0.9333333333333333,0.03333333333333333,0.9666666666666667,0.06666666666666667,0.9444444444444445,0.9333333333333333,0.9326599326599326,0.9062760897356267,0.95,0.9,0.9326599326599326,0.9333333333333333,0.007,0.0,0.0,0.0,0.0,0.0,6869.0,10633.0,2353.0,100.0,66.66666666666666,?
iris,9,5,weka.classifiers.functions.SMO,'-C 1.0 -L 0.001 -P 1.0E-12 -N 0 -V -1 -W 1 -K \"weka.classifiers.functions.supportVector.PolyKernel -E 1.0 -C 250007\" -calibrator \"weka.classifiers.functions.Logistic -R 1.0E-8 -M -1 -num-decimal-places 4\"',-6585883636378691736,2.0170918014700003E7,135.0,15.0,15.0,0.0,0.0,100.0,0.0,0.0,1.0,0.2222222222222223,0.27216552697590873,50.0,57.73502691896258,23.77443751081735,8.774437510817343,15.000000000000007,1.5849625007211567,0.5849625007211562,1.0000000000000004,15.0,1.0,946.3946303571862,1.0,5.0,0.0,0.0,1.0,10.0,0.0,0.0,1.0,1.0,1.0,1.0,1.0,1.0,1.0,0.0,1.0,0.0,1.0,1.0,1.0,1.0,1.0,1.0,1.0,1.0,0.011,0.0,0.01,0.0,10.0,0.0,6869.0,10633.0,2353.0,100.0,66.66666666666666,?
iris,9,6,weka.classifiers.functions.SMO,'-C 1.0 -L 0.001 -P 1.0E-12 -N 0 -V -1 -W 1 -K \"weka.classifiers.functions.supportVector.PolyKernel -E 1.0 -C 250007\" -calibrator \"weka.classifiers.functions.Logistic -R 1.0E-8 -M -1 -num-decimal-places 4\"',-6585883636378691736,2.0170918014700003E7,135.0,15.0,15.0,0.0,0.0,100.0,0.0,0.0,1.0,0.2222222222222223,0.27216552697590873,50.0,57.73502691896258,23.77443751081735,8.774437510817343,15.000000000000007,1.5849625007211567,0.5849625007211562,1.0000000000000004,15.0,1.0,946.3946303571862,1.0,5.0,0.0,0.0,1.0,10.0,0.0,0.0,1.0,1.0,1.0,1.0,1.0,1.0,1.0,0.0,1.0,0.0,1.0,1.0,1.0,1.0,1.0,1.0,1.0,1.0,0.009,0.0,0.01,0.0,10.0,0.0,6869.0,10633.0,2353.0,100.0,66.66666666666666,?
iris,9,7,weka.classifiers.functions.SMO,'-C 1.0 -L 0.001 -P 1.0E-12 -N 0 -V -1 -W 1 -K \"weka.classifiers.functions.supportVector.PolyKernel -E 1.0 -C 250007\" -calibrator \"weka.classifiers.functions.Logistic -R 1.0E-8 -M -1 -num-decimal-places 4\"',-6585883636378691736,2.0170918014700003E7,135.0,15.0,14.0,1.0,0.0,93.33333333333333,6.666666666666667,0.0,0.9,0.2370370370370371,0.29814239699997197,53.33333333333333,63.245553203367585,23.77443751081735,9.774437510817343,14.000000000000007,1.5849625007211567,0.6516291673878228,0.9333333333333338,14.0,0.9333333333333333,883.3016550000405,1.0,5.0,0.0,0.0,1.0,10.0,0.0,0.0,1.0,1.0,1.0,1.0,1.0,1.0,0.9333333333333333,0.03333333333333333,0.9666666666666667,0.06666666666666667,0.9444444444444445,0.9333333333333333,0.9326599326599326,0.9062760897356267,0.95,0.9,0.9326599326599326,0.9333333333333333,0.007,0.0,0.01,0.0,10.0,0.0,6869.0,10633.0,2353.0,100.0,66.66666666666666,?
iris,9,8,weka.classifiers.functions.SMO,'-C 1.0 -L 0.001 -P 1.0E-12 -N 0 -V -1 -W 1 -K \"weka.classifiers.functions.supportVector.PolyKernel -E 1.0 -C 250007\" -calibrator \"weka.classifiers.functions.Logistic -R 1.0E-8 -M -1 -num-decimal-places 4\"',-6585883636378691736,2.0170918014700003E7,135.0,15.0,15.0,0.0,0.0,100.0,0.0,0.0,1.0,0.2222222222222223,0.27216552697590873,50.0,57.73502691896258,23.77443751081735,8.774437510817343,15.000000000000007,1.5849625007211567,0.5849625007211562,1.0000000000000004,15.0,1.0,946.3946303571862,1.0,5.0,0.0,0.0,1.0,10.0,0.0,0.0,1.0,1.0,1.0,1.0,1.0,1.0,1.0,0.0,1.0,0.0,1.0,1.0,1.0,1.0,1.0,1.0,1.0,1.0,0.007,0.0,0.01,0.0,10.0,0.0,6869.0,10633.0,2353.0,100.0,66.66666666666666,?
iris,9,9,weka.classifiers.functions.SMO,'-C 1.0 -L 0.001 -P 1.0E-12 -N 0 -V -1 -W 1 -K \"weka.classifiers.functions.supportVector.PolyKernel -E 1.0 -C 250007\" -calibrator \"weka.classifiers.functions.Logistic -R 1.0E-8 -M -1 -num-decimal-places 4\"',-6585883636378691736,2.0170918014700003E7,135.0,15.0,14.0,1.0,0.0,93.33333333333333,6.666666666666667,0.0,0.9,0.2370370370370371,0.298142396999972,53.33333333333333,63.24555320336759,23.77443751081735,9.774437510817343,14.000000000000007,1.5849625007211567,0.6516291673878228,0.9333333333333338,14.0,0.9333333333333333,883.3016550000405,1.0,5.0,0.0,0.0,1.0,10.0,0.0,0.0,1.0,1.0,1.0,1.0,1.0,1.0,0.9333333333333333,0.03333333333333333,0.9666666666666667,0.06666666666666667,0.9444444444444445,0.9333333333333333,0.9326599326599326,0.9062760897356268,0.9700000000000001,0.9148148148148149,0.9326599326599327,0.9333333333333333,0.007,0.0,0.01,0.0,10.0,0.0,6869.0,10633.0,2353.0,100.0,66.66666666666666,?
iris,9,10,weka.classifiers.functions.SMO,'-C 1.0 -L 0.001 -P 1.0E-12 -N 0 -V -1 -W 1 -K \"weka.classifiers.functions.supportVector.PolyKernel -E 1.0 -C 250007\" -calibrator \"weka.classifiers.functions.Logistic -R 1.0E-8 -M -1 -num-decimal-places 4\"',-6585883636378691736,2.0170918014700003E7,135.0,15.0,15.0,0.0,0.0,100.0,0.0,0.0,1.0,0.2222222222222223,0.27216552697590873,50.0,57.73502691896258,23.77443751081735,8.774437510817343,15.000000000000007,1.5849625007211567,0.5849625007211562,1.0000000000000004,15.0,1.0,946.3946303571862,1.0,5.0,0.0,0.0,1.0,10.0,0.0,0.0,1.0,1.0,1.0,1.0,1.0,1.0,1.0,0.0,1.0,0.0,1.0,1.0,1.0,1.0,1.0,1.0,1.0,1.0,0.007,0.0,0.0,0.0,0.0,0.0,6869.0,10633.0,2353.0,100.0,66.66666666666666,?
iris,10,1,weka.classifiers.functions.SMO,'-C 1.0 -L 0.001 -P 1.0E-12 -N 0 -V -1 -W 1 -K \"weka.classifiers.functions.supportVector.PolyKernel -E 1.0 -C 250007\" -calibrator \"weka.classifiers.functions.Logistic -R 1.0E-8 -M -1 -num-decimal-places 4\"',-6585883636378691736,2.0170918014700003E7,135.0,15.0,15.0,0.0,0.0,100.0,0.0,0.0,1.0,0.2222222222222223,0.27216552697590873,50.0,57.73502691896258,23.77443751081735,8.774437510817343,15.000000000000007,1.5849625007211567,0.5849625007211562,1.0000000000000004,15.0,1.0,946.3946303571862,1.0,5.0,0.0,0.0,1.0,10.0,0.0,0.0,1.0,1.0,1.0,1.0,1.0,1.0,1.0,0.0,1.0,0.0,1.0,1.0,1.0,1.0,1.0,1.0,1.0,1.0,0.007,0.0,0.0,0.0,0.0,0.0,6869.0,10633.0,2353.0,100.0,66.66666666666666,?
iris,10,2,weka.classifiers.functions.SMO,'-C 1.0 -L 0.001 -P 1.0E-12 -N 0 -V -1 -W 1 -K \"weka.classifiers.functions.supportVector.PolyKernel -E 1.0 -C 250007\" -calibrator \"weka.classifiers.functions.Logistic -R 1.0E-8 -M -1 -num-decimal-places 4\"',-6585883636378691736,2.0170918014700003E7,135.0,15.0,15.0,0.0,0.0,100.0,0.0,0.0,1.0,0.2222222222222223,0.27216552697590873,50.0,57.73502691896258,23.77443751081735,8.774437510817343,15.000000000000007,1.5849625007211567,0.5849625007211562,1.0000000000000004,15.0,1.0,946.3946303571862,1.0,5.0,0.0,0.0,1.0,10.0,0.0,0.0,1.0,1.0,1.0,1.0,1.0,1.0,1.0,0.0,1.0,0.0,1.0,1.0,1.0,1.0,1.0,1.0,1.0,1.0,0.007,0.0,0.01,0.0,10.0,0.0,6869.0,10633.0,2353.0,100.0,66.66666666666666,?
iris,10,3,weka.classifiers.functions.SMO,'-C 1.0 -L 0.001 -P 1.0E-12 -N 0 -V -1 -W 1 -K \"weka.classifiers.functions.supportVector.PolyKernel -E 1.0 -C 250007\" -calibrator \"weka.classifiers.functions.Logistic -R 1.0E-8 -M -1 -num-decimal-places 4\"',-6585883636378691736,2.0170918014700003E7,135.0,15.0,15.0,0.0,0.0,100.0,0.0,0.0,1.0,0.2222222222222223,0.27216552697590873,50.0,57.73502691896258,23.77443751081735,8.774437510817343,15.000000000000007,1.5849625007211567,0.5849625007211562,1.0000000000000004,15.0,1.0,946.3946303571862,1.0,5.0,0.0,0.0,1.0,10.0,0.0,0.0,1.0,1.0,1.0,1.0,1.0,1.0,1.0,0.0,1.0,0.0,1.0,1.0,1.0,1.0,1.0,1.0,1.0,1.0,0.012,0.0,0.01,0.0,10.0,0.0,6869.0,10633.0,2353.0,100.0,66.66666666666666,?
iris,10,4,weka.classifiers.functions.SMO,'-C 1.0 -L 0.001 -P 1.0E-12 -N 0 -V -1 -W 1 -K \"weka.classifiers.functions.supportVector.PolyKernel -E 1.0 -C 250007\" -calibrator \"weka.classifiers.functions.Logistic -R 1.0E-8 -M -1 -num-decimal-places 4\"',-6585883636378691736,2.0170918014700003E7,135.0,15.0,14.0,1.0,0.0,93.33333333333333,6.666666666666667,0.0,0.9,0.2370370370370371,0.29814239699997197,53.33333333333333,63.245553203367585,23.77443751081735,9.774437510817343,14.000000000000007,1.5849625007211567,0.6516291673878228,0.9333333333333338,14.0,0.9333333333333333,883.3016550000405,1.0,5.0,0.0,0.0,1.0,10.0,0.0,0.0,1.0,1.0,1.0,1.0,1.0,1.0,0.9333333333333333,0.03333333333333333,0.9666666666666667,0.06666666666666667,0.9444444444444445,0.9333333333333333,0.9326599326599326,0.9062760897356267,0.95,0.9,0.9326599326599326,0.9333333333333333,0.011,0.0,0.01,0.0,10.0,0.0,6869.0,10633.0,2353.0,100.0,66.66666666666666,?
iris,10,5,weka.classifiers.functions.SMO,'-C 1.0 -L 0.001 -P 1.0E-12 -N 0 -V -1 -W 1 -K \"weka.classifiers.functions.supportVector.PolyKernel -E 1.0 -C 250007\" -calibrator \"weka.classifiers.functions.Logistic -R 1.0E-8 -M -1 -num-decimal-places 4\"',-6585883636378691736,2.0170918014700003E7,135.0,15.0,14.0,1.0,0.0,93.33333333333333,6.666666666666667,0.0,0.9,0.2370370370370371,0.298142396999972,53.33333333333333,63.24555320336759,23.77443751081735,9.774437510817343,14.000000000000007,1.5849625007211567,0.6516291673878228,0.9333333333333338,14.0,0.9333333333333333,883.3016550000405,1.0,5.0,0.0,0.0,1.0,10.0,0.0,0.0,1.0,1.0,1.0,1.0,1.0,1.0,0.9333333333333333,0.03333333333333333,0.9666666666666667,0.06666666666666667,0.9444444444444445,0.9333333333333333,0.9326599326599326,0.9062760897356268,0.9666666666666667,0.9111111111111112,0.9326599326599327,0.9333333333333333,0.008,0.0,0.01,0.0,10.0,0.0,6869.0,10633.0,2353.0,100.0,66.66666666666666,?
iris,10,6,weka.classifiers.functions.SMO,'-C 1.0 -L 0.001 -P 1.0E-12 -N 0 -V -1 -W 1 -K \"weka.classifiers.functions.supportVector.PolyKernel -E 1.0 -C 250007\" -calibrator \"weka.classifiers.functions.Logistic -R 1.0E-8 -M -1 -num-decimal-places 4\"',-6585883636378691736,2.0170918014700003E7,135.0,15.0,15.0,0.0,0.0,100.0,0.0,0.0,1.0,0.2222222222222223,0.27216552697590873,50.0,57.73502691896258,23.77443751081735,8.774437510817343,15.000000000000007,1.5849625007211567,0.5849625007211562,1.0000000000000004,15.0,1.0,946.3946303571862,1.0,5.0,0.0,0.0,1.0,10.0,0.0,0.0,1.0,1.0,1.0,1.0,1.0,1.0,1.0,0.0,1.0,0.0,1.0,1.0,1.0,1.0,1.0,1.0,1.0,1.0,0.007,0.0,0.01,0.0,10.0,0.0,6869.0,10633.0,2353.0,100.0,66.66666666666666,?
iris,10,7,weka.classifiers.functions.SMO,'-C 1.0 -L 0.001 -P 1.0E-12 -N 0 -V -1 -W 1 -K \"weka.classifiers.functions.supportVector.PolyKernel -E 1.0 -C 250007\" -calibrator \"weka.classifiers.functions.Logistic -R 1.0E-8 -M -1 -num-decimal-places 4\"',-6585883636378691736,2.0170918014700003E7,135.0,15.0,14.0,1.0,0.0,93.33333333333333,6.666666666666667,0.0,0.9,0.23703703703703707,0.298142396999972,53.33333333333332,63.24555320336759,23.77443751081735,9.774437510817343,14.000000000000007,1.5849625007211567,0.6516291673878228,0.9333333333333338,14.0,0.9333333333333333,883.3016550000405,1.0,5.0,0.0,0.0,1.0,10.0,0.0,0.0,1.0,1.0,1.0,1.0,1.0,1.0,0.9333333333333333,0.03333333333333333,0.9666666666666667,0.06666666666666667,0.9444444444444445,0.9333333333333333,0.9326599326599326,0.9062760897356268,0.9666666666666667,0.9111111111111112,0.9326599326599327,0.9333333333333333,0.007,0.0,0.01,0.0,10.0,0.0,6869.0,10633.0,2353.0,100.0,66.66666666666666,?
iris,10,8,weka.classifiers.functions.SMO,'-C 1.0 -L 0.001 -P 1.0E-12 -N 0 -V -1 -W 1 -K \"weka.classifiers.functions.supportVector.PolyKernel -E 1.0 -C 250007\" -calibrator \"weka.classifiers.functions.Logistic -R 1.0E-8 -M -1 -num-decimal-places 4\"',-6585883636378691736,2.0170918014700003E7,135.0,15.0,13.0,2.0,0.0,86.66666666666667,13.333333333333334,0.0,0.8,0.2518518518518519,0.3220305943597654,56.66666666666665,68.31300510639734,23.77443751081735,10.774437510817343,13.000000000000007,1.5849625007211567,0.7182958340544895,0.8666666666666671,13.0,0.8666666666666667,820.2086796428947,1.0,5.0,0.0,0.0,1.0,10.0,0.0,0.0,1.0,1.0,1.0,1.0,1.0,1.0,0.8666666666666667,0.06666666666666667,0.9333333333333333,0.13333333333333333,0.9047619047619048,0.8666666666666667,0.861111111111111,0.821011909068334,0.9333333333333333,0.8380952380952381,0.861111111111111,0.8666666666666667,0.008,0.0,0.0,0.0,0.0,0.0,6869.0,10633.0,2353.0,100.0,66.66666666666666,?
iris,10,9,weka.classifiers.functions.SMO,'-C 1.0 -L 0.001 -P 1.0E-12 -N 0 -V -1 -W 1 -K \"weka.classifiers.functions.supportVector.PolyKernel -E 1.0 -C 250007\" -calibrator \"weka.classifiers.functions.Logistic -R 1.0E-8 -M -1 -num-decimal-places 4\"',-6585883636378691736,2.0170918014700003E7,135.0,15.0,14.0,1.0,0.0,93.33333333333333,6.666666666666667,0.0,0.9,0.2370370370370371,0.29814239699997197,53.33333333333333,63.245553203367585,23.77443751081735,9.774437510817343,14.000000000000007,1.5849625007211567,0.6516291673878228,0.9333333333333338,14.0,0.9333333333333333,883.3016550000405,1.0,5.0,0.0,0.0,1.0,10.0,0.0,0.0,1.0,1.0,1.0,1.0,1.0,1.0,0.9333333333333333,0.03333333333333333,0.9666666666666667,0.06666666666666667,0.9444444444444445,0.9333333333333333,0.9326599326599326,0.9062760897356267,0.95,0.9,0.9326599326599326,0.9333333333333333,0.007,0.0,0.01,0.0,10.0,0.0,6869.0,10633.0,2353.0,100.0,66.66666666666666,?
iris,10,10,weka.classifiers.functions.SMO,'-C 1.0 -L 0.001 -P 1.0E-12 -N 0 -V -1 -W 1 -K \"weka.classifiers.functions.supportVector.PolyKernel -E 1.0 -C 250007\" -calibrator \"weka.classifiers.functions.Logistic -R 1.0E-8 -M -1 -num-decimal-places 4\"',-6585883636378691736,2.0170918014700003E7,135.0,15.0,15.0,0.0,0.0,100.0,0.0,0.0,1.0,0.2222222222222223,0.27216552697590873,50.0,57.73502691896258,23.77443751081735,8.774437510817343,15.000000000000007,1.5849625007211567,0.5849625007211562,1.0000000000000004,15.0,1.0,946.3946303571862,1.0,5.0,0.0,0.0,1.0,10.0,0.0,0.0,1.0,1.0,1.0,1.0,1.0,1.0,1.0,0.0,1.0,0.0,1.0,1.0,1.0,1.0,1.0,1.0,1.0,1.0,0.007,0.0,0.01,0.0,10.0,0.0,6869.0,10633.0,2353.0,100.0,66.66666666666666,?
