Key_Dataset,Key_Run,Key_Fold,Key_Scheme,Key_Scheme_options,Key_Scheme_version_ID,Date_time,Number_of_training_instances,Number_of_testing_instances,Number_correct,Number_incorrect,Number_unclassified,Percent_correct,Percent_incorrect,Percent_unclassified,Kappa_statistic,Mean_absolute_error,Root_mean_squared_error,Relative_absolute_error,Root_relative_squared_error,SF_prior_entropy,SF_scheme_entropy,SF_entropy_gain,SF_mean_prior_entropy,SF_mean_scheme_entropy,SF_mean_entropy_gain,KB_information,KB_mean_information,KB_relative_information,True_positive_rate,Num_true_positives,False_positive_rate,Num_false_positives,True_negative_rate,Num_true_negatives,False_negative_rate,Num_false_negatives,IR_precision,IR_recall,F_measure,Matthews_correlation,Area_under_ROC,Area_under_PRC,Weighted_avg_true_positive_rate,Weighted_avg_false_positive_rate,Weighted_avg_true_negative_rate,Weighted_avg_false_negative_rate,Weighted_avg_IR_precision,Weighted_avg_IR_recall,Weighted_avg_F_measure,Weighted_avg_matthews_correlation,Weighted_avg_area_under_ROC,Weighted_avg_area_under_PRC,Unweighted_macro_avg_F_measure,Unweighted_micro_avg_F_measure,Elapsed_Time_training,Elapsed_Time_testing,UserCPU_Time_training,UserCPU_Time_testing,UserCPU_Time_millis_training,UserCPU_Time_millis_testing,Serialized_Model_Size,Serialized_Train_Set_Size,Serialized_Test_Set_Size,Coverage_of_Test_Cases_By_Regions,Size_of_Predicted_Regions,Summary
letters,1,1,weka.classifiers.lazy.IBk,"'-K 4 -W 0 -I -A \""weka.core.neighboursearch.LinearNNSearch -A \\\""weka.core.EuclideanDistance -R first-last\\\""\""'",-3.08019E+18,2.02E+07,18000,2000,1919,81,0,95.95,4.05,0,0.95787826,0.005476301,0.051002026,7.404205149,26.52146608,9399.756797,569.4851136,8830.271683,4.699878398,0.284742557,4.415135842,9065.684916,4.532842458,192894.9017,0.987341772,78,0,0,1,1921,0.012658228,1,1,0.987341772,0.993630573,0.993392202,1,1,0.9595,0.001611196,0.998388804,0.0405,0.959970249,0.9595,0.959439003,0.957992753,0.998113573,0.988477726,0.959075706,0.9595,0.008,4.681,0.00746,4.653484,7.46,4653.484,2974519,2972266,332266,99.25,4.665384615,?
letters,1,2,weka.classifiers.lazy.IBk,"'-K 4 -W 0 -I -A \""weka.core.neighboursearch.LinearNNSearch -A \\\""weka.core.EuclideanDistance -R first-last\\\""\""'",-3.08019E+18,2.02E+07,18000,2000,1931,69,0,96.55,3.45,0,0.96411849,0.005130892,0.046872243,6.937204485,24.37397705,9399.664431,365.1639114,9034.500519,4.699832215,0.182581956,4.51725026,9113.82195,4.556910975,193918.9249,1,79,0,0,1,1921,0,0,1,1,1,1,1,1,0.9655,0.001373374,0.998626626,0.0345,0.966086681,0.9655,0.965511419,0.964294135,0.999054623,0.993158317,0.965232291,0.9655,0.005,4.554,0.004651,4.547432,4.651,4547.432,2974519,2972266,332266,99.75,4.696153846,?
letters,1,3,weka.classifiers.lazy.IBk,"'-K 4 -W 0 -I -A \""weka.core.neighboursearch.LinearNNSearch -A \\\""weka.core.EuclideanDistance -R first-last\\\""\""'",-3.08019E+18,2.02E+07,18000,2000,1922,78,0,96.1,3.9,0,0.959438283,0.005704766,0.05107517,7.713109784,26.55954135,9399.651001,525.9077392,8873.743262,4.699825501,0.26295387,4.436871631,9062.499517,4.531249759,192826.8868,1,79,0.001041124,2,0.998958876,1919,0,0,0.975308642,1,0.9875,0.987062928,0.999986821,0.999681541,0.961,0.001551938,0.998448062,0.039,0.961342278,0.961,0.960913103,0.959504796,0.998252647,0.989197867,0.960589189,0.961,0.005,4.553,0.0049,4.543798,4.9,4543.798,2974519,2972266,332266,99.4,4.738461538,?
letters,1,4,weka.classifiers.lazy.IBk,"'-K 4 -W 0 -I -A \""weka.core.neighboursearch.LinearNNSearch -A \\\""weka.core.EuclideanDistance -R first-last\\\""\""'",-3.08019E+18,2.02E+07,18000,2000,1912,88,0,95.6,4.4,0,0.954238253,0.005438597,0.051648614,7.353227693,26.85770223,9399.746137,729.9214909,8669.824646,4.699873068,0.364960745,4.334912323,9043.259179,4.521629589,192417.7133,1,79,0.001041124,2,0.998958876,1919,0,0,0.975308642,1,0.9875,0.987062928,1,1,0.956,0.001757026,0.998242974,0.044,0.9574675,0.956,0.956062343,0.95467195,0.998188532,0.987218355,0.955878764,0.956,0.005,4.524,0.004925,4.511611,4.925,4511.611,2974527,2972266,332266,98.8,4.634615385,?
letters,1,5,weka.classifiers.lazy.IBk,"'-K 4 -W 0 -I -A \""weka.core.neighboursearch.LinearNNSearch -A \\\""weka.core.EuclideanDistance -R first-last\\\""\""'",-3.08019E+18,2.02E+07,18000,2000,1922,78,0,96.1,3.9,0,0.959438029,0.005117061,0.048773657,6.918509442,25.36275402,9399.596794,550.6108786,8848.985915,4.699798397,0.275305439,4.424492958,9085.134021,4.542567011,193308.3593,1,78,0,0,1,1922,0,0,1,1,1,1,1,1,0.961,0.001563575,0.998436425,0.039,0.961525817,0.961,0.961029228,0.959597564,0.997913091,0.989811391,0.960940506,0.961,0.005,4.704,0.004838,4.666429,4.838,4666.429,2974519,2972266,332266,99.25,4.638461538,?
letters,1,6,weka.classifiers.lazy.IBk,"'-K 4 -W 0 -I -A \""weka.core.neighboursearch.LinearNNSearch -A \\\""weka.core.EuclideanDistance -R first-last\\\""\""'",-3.08019E+18,2.02E+07,18000,2000,1937,63,0,96.85,3.15,0,0.967238783,0.004938872,0.047011672,6.677591736,24.44651254,9399.576649,518.0184878,8881.558161,4.699788325,0.259009244,4.440779081,9101.768314,4.550884157,193662.2532,1,79,0,0,1,1921,0,0,1,1,1,1,1,1,0.9685,0.00125486,0.99874514,0.0315,0.968858147,0.9685,0.968466297,0.967326126,0.998321729,0.989726945,0.9683237,0.9685,0.002,4.223,0.002735,4.119379,2.735,4119.379,2974527,2972266,332266,99.3,4.640384615,?
letters,1,7,weka.classifiers.lazy.IBk,"'-K 4 -W 0 -I -A \""weka.core.neighboursearch.LinearNNSearch -A \\\""weka.core.EuclideanDistance -R first-last\\\""\""'",-3.08019E+18,2.02E+07,18000,2000,1920,80,0,96,4,0,0.958398422,0.005562858,0.051426455,7.52125247,26.74224796,9399.556772,591.2264774,8808.330295,4.699778386,0.295613239,4.404165147,9057.657119,4.528828559,192723.6349,1,79,0,0,1,1921,0,0,1,1,1,1,1,1,0.96,0.001590902,0.998409098,0.04,0.960355353,0.96,0.959984553,0.958497995,0.998446947,0.988112886,0.959735103,0.96,0.003,4.109,0.002928,4.024664,2.928,4024.664,2974519,2972266,332266,99.2,4.688461538,?
letters,1,8,weka.classifiers.lazy.IBk,"'-K 4 -W 0 -I -A \""weka.core.neighboursearch.LinearNNSearch -A \\\""weka.core.EuclideanDistance -R first-last\\\""\""'",-3.08019E+18,2.02E+07,18000,2000,1925,75,0,96.25,3.75,0,0.960998389,0.005237492,0.049680209,7.081345517,25.83419847,9399.509951,646.142076,8753.367875,4.699754975,0.323071038,4.376683937,9067.926471,4.533963236,192942.0303,1,79,0.001041124,2,0.998958876,1919,0,0,0.975308642,1,0.9875,0.987062928,0.999993411,0.999841772,0.9625,0.001501613,0.998498387,0.0375,0.963151624,0.9625,0.962493487,0.961172663,0.997502029,0.987655549,0.962478114,0.9625,0.002,3.49,0.002554,3.481173,2.554,3481.173,2974519,2972266,332266,99,4.644230769,?
letters,1,9,weka.classifiers.lazy.IBk,"'-K 4 -W 0 -I -A \""weka.core.neighboursearch.LinearNNSearch -A \\\""weka.core.EuclideanDistance -R first-last\\\""\""'",-3.08019E+18,2.02E+07,18000,2000,1926,74,0,96.3,3.7,0,0.961518591,0.005324723,0.050912254,7.199277113,26.47483477,9399.618145,665.1028066,8734.515338,4.699809072,0.332551403,4.367257669,9062.218731,4.531109365,192820.8361,0.974683544,77,0.001041124,2,0.998958876,1919,0.025316456,2,0.974683544,0.974683544,0.974683544,0.97364242,0.999149968,0.991879685,0.963,0.001472936,0.998527064,0.037,0.963509473,0.963,0.962981704,0.961656754,0.998001748,0.986963468,0.962767841,0.963,0.003,3.388,0.002671,3.379866,2.671,3379.866,2974519,2972266,332266,98.95,4.6,?
letters,1,10,weka.classifiers.lazy.IBk,"'-K 4 -W 0 -I -A \""weka.core.neighboursearch.LinearNNSearch -A \\\""weka.core.EuclideanDistance -R first-last\\\""\""'",-3.08019E+18,2.02E+07,18000,2000,1910,90,0,95.5,4.5,0,0.953197885,0.005687316,0.051952238,7.689516232,27.01562232,9399.651679,601.3485368,8798.303142,4.69982584,0.300674268,4.399151571,9050.836749,4.525418374,192578.7333,1,79,0,0,1,1921,0,0,1,1,1,1,1,1,0.955,0.001803823,0.998196177,0.045,0.955340455,0.955,0.954886654,0.953241971,0.997420517,0.985755641,0.954803056,0.955,0.003,3.368,0.002657,3.362107,2.657,3362.107,2974519,2972266,332266,99.2,4.715384615,?
letters,2,1,weka.classifiers.lazy.IBk,"'-K 4 -W 0 -I -A \""weka.core.neighboursearch.LinearNNSearch -A \\\""weka.core.EuclideanDistance -R first-last\\\""\""'",-3.08019E+18,2.02E+07,18000,2000,1931,69,0,96.55,3.45,0,0.964118733,0.004931838,0.047308638,6.668087946,24.60096237,9399.5004,500.278856,8899.221544,4.6997502,0.250139428,4.449610772,9102.545178,4.551272589,193678.6078,1,79,0.001041124,2,0.998958876,1919,0,0,0.975308642,1,0.9875,0.987062928,1,1,0.9655,0.001376339,0.998623661,0.0345,0.966014519,0.9655,0.96544136,0.964233811,0.998598588,0.991281667,0.965380402,0.9655,0.005,3.794,0.004433,3.788972,4.433,3788.972,2974519,2972266,332266,99.35,4.611538462,?
letters,2,2,weka.classifiers.lazy.IBk,"'-K 4 -W 0 -I -A \""weka.core.neighboursearch.LinearNNSearch -A \\\""weka.core.EuclideanDistance -R first-last\\\""\""'",-3.08019E+18,2.02E+07,18000,2000,1929,71,0,96.45,3.55,0,0.963077765,0.004979024,0.048359753,6.731880089,25.14753157,9399.558369,508.6657015,8890.892667,4.699779184,0.254332851,4.445446334,9094.730362,4.547365181,193512.4558,1,79,0,0,1,1921,0,0,1,1,1,1,1,1,0.9645,0.001423418,0.998576582,0.0355,0.965528433,0.9645,0.964449714,0.963342079,0.998289949,0.990031846,0.964202698,0.9645,0.003,3.411,0.002642,3.406233,2.642,3406.233,2974519,2972266,332266,99.35,4.605769231,?
letters,2,3,weka.classifiers.lazy.IBk,"'-K 4 -W 0 -I -A \""weka.core.neighboursearch.LinearNNSearch -A \\\""weka.core.EuclideanDistance -R first-last\\\""\""'",-3.08019E+18,2.02E+07,18000,2000,1925,75,0,96.25,3.75,0,0.960998227,0.005266714,0.049294883,7.120842022,25.63377127,9399.664591,541.0582058,8858.606385,4.699832295,0.270529103,4.429303192,9076.966848,4.538483424,193134.7384,0.974683544,77,5.21E-04,1,0.999479438,1920,0.025316456,2,0.987179487,0.974683544,0.98089172,0.980132652,0.999967053,0.999220438,0.9625,0.001499716,0.998500284,0.0375,0.963365017,0.9625,0.962491846,0.96123554,0.998706189,0.989819203,0.96231278,0.9625,0.003,3.499,0.002871,3.489802,2.871,3489.802,2974519,2972266,332266,99.3,4.673076923,?
letters,2,4,weka.classifiers.lazy.IBk,"'-K 4 -W 0 -I -A \""weka.core.neighboursearch.LinearNNSearch -A \\\""weka.core.EuclideanDistance -R first-last\\\""\""'",-3.08019E+18,2.02E+07,18000,2000,1926,74,0,96.3,3.7,0,0.961518831,0.005289142,0.049015708,7.151154067,25.48855065,9399.800541,557.7735541,8842.026987,4.699900271,0.278886777,4.421013494,9079.566495,4.539783248,193190.366,1,79,0,0,1,1921,0,0,1,1,1,1,1,1,0.963,0.001468881,0.998531119,0.037,0.96326906,0.963,0.962860488,0.961539481,0.997582421,0.9890748,0.962578793,0.963,0.002,3.452,0.00275,3.446314,2.75,3446.314,2974519,2972266,332266,99.25,4.676923077,?
letters,2,5,weka.classifiers.lazy.IBk,"'-K 4 -W 0 -I -A \""weka.core.neighboursearch.LinearNNSearch -A \\\""weka.core.EuclideanDistance -R first-last\\\""\""'",-3.08019E+18,2.02E+07,18000,2000,1929,71,0,96.45,3.55,0,0.963078254,0.005326372,0.049432541,7.20148869,25.70530046,9399.819402,504.0268777,8895.792524,4.699909701,0.252013439,4.447896262,9084.209967,4.542104983,193289.2105,0.987341772,78,5.21E-04,1,0.999479438,1920,0.012658228,1,0.987341772,0.987341772,0.987341772,0.98682121,0.999986821,0.999687451,0.9645,0.001429639,0.998570361,0.0355,0.965121065,0.9645,0.964461734,0.963229439,0.998505356,0.9904843,0.964451817,0.9645,0.002,3.456,0.002654,3.447445,2.654,3447.445,2974519,2972266,332266,99.4,4.673076923,?
letters,2,6,weka.classifiers.lazy.IBk,"'-K 4 -W 0 -I -A \""weka.core.neighboursearch.LinearNNSearch -A \\\""weka.core.EuclideanDistance -R first-last\\\""\""'",-3.08019E+18,2.02E+07,18000,2000,1911,89,0,95.55,4.45,0,0.953719027,0.005887161,0.052946645,7.959699318,27.53265792,9399.82792,700.8424622,8698.985458,4.69991396,0.350421231,4.349492729,9029.099562,4.514549781,192116.6206,1,79,0,0,1,1921,0,0,1,1,1,1,1,1,0.9555,0.001771907,0.998228093,0.0445,0.956286958,0.9555,0.955640576,0.954000522,0.997493201,0.985336641,0.95553858,0.9555,0.002,3.711,0.002584,3.681525,2.584,3681.525,2974543,2972266,332266,98.95,4.734615385,?
letters,2,7,weka.classifiers.lazy.IBk,"'-K 4 -W 0 -I -A \""weka.core.neighboursearch.LinearNNSearch -A \\\""weka.core.EuclideanDistance -R first-last\\\""\""'",-3.08019E+18,2.02E+07,18000,2000,1916,84,0,95.8,4.2,0,0.956318696,0.005440035,0.050371181,7.355184141,26.19347077,9399.622272,496.4604316,8903.16184,4.699811136,0.248230216,4.45158092,9075.192961,4.53759648,193096.9034,1,78,0,0,1,1922,0,0,1,1,1,1,1,1,0.958,0.001665312,0.998334688,0.042,0.958364843,0.958,0.958040993,0.95644893,0.998637105,0.989666004,0.957734465,0.958,0.004,3.568,0.00286,3.539347,2.86,3539.347,2974519,2972266,332266,99.45,4.686538462,?
letters,2,8,weka.classifiers.lazy.IBk,"'-K 4 -W 0 -I -A \""weka.core.neighboursearch.LinearNNSearch -A \\\""weka.core.EuclideanDistance -R first-last\\\""\""'",-3.08019E+18,2.02E+07,18000,2000,1918,82,0,95.9,4.1,0,0.957358117,0.005345987,0.051376475,7.228035608,26.71627196,9399.516023,619.6412804,8779.874742,4.699758011,0.30982064,4.389937371,9061.469931,4.530734965,192804.6731,0.987341772,78,5.21E-04,1,0.999479438,1920,0.012658228,1,0.987341772,0.987341772,0.987341772,0.98682121,0.999973642,0.999364935,0.959,0.001634458,0.998365542,0.041,0.959537897,0.959,0.959064057,0.957543099,0.998086998,0.987340921,0.958825699,0.959,0.003,3.458,0.003457,3.447426,3.457,3447.426,2974519,2972266,332266,99.1,4.626923077,?
letters,2,9,weka.classifiers.lazy.IBk,"'-K 4 -W 0 -I -A \""weka.core.neighboursearch.LinearNNSearch -A \\\""weka.core.EuclideanDistance -R first-last\\\""\""'",-3.08019E+18,2.02E+07,18000,2000,1922,78,0,96.1,3.9,0,0.959438515,0.005255565,0.048962917,7.105783136,25.46120618,9399.492985,537.1180623,8862.374923,4.699746492,0.268559031,4.431187461,9081.803181,4.540901591,193237.2565,1,79,5.21E-04,1,0.999479438,1920,0,0,0.9875,1,0.993710692,0.993471663,1,1,0.961,0.001554103,0.998445897,0.039,0.961272805,0.961,0.960987574,0.959512335,0.998378452,0.989830455,0.960858485,0.961,0.003,3.703,0.002609,3.667949,2.609,3667.949,2974519,2972266,332266,99.3,4.686538462,?
letters,2,10,weka.classifiers.lazy.IBk,"'-K 4 -W 0 -I -A \""weka.core.neighboursearch.LinearNNSearch -A \\\""weka.core.EuclideanDistance -R first-last\\\""\""'",-3.08019E+18,2.02E+07,18000,2000,1924,76,0,96.2,3.8,0,0.960478131,0.005766643,0.051674522,7.796782522,26.87125564,9399.525853,616.3904076,8783.135446,4.699762927,0.308195204,4.391567723,9049.523248,4.524761624,192550.4988,1,79,0.001041124,2,0.998958876,1919,0,0,0.975308642,1,0.9875,0.987062928,0.999986821,0.999681541,0.962,0.001518125,0.998481875,0.038,0.962103605,0.962,0.961763669,0.96040626,0.998144883,0.987332505,0.961569696,0.962,0.002,3.526,0.002636,3.513452,2.636,3513.452,2974519,2972266,332266,99.15,4.728846154,?
letters,3,1,weka.classifiers.lazy.IBk,"'-K 4 -W 0 -I -A \""weka.core.neighboursearch.LinearNNSearch -A \\\""weka.core.EuclideanDistance -R first-last\\\""\""'",-3.08019E+18,2.02E+07,18000,2000,1903,97,0,95.15,4.85,0,0.949558035,0.00628795,0.055194955,8.501612081,28.70190783,9399.547919,763.9551037,8635.592815,4.699773959,0.381977552,4.317796408,8998.112548,4.499056274,191456.6617,1,79,5.21E-04,1,0.999479438,1920,0,0,0.9875,1,0.993710692,0.993471663,1,1,0.9515,0.0019321,0.9980679,0.0485,0.952210196,0.9515,0.951397544,0.949713888,0.996613767,0.983561489,0.951140086,0.9515,0.004,3.455,0.00357,3.44774,3.57,3447.74,2974519,2972266,332266,98.85,4.790384615,?
letters,3,2,weka.classifiers.lazy.IBk,"'-K 4 -W 0 -I -A \""weka.core.neighboursearch.LinearNNSearch -A \\\""weka.core.EuclideanDistance -R first-last\\\""\""'",-3.08019E+18,2.02E+07,18000,2000,1932,68,0,96.6,3.4,0,0.964638705,0.004896097,0.046732688,6.619757098,24.30143564,9399.581895,549.203823,8850.378072,4.699790948,0.274601911,4.425189036,9100.813392,4.550406696,193641.9494,1,79,5.21E-04,1,0.999479438,1920,0,0,0.9875,1,0.993710692,0.993471663,0.999986821,0.999681541,0.966,0.001351183,0.998648817,0.034,0.966558016,0.966,0.966036171,0.964816057,0.998266699,0.990501808,0.965804544,0.966,0.003,3.51,0.002902,3.503778,2.902,3503.778,2974519,2972266,332266,99.2,4.625,?
letters,3,3,weka.classifiers.lazy.IBk,"'-K 4 -W 0 -I -A \""weka.core.neighboursearch.LinearNNSearch -A \\\""weka.core.EuclideanDistance -R first-last\\\""\""'",-3.08019E+18,2.02E+07,18000,2000,1926,74,0,96.3,3.7,0,0.961518451,0.005265448,0.048383631,7.119131413,25.15991524,9399.655755,481.3541833,8918.301571,4.699827877,0.240677092,4.459150786,9091.097307,4.545548653,193435.3847,1,79,0,0,1,1921,0,0,1,1,1,1,1,1,0.963,0.00147212,0.99852788,0.037,0.963332165,0.963,0.962936385,0.9615914,0.998636484,0.990715068,0.962647157,0.963,0.002,3.611,0.002755,3.600221,2.755,3600.221,2974527,2972266,332266,99.45,4.684615385,?
letters,3,4,weka.classifiers.lazy.IBk,"'-K 4 -W 0 -I -A \""weka.core.neighboursearch.LinearNNSearch -A \\\""weka.core.EuclideanDistance -R first-last\\\""\""'",-3.08019E+18,2.02E+07,18000,2000,1911,89,0,95.55,4.45,0,0.953718028,0.005421091,0.051524185,7.329565385,26.79302324,9399.676733,675.8869268,8723.789806,4.699838366,0.337943463,4.361894903,9051.921223,4.525960612,192601.8646,1,79,5.21E-04,1,0.999479438,1920,0,0,0.9875,1,0.993710692,0.993471663,0.999993411,0.999841772,0.9555,0.001775418,0.998224582,0.0445,0.956386959,0.9555,0.95564603,0.954035717,0.997792779,0.986693804,0.955392963,0.9555,0.003,3.681,0.002924,3.673833,2.924,3673.833,2974591,2972266,332266,98.95,4.638461538,?
letters,3,5,weka.classifiers.lazy.IBk,"'-K 4 -W 0 -I -A \""weka.core.neighboursearch.LinearNNSearch -A \\\""weka.core.EuclideanDistance -R first-last\\\""\""'",-3.08019E+18,2.02E+07,18000,2000,1931,69,0,96.55,3.45,0,0.964118798,0.005018682,0.047147986,6.78549183,24.51737139,9399.649082,503.312856,8896.336226,4.699824541,0.251656428,4.448168113,9101.033229,4.550516614,193646.7778,0.974683544,77,5.21E-04,1,0.999479438,1920,0.025316456,2,0.987179487,0.974683544,0.98089172,0.980132652,0.999986821,0.999681541,0.9655,0.001375799,0.998624201,0.0345,0.965868332,0.9655,0.965497817,0.964221783,0.998301772,0.991192459,0.965397731,0.9655,0.003,3.655,0.002725,3.645824,2.725,3645.824,2974519,2972266,332266,99.35,4.653846154,?
letters,3,6,weka.classifiers.lazy.IBk,"'-K 4 -W 0 -I -A \""weka.core.neighboursearch.LinearNNSearch -A \\\""weka.core.EuclideanDistance -R first-last\\\""\""'",-3.08019E+18,2.02E+07,18000,2000,1934,66,0,96.7,3.3,0,0.965678913,0.005249137,0.04862047,7.097081552,25.28309101,9399.605782,533.1390743,8866.466708,4.699802891,0.266569537,4.433233354,9085.246256,4.542623128,193310.7735,1,79,0,0,1,1921,0,0,1,1,1,1,1,1,0.967,0.001311958,0.998688042,0.033,0.967393932,0.967,0.967035138,0.965808069,0.998777184,0.990502849,0.966879537,0.967,0.002,3.672,0.002694,3.6495,2.694,3649.5,2974519,2972266,332266,99.3,4.676923077,?
letters,3,7,weka.classifiers.lazy.IBk,"'-K 4 -W 0 -I -A \""weka.core.neighboursearch.LinearNNSearch -A \\\""weka.core.EuclideanDistance -R first-last\\\""\""'",-3.08019E+18,2.02E+07,18000,2000,1911,89,0,95.55,4.45,0,0.953717691,0.005536295,0.052358649,7.485332821,27.22697683,9399.609641,638.2648656,8761.344776,4.699804821,0.319132433,4.380672388,9046.689906,4.523344953,192490.401,0.987341772,78,0,0,1,1921,0.012658228,1,1,0.987341772,0.993630573,0.993392202,1,1,0.9555,0.001780831,0.998219169,0.0445,0.955680147,0.9555,0.955449984,0.953751806,0.997078498,0.985141994,0.955253338,0.9555,0.003,4.544,0.00277,4.420137,2.77,4420.137,2974519,2972266,332266,99.1,4.667307692,?
letters,3,8,weka.classifiers.lazy.IBk,"'-K 4 -W 0 -I -A \""weka.core.neighboursearch.LinearNNSearch -A \\\""weka.core.EuclideanDistance -R first-last\\\""\""'",-3.08019E+18,2.02E+07,18000,2000,1932,68,0,96.6,3.4,0,0.964638549,0.00483082,0.046715873,6.531491305,24.2926597,9399.673686,455.5409836,8944.132702,4.699836843,0.227770492,4.472066351,9116.634997,4.558317498,193978.798,1,79,0,0,1,1921,0,0,1,1,1,1,1,1,0.966,0.001350924,0.998649076,0.034,0.966413097,0.966,0.966002208,0.964765042,0.998642152,0.991135294,0.965674959,0.966,0.005,4.335,0.005065,4.228112,5.065,4228.112,2974519,2972266,332266,99.45,4.598076923,?
letters,3,9,weka.classifiers.lazy.IBk,"'-K 4 -W 0 -I -A \""weka.core.neighboursearch.LinearNNSearch -A \\\""weka.core.EuclideanDistance -R first-last\\\""\""'",-3.08019E+18,2.02E+07,18000,2000,1926,74,0,96.3,3.7,0,0.961518541,0.00535867,0.049679824,7.245164719,25.8339215,9399.726525,524.9958615,8874.730664,4.699863263,0.262497931,4.437365332,9078.216177,4.539108089,193161.4647,0.987341772,78,5.21E-04,1,0.999479438,1920,0.012658228,1,0.987341772,0.987341772,0.987341772,0.98682121,0.999993411,0.999841772,0.963,0.001476709,0.998523291,0.037,0.963703476,0.963,0.962996029,0.961713545,0.998493597,0.990290974,0.962830994,0.963,0.003,4.111,0.002621,4.038063,2.621,4038.063,2974519,2972266,332266,99.35,4.684615385,?
letters,3,10,weka.classifiers.lazy.IBk,"'-K 4 -W 0 -I -A \""weka.core.neighboursearch.LinearNNSearch -A \\\""weka.core.EuclideanDistance -R first-last\\\""\""'",-3.08019E+18,2.02E+07,18000,2000,1931,69,0,96.55,3.45,0,0.964118098,0.005374327,0.048940289,7.266344649,25.44940176,9399.601337,453.7403701,8945.860967,4.699800669,0.226870185,4.472930484,9087.541618,4.543770809,193359.5955,0.987179487,77,0,0,1,1922,0.012820513,1,1,0.987179487,0.993548387,0.993310693,0.999986659,0.999679487,0.9655,0.001388236,0.998611764,0.0345,0.966367475,0.9655,0.965518449,0.964362527,0.998843483,0.992119744,0.965489612,0.9655,0.003,4.129,0.002955,4.070507,2.955,4070.507,2974527,2972266,332266,99.55,4.711538462,?
letters,4,1,weka.classifiers.lazy.IBk,"'-K 4 -W 0 -I -A \""weka.core.neighboursearch.LinearNNSearch -A \\\""weka.core.EuclideanDistance -R first-last\\\""\""'",-3.08019E+18,2.02E+07,18000,2000,1924,76,0,96.2,3.8,0,0.960478943,0.005529129,0.051050804,7.475626836,26.54681631,9399.797655,571.5506922,8828.246963,4.699898827,0.285775346,4.414123481,9062.180804,4.531090402,192820.4355,0.974683544,77,0,0,1,1921,0.025316456,2,1,0.974683544,0.987179487,0.986747097,0.999957169,0.998899977,0.962,0.00151649,0.99848351,0.038,0.962598761,0.962,0.962051903,0.960666863,0.998624216,0.989235544,0.962002617,0.962,0.002,4.124,0.002833,4.066889,2.833,4066.889,2974519,2972266,332266,99.25,4.688461538,?
letters,4,2,weka.classifiers.lazy.IBk,"'-K 4 -W 0 -I -A \""weka.core.neighboursearch.LinearNNSearch -A \\\""weka.core.EuclideanDistance -R first-last\\\""\""'",-3.08019E+18,2.02E+07,18000,2000,1934,66,0,96.7,3.3,0,0.965678475,0.005159449,0.048332011,6.975808276,25.1330435,9399.739704,531.2448192,8868.494885,4.699869852,0.26562241,4.434247443,9089.318623,4.544659312,193397.7241,0.987341772,78,5.21E-04,1,0.999479438,1920,0.012658228,1,0.987341772,0.987341772,0.987341772,0.98682121,0.999986821,0.999681541,0.967,0.001316021,0.998683979,0.033,0.967297931,0.967,0.966956317,0.965750415,0.998058113,0.989406397,0.966690328,0.967,0.003,3.647,0.002863,3.632137,2.863,3632.137,2974527,2972266,332266,99.3,4.655769231,?
letters,4,3,weka.classifiers.lazy.IBk,"'-K 4 -W 0 -I -A \""weka.core.neighboursearch.LinearNNSearch -A \\\""weka.core.EuclideanDistance -R first-last\\\""\""'",-3.08019E+18,2.02E+07,18000,2000,1917,83,0,95.85,4.15,0,0.956838835,0.00543803,0.051201496,7.352462532,26.62519978,9399.738906,732.8847261,8666.85418,4.699869453,0.366442363,4.33342709,9044.706865,4.522353433,192448.5016,1,79,0.001041124,2,0.998958876,1919,0,0,0.975308642,1,0.9875,0.987062928,0.999993411,0.999841772,0.9585,0.001647169,0.998352831,0.0415,0.95942363,0.9585,0.95856659,0.957130021,0.997130634,0.985275254,0.958307251,0.9585,0.004,4.013,0.003402,3.960648,3.402,3960.648,2974519,2972266,332266,98.8,4.675,?
letters,4,4,weka.classifiers.lazy.IBk,"'-K 4 -W 0 -I -A \""weka.core.neighboursearch.LinearNNSearch -A \\\""weka.core.EuclideanDistance -R first-last\\\""\""'",-3.08019E+18,2.02E+07,18000,2000,1907,93,0,95.35,4.65,0,0.951638003,0.005847316,0.052738168,7.905848734,27.42433567,9399.598227,556.304688,8843.293539,4.699799114,0.278152344,4.42164677,9045.946731,4.522973366,192474.561,0.987341772,78,0.001041124,2,0.998958876,1919,0.012658228,1,0.975,0.987341772,0.981132075,0.980372089,0.999960464,0.999068071,0.9535,0.001857939,0.998142061,0.0465,0.954282761,0.9535,0.953476175,0.951845339,0.998631357,0.988101546,0.953331731,0.9535,0.003,4.563,0.002865,4.439532,2.865,4439.532,2974519,2972266,332266,99.35,4.717307692,?
letters,4,5,weka.classifiers.lazy.IBk,"'-K 4 -W 0 -I -A \""weka.core.neighboursearch.LinearNNSearch -A \\\""weka.core.EuclideanDistance -R first-last\\\""\""'",-3.08019E+18,2.02E+07,18000,2000,1927,73,0,96.35,3.65,0,0.962038294,0.005217499,0.048762843,7.054302273,25.35711075,9399.649136,463.3726912,8936.276445,4.699824568,0.231686346,4.468138222,9093.278667,4.546639333,193481.7801,1,79,0,0,1,1921,0,0,1,1,1,1,1,1,0.9635,0.001462377,0.998537623,0.0365,0.964786539,0.9635,0.963590112,0.96243173,0.998761871,0.991079573,0.963491883,0.9635,0.002,4.433,0.002626,4.34214,2.626,4342.14,2974527,2972266,332266,99.5,4.661538462,?
letters,4,6,weka.classifiers.lazy.IBk,"'-K 4 -W 0 -I -A \""weka.core.neighboursearch.LinearNNSearch -A \\\""weka.core.EuclideanDistance -R first-last\\\""\""'",-3.08019E+18,2.02E+07,18000,2000,1916,84,0,95.8,4.2,0,0.95631823,0.005423367,0.050024398,7.33265145,26.01315566,9399.579131,546.0182171,8853.560913,4.699789565,0.273009109,4.426780457,9073.562207,4.536781103,193062.1078,1,79,5.21E-04,1,0.999479438,1920,0,0,0.9875,1,0.993710692,0.993471663,0.999993411,0.999841772,0.958,0.001675037,0.998324963,0.042,0.95834429,0.958,0.957955369,0.956399465,0.998127308,0.989446093,0.957759026,0.958,0.002,4.056,0.002575,4.00718,2.575,4007.18,2974519,2972266,332266,99.3,4.667307692,?
letters,4,7,weka.classifiers.lazy.IBk,"'-K 4 -W 0 -I -A \""weka.core.neighboursearch.LinearNNSearch -A \\\""weka.core.EuclideanDistance -R first-last\\\""\""'",-3.08019E+18,2.02E+07,18000,2000,1948,52,0,97.4,2.6,0,0.972958623,0.004646322,0.045123059,6.282049309,23.46441341,9399.579131,444.3953469,8955.183784,4.699789565,0.222197673,4.477591892,9128.648854,4.564324427,194234.2102,1,79,0,0,1,1921,0,0,1,1,1,1,1,1,0.974,0.001041397,0.998958603,0.026,0.974408545,0.974,0.973957637,0.97305678,0.998419452,0.992331134,0.973784673,0.974,0.002,4.054,0.002568,3.988505,2.568,3988.505,2974519,2972266,332266,99.45,4.586538462,?
letters,4,8,weka.classifiers.lazy.IBk,"'-K 4 -W 0 -I -A \""weka.core.neighboursearch.LinearNNSearch -A \\\""weka.core.EuclideanDistance -R first-last\\\""\""'",-3.08019E+18,2.02E+07,18000,2000,1939,61,0,96.95,3.05,0,0.968278715,0.004988856,0.048062305,6.745174673,24.99286216,9399.544278,540.361409,8859.182869,4.699772139,0.270180704,4.429591434,9095.14892,4.54757446,193521.3339,1,78,0,0,1,1922,0,0,1,1,1,1,1,1,0.9695,0.001212929,0.998787071,0.0305,0.969712531,0.9695,0.969438701,0.968317318,0.997873884,0.988671739,0.969214555,0.9695,0.003,4.28,0.002588,4.2034,2.588,4203.4,2974519,2972266,332266,99.25,4.615384615,?
letters,4,9,weka.classifiers.lazy.IBk,"'-K 4 -W 0 -I -A \""weka.core.neighboursearch.LinearNNSearch -A \\\""weka.core.EuclideanDistance -R first-last\\\""\""'",-3.08019E+18,2.02E+07,18000,2000,1915,85,0,95.75,4.25,0,0.955798462,0.005620521,0.051760267,7.599220973,26.91585687,9399.49175,669.3103583,8730.181392,4.699745875,0.334655179,4.365090696,9043.596512,4.521798256,192424.3152,0.987341772,78,0,0,1,1921,0.012658228,1,1,0.987341772,0.993630573,0.993392202,1,1,0.9575,0.001691286,0.998308714,0.0425,0.958012443,0.9575,0.957491612,0.955940883,0.997560698,0.986574605,0.957312591,0.9575,0.003,3.78,0.002567,3.759111,2.567,3759.111,2974519,2972266,332266,99,4.703846154,?
letters,4,10,weka.classifiers.lazy.IBk,"'-K 4 -W 0 -I -A \""weka.core.neighboursearch.LinearNNSearch -A \\\""weka.core.EuclideanDistance -R first-last\\\""\""'",-3.08019E+18,2.02E+07,18000,2000,1926,74,0,96.3,3.7,0,0.961518051,0.005377152,0.049014556,7.270163289,25.4880179,9399.610438,503.9372304,8895.673208,4.699805219,0.251968615,4.447836604,9082.712279,4.541356139,193256.8666,1,79,0,0,1,1921,0,0,1,1,1,1,1,1,0.963,0.001473211,0.998526789,0.037,0.963462255,0.963,0.962880161,0.961604137,0.998523663,0.990880981,0.962490139,0.963,0.003,4.825,0.0028,4.627185,2.8,4627.185,2974519,2972266,332266,99.4,4.703846154,?
letters,5,1,weka.classifiers.lazy.IBk,"'-K 4 -W 0 -I -A \""weka.core.neighboursearch.LinearNNSearch -A \\\""weka.core.EuclideanDistance -R first-last\\\""\""'",-3.08019E+18,2.02E+07,18000,2000,1919,81,0,95.95,4.05,0,0.957878556,0.00579575,0.051554913,7.836119975,26.80899469,9399.696387,567.5361568,8832.16023,4.699848193,0.283768078,4.416080115,9050.336169,4.525168084,192568.1786,0.987179487,77,0,0,1,1922,0.012820513,1,1,0.987179487,0.993548387,0.993310693,1,1,0.9595,0.001617142,0.998382858,0.0405,0.959874418,0.9595,0.959368867,0.957924066,0.998654749,0.989062963,0.959271482,0.9595,0.004,6.897,0.003531,6.567678,3.531,6567.678,2974519,2972266,332266,99.3,4.757692308,?
letters,5,2,weka.classifiers.lazy.IBk,"'-K 4 -W 0 -I -A \""weka.core.neighboursearch.LinearNNSearch -A \\\""weka.core.EuclideanDistance -R first-last\\\""\""'",-3.08019E+18,2.02E+07,18000,2000,1909,91,0,95.45,4.55,0,0.952678366,0.005821433,0.053149528,7.870855017,27.63824903,9399.588541,634.0242517,8765.564289,4.69979427,0.317012126,4.382782144,9034.001984,4.517000992,192220.3829,1,79,0,0,1,1921,0,0,1,1,1,1,1,1,0.9545,0.0018095,0.9981905,0.0455,0.955867402,0.9545,0.954624919,0.953115914,0.997501361,0.986749886,0.95437861,0.9545,0.004,6.289,0.00397,6.218082,3.97,6218.082,2974519,2972266,332266,99.15,4.715384615,?
letters,5,3,weka.classifiers.lazy.IBk,"'-K 4 -W 0 -I -A \""weka.core.neighboursearch.LinearNNSearch -A \\\""weka.core.EuclideanDistance -R first-last\\\""\""'",-3.08019E+18,2.02E+07,18000,2000,1932,68,0,96.6,3.4,0,0.96463842,0.005066615,0.047889141,6.850307278,24.90280622,9399.566516,452.1605588,8947.405957,4.699783258,0.226080279,4.473702979,9104.654901,4.55232745,193723.6459,0.987341772,78,0,0,1,1921,0.012658228,1,1,0.987341772,0.993630573,0.993392202,1,1,0.966,0.001354435,0.998645565,0.034,0.966731494,0.966,0.966048202,0.96486884,0.998790217,0.991143162,0.965801361,0.966,0.005,6.45,0.004304,6.355125,4.304,6355.125,2974519,2972266,332266,99.5,4.651923077,?
letters,5,4,weka.classifiers.lazy.IBk,"'-K 4 -W 0 -I -A \""weka.core.neighboursearch.LinearNNSearch -A \\\""weka.core.EuclideanDistance -R first-last\\\""\""'",-3.08019E+18,2.02E+07,18000,2000,1933,67,0,96.65,3.35,0,0.965158507,0.004754216,0.045839038,6.42792976,23.83673805,9399.556822,433.8511169,8965.705705,4.699778411,0.216925558,4.482852852,9122.710738,4.561355369,194107.8087,1,79,0,0,1,1921,0,0,1,1,1,1,1,1,0.9665,0.001336859,0.998663141,0.0335,0.966725271,0.9665,0.96639262,0.965177187,0.998761946,0.992643976,0.966219694,0.9665,0.004,6.549,0.003695,6.416003,3.695,6416.003,2974527,2972266,332266,99.5,4.607692308,?
letters,5,5,weka.classifiers.lazy.IBk,"'-K 4 -W 0 -I -A \""weka.core.neighboursearch.LinearNNSearch -A \\\""weka.core.EuclideanDistance -R first-last\\\""\""'",-3.08019E+18,2.02E+07,18000,2000,1909,91,0,95.45,4.55,0,0.952677676,0.005911252,0.05358398,7.99229418,27.86416528,9399.597355,629.7185989,8769.878756,4.699798677,0.314859299,4.384939378,9035.683089,4.517841544,192256.1793,0.974683544,77,0.001561687,3,0.998438313,1918,0.025316456,2,0.9625,0.974683544,0.968553459,0.967272516,0.999940695,0.998588655,0.9545,0.001817379,0.998182621,0.0455,0.954525898,0.9545,0.954308359,0.952608425,0.997887745,0.987102712,0.954023442,0.9545,0.003,3.9,0.003018,3.864674,3.018,3864.674,2974519,2972266,332266,99.15,4.698076923,?
letters,5,6,weka.classifiers.lazy.IBk,"'-K 4 -W 0 -I -A \""weka.core.neighboursearch.LinearNNSearch -A \\\""weka.core.EuclideanDistance -R first-last\\\""\""'",-3.08019E+18,2.02E+07,18000,2000,1928,72,0,96.4,3.6,0,0.962558678,0.005100507,0.049062878,6.896135493,25.51318224,9399.508698,548.5374694,8850.971229,4.699754349,0.274268735,4.425485614,9086.846931,4.543423466,193344.6113,1,79,5.21E-04,1,0.999479438,1920,0,0,0.9875,1,0.993710692,0.993471663,0.999993411,0.999841772,0.964,0.001429665,0.998570335,0.036,0.964328697,0.964,0.964039105,0.962675013,0.998000535,0.988563887,0.963808622,0.964,0.003,3.623,0.003009,3.614354,3.009,3614.354,2974535,2972266,332266,99.25,4.613461538,?
letters,5,7,weka.classifiers.lazy.IBk,"'-K 4 -W 0 -I -A \""weka.core.neighboursearch.LinearNNSearch -A \\\""weka.core.EuclideanDistance -R first-last\\\""\""'",-3.08019E+18,2.02E+07,18000,2000,1917,83,0,95.85,4.15,0,0.956838094,0.005309113,0.051236352,7.178163571,26.64333822,9399.702997,565.6684791,8834.034518,4.699851498,0.28283424,4.417017259,9070.655185,4.535327592,193000.5338,1,79,5.21E-04,1,0.999479438,1920,0,0,0.9875,1,0.993710692,0.993471663,0.999986821,0.999687451,0.9585,0.001659076,0.998340924,0.0415,0.959294406,0.9585,0.95831373,0.956975691,0.997993785,0.987789823,0.958119367,0.9585,0.002,3.647,0.002571,3.637109,2.571,3637.109,2974519,2972266,332266,99.25,4.6,?
letters,5,8,weka.classifiers.lazy.IBk,"'-K 4 -W 0 -I -A \""weka.core.neighboursearch.LinearNNSearch -A \\\""weka.core.EuclideanDistance -R first-last\\\""\""'",-3.08019E+18,2.02E+07,18000,2000,1924,76,0,96.2,3.8,0,0.960478707,0.005231024,0.049380604,7.072586674,25.67834281,9399.676411,644.6183419,8755.058069,4.699838205,0.322309171,4.377529034,9068.775342,4.534387671,192960.4723,1,79,0,0,1,1921,0,0,1,1,1,1,1,1,0.962,0.001510547,0.998489453,0.038,0.962472789,0.962,0.962033048,0.960631256,0.997804738,0.987564614,0.961806793,0.962,0.003,3.657,0.002788,3.64559,2.788,3645.59,2974519,2972266,332266,99,4.667307692,?
letters,5,9,weka.classifiers.lazy.IBk,"'-K 4 -W 0 -I -A \""weka.core.neighboursearch.LinearNNSearch -A \\\""weka.core.EuclideanDistance -R first-last\\\""\""'",-3.08019E+18,2.02E+07,18000,2000,1914,86,0,95.7,4.3,0,0.955278513,0.005748068,0.052522773,7.771651093,27.31228615,9399.706799,627.2391985,8772.4676,4.699853399,0.313619599,4.3862338,9042.555717,4.521277858,192402.6604,0.987341772,78,5.21E-04,1,0.999479438,1920,0.012658228,1,0.987341772,0.987341772,0.987341772,0.98682121,0.99924222,0.992496411,0.957,0.001720223,0.998279777,0.043,0.957554359,0.957,0.956974474,0.955418189,0.997119283,0.985636986,0.95695363,0.957,0.003,3.595,0.002722,3.585899,2.722,3585.899,2974519,2972266,332266,99.15,4.717307692,?
letters,5,10,weka.classifiers.lazy.IBk,"'-K 4 -W 0 -I -A \""weka.core.neighboursearch.LinearNNSearch -A \\\""weka.core.EuclideanDistance -R first-last\\\""\""'",-3.08019E+18,2.02E+07,18000,2000,1932,68,0,96.6,3.4,0,0.964638632,0.004801507,0.045732466,6.49185498,23.78126224,9399.727832,436.5067881,8963.221044,4.699863916,0.218253394,4.481610522,9118.56928,4.55928464,194020.0839,0.987341772,78,0,0,1,1921,0.012658228,1,1,0.987341772,0.993630573,0.993392202,1,1,0.966,0.001359285,0.998640715,0.034,0.966519889,0.966,0.96597491,0.964772783,0.999195103,0.992793013,0.965857431,0.966,0.002,3.561,0.002589,3.554128,2.589,3554.128,2974527,2972266,332266,99.5,4.636538462,?
letters,6,1,weka.classifiers.lazy.IBk,"'-K 4 -W 0 -I -A \""weka.core.neighboursearch.LinearNNSearch -A \\\""weka.core.EuclideanDistance -R first-last\\\""\""'",-3.08019E+18,2.02E+07,18000,2000,1931,69,0,96.55,3.45,0,0.964118499,0.005227542,0.048740649,7.067889709,25.34560686,9399.544819,514.525034,8885.019785,4.69977241,0.257262517,4.442509893,9087.80332,4.54390166,193365.0433,1,79,5.21E-04,1,0.999479438,1920,0,0,0.9875,1,0.993710692,0.993471663,0.999993411,0.999841772,0.9655,0.00137582,0.99862418,0.0345,0.965960181,0.9655,0.965461533,0.964233033,0.998776462,0.990073678,0.965279499,0.9655,0.002,3.51,0.002604,3.506333,2.604,3506.333,2974519,2972266,332266,99.35,4.673076923,?
letters,6,2,weka.classifiers.lazy.IBk,"'-K 4 -W 0 -I -A \""weka.core.neighboursearch.LinearNNSearch -A \\\""weka.core.EuclideanDistance -R first-last\\\""\""'",-3.08019E+18,2.02E+07,18000,2000,1915,85,0,95.75,4.25,0,0.955798151,0.005688786,0.051540009,7.691517542,26.80131552,9399.505959,637.3536439,8762.152316,4.69975298,0.318676822,4.381076158,9043.939219,4.521969609,192431.6362,0.987341772,78,5.21E-04,1,0.999479438,1920,0.012658228,1,0.987341772,0.987341772,0.987341772,0.98682121,0.999986821,0.999681541,0.9575,0.001696149,0.998303851,0.0425,0.957968834,0.9575,0.957483132,0.95592407,0.998328722,0.98789301,0.957325328,0.9575,0.003,3.596,0.002914,3.588101,2.914,3588.101,2974519,2972266,332266,99.1,4.726923077,?
letters,6,3,weka.classifiers.lazy.IBk,"'-K 4 -W 0 -I -A \""weka.core.neighboursearch.LinearNNSearch -A \\\""weka.core.EuclideanDistance -R first-last\\\""\""'",-3.08019E+18,2.02E+07,18000,2000,1932,68,0,96.6,3.4,0,0.964638586,0.005125485,0.048037448,6.929897323,24.97991199,9399.613203,457.8239705,8941.789232,4.699806601,0.228911985,4.470894616,9098.68153,4.549340765,193596.6571,1,79,0,0,1,1921,0,0,1,1,1,1,1,1,0.966,0.0013566,0.9986434,0.034,0.966296022,0.966,0.965959972,0.964706713,0.998694249,0.991892118,0.965804833,0.966,0.003,3.608,0.002653,3.598519,2.653,3598.519,2974519,2972266,332266,99.5,4.655769231,?
letters,6,4,weka.classifiers.lazy.IBk,"'-K 4 -W 0 -I -A \""weka.core.neighboursearch.LinearNNSearch -A \\\""weka.core.EuclideanDistance -R first-last\\\""\""'",-3.08019E+18,2.02E+07,18000,2000,1925,75,0,96.25,3.75,0,0.96099846,0.00555918,0.05054966,7.516260761,26.28623023,9399.765268,554.1434573,8845.621811,4.699882634,0.277071729,4.422810905,9065.551976,4.532775988,192892.0914,1,79,0,0,1,1921,0,0,1,1,1,1,1,1,0.9625,0.001495926,0.998504074,0.0375,0.962982501,0.9625,0.962395935,0.961090607,0.998195923,0.98905812,0.962176188,0.9625,0.003,3.618,0.002612,3.607862,2.612,3607.862,2974519,2972266,332266,99.3,4.711538462,?
letters,6,5,weka.classifiers.lazy.IBk,"'-K 4 -W 0 -I -A \""weka.core.neighboursearch.LinearNNSearch -A \\\""weka.core.EuclideanDistance -R first-last\\\""\""'",-3.08019E+18,2.02E+07,18000,2000,1920,80,0,96,4,0,0.958398336,0.005266198,0.049105158,7.120136704,25.53508217,9399.75316,540.6212228,8859.131937,4.69987658,0.270310611,4.429565969,9081.049108,4.540524554,193221.8021,1,79,5.21E-04,1,0.999479438,1920,0,0,0.9875,1,0.993710692,0.993471663,1,1,0.96,0.001598204,0.998401796,0.04,0.96055167,0.96,0.960010833,0.958559581,0.997708746,0.988653941,0.95984217,0.96,0.002,3.596,0.002849,3.587875,2.849,3587.875,2974519,2972266,332266,99.3,4.675,?
letters,6,6,weka.classifiers.lazy.IBk,"'-K 4 -W 0 -I -A \""weka.core.neighboursearch.LinearNNSearch -A \\\""weka.core.EuclideanDistance -R first-last\\\""\""'",-3.08019E+18,2.02E+07,18000,2000,1926,74,0,96.3,3.7,0,0.961518331,0.005355726,0.05030722,7.241194016,26.16021131,9399.620482,667.7365334,8731.883949,4.699810241,0.333868267,4.365941975,9063.139844,4.531569922,192840.4361,1,79,0,0,1,1921,0,0,1,1,1,1,1,1,0.963,0.001475636,0.998524364,0.037,0.963418299,0.963,0.962929245,0.961608492,0.99692526,0.985708917,0.962709326,0.963,0.003,3.597,0.003341,3.589513,3.341,3589.513,2974519,2972266,332266,98.95,4.655769231,?
letters,6,7,weka.classifiers.lazy.IBk,"'-K 4 -W 0 -I -A \""weka.core.neighboursearch.LinearNNSearch -A \\\""weka.core.EuclideanDistance -R first-last\\\""\""'",-3.08019E+18,2.02E+07,18000,2000,1927,73,0,96.35,3.65,0,0.962038541,0.005073212,0.047833844,6.859211503,24.87398927,9399.747208,437.7129501,8962.034258,4.699873604,0.218856475,4.481017129,9104.148956,4.552074478,193713.2955,0.987179487,77,0,0,1,1922,0.012820513,1,1,0.987179487,0.993548387,0.993310693,1,1,0.9635,0.001452104,0.998547896,0.0365,0.964007451,0.9635,0.963480023,0.962178597,0.998677202,0.991828845,0.963181755,0.9635,0.003,3.545,0.002932,3.541986,2.932,3541.986,2974519,2972266,332266,99.55,4.636538462,?
letters,6,8,weka.classifiers.lazy.IBk,"'-K 4 -W 0 -I -A \""weka.core.neighboursearch.LinearNNSearch -A \\\""weka.core.EuclideanDistance -R first-last\\\""\""'",-3.08019E+18,2.02E+07,18000,2000,1910,90,0,95.5,4.5,0,0.95319831,0.005891743,0.05312415,7.965906101,27.62500743,9399.704609,612.2264653,8787.478143,4.699852304,0.306113233,4.393739072,9039.500835,4.519750418,192337.6552,0.974683544,77,0,0,1,1921,0.025316456,2,1,0.974683544,0.987179487,0.986747097,0.999993411,0.999841772,0.955,0.001799486,0.998200514,0.045,0.956045391,0.955,0.955090534,0.953526502,0.997679492,0.987619437,0.955014,0.955,0.003,3.601,0.002673,3.590633,2.673,3590.633,2974519,2972266,332266,99.2,4.715384615,?
letters,6,9,weka.classifiers.lazy.IBk,"'-K 4 -W 0 -I -A \""weka.core.neighboursearch.LinearNNSearch -A \\\""weka.core.EuclideanDistance -R first-last\\\""\""'",-3.08019E+18,2.02E+07,18000,2000,1921,79,0,96.05,3.95,0,0.958918442,0.005539246,0.051245678,7.489323417,26.64822609,9399.598919,625.2411155,8774.357804,4.69979946,0.312620558,4.387178902,9056.939731,4.528469866,192708.4692,1,79,0,0,1,1921,0,0,1,1,1,1,1,1,0.9605,0.00157252,0.99842748,0.0395,0.961232625,0.9605,0.960521894,0.959136825,0.997785846,0.98680856,0.960279892,0.9605,0.004,3.957,0.003787,3.910198,3.787,3910.198,2974527,2972266,332266,99.1,4.682692308,?
letters,6,10,weka.classifiers.lazy.IBk,"'-K 4 -W 0 -I -A \""weka.core.neighboursearch.LinearNNSearch -A \\\""weka.core.EuclideanDistance -R first-last\\\""\""'",-3.08019E+18,2.02E+07,18000,2000,1937,63,0,96.85,3.15,0,0.967238425,0.004567712,0.045373657,6.175773399,23.5947613,9399.474727,511.410403,8888.064324,4.699737364,0.255705202,4.444032162,9122.563788,4.561281894,194104.4948,1,79,0,0,1,1921,0,0,1,1,1,1,1,1,0.9685,0.001258379,0.998741621,0.0315,0.968778762,0.9685,0.968427616,0.96728766,0.998405242,0.991422357,0.968252546,0.9685,0.003,3.569,0.003173,3.5624,3.173,3562.4,2974519,2972266,332266,99.25,4.561538462,?
letters,7,1,weka.classifiers.lazy.IBk,"'-K 4 -W 0 -I -A \""weka.core.neighboursearch.LinearNNSearch -A \\\""weka.core.EuclideanDistance -R first-last\\\""\""'",-3.08019E+18,2.02E+07,18000,2000,1928,72,0,96.4,3.6,0,0.962558113,0.005142373,0.048289095,6.952733282,25.11078112,9399.581501,497.6041117,8901.977389,4.69979075,0.248802056,4.450988694,9091.005651,4.545502825,193433.2643,1,79,0,0,1,1921,0,0,1,1,1,1,1,1,0.964,0.001439658,0.998560342,0.036,0.964515248,0.964,0.963978714,0.962697022,0.998350044,0.990354684,0.963763057,0.964,0.002,3.589,0.002569,3.582767,2.569,3582.767,2974527,2972266,332266,99.4,4.671153846,?
letters,7,2,weka.classifiers.lazy.IBk,"'-K 4 -W 0 -I -A \""weka.core.neighboursearch.LinearNNSearch -A \\\""weka.core.EuclideanDistance -R first-last\\\""\""'",-3.08019E+18,2.02E+07,18000,2000,1930,70,0,96.5,3.5,0,0.96359843,0.005185865,0.048738964,7.011547071,25.3447574,9399.468638,583.1319562,8816.336682,4.699734319,0.291565978,4.408168341,9082.430354,4.541215177,193250.5471,1,79,0,0,1,1921,0,0,1,1,1,1,1,1,0.965,0.001393404,0.998606596,0.035,0.965153416,0.965,0.964970228,0.963635828,0.998218221,0.988900345,0.964737862,0.965,0.003,3.572,0.002871,3.566483,2.871,3566.483,2974519,2972266,332266,99.15,4.646153846,?
letters,7,3,weka.classifiers.lazy.IBk,"'-K 4 -W 0 -I -A \""weka.core.neighboursearch.LinearNNSearch -A \\\""weka.core.EuclideanDistance -R first-last\\\""\""'",-3.08019E+18,2.02E+07,18000,2000,1923,77,0,96.15,3.85,0,0.959958315,0.005412975,0.049914948,7.31861362,25.95629395,9399.434299,544.3405607,8855.093738,4.699717149,0.27217028,4.427546869,9074.360239,4.537180119,193078.7573,0.987341772,78,0.001041124,2,0.998958876,1919,0.012658228,1,0.975,0.987341772,0.981132075,0.980372089,0.999070895,0.991606412,0.9615,0.001538152,0.998461848,0.0385,0.961906686,0.9615,0.961543019,0.960091912,0.99843194,0.990016171,0.961451263,0.9615,0.002,3.658,0.002703,3.645627,2.703,3645.627,2974527,2972266,332266,99.3,4.682692308,?
letters,7,4,weka.classifiers.lazy.IBk,"'-K 4 -W 0 -I -A \""weka.core.neighboursearch.LinearNNSearch -A \\\""weka.core.EuclideanDistance -R first-last\\\""\""'",-3.08019E+18,2.02E+07,18000,2000,1922,78,0,96.1,3.9,0,0.959438515,0.005415731,0.050572333,7.322333923,26.2981154,9399.506043,529.3132049,8870.192838,4.699753022,0.264656602,4.435096419,9075.845635,4.537922817,193110.523,1,79,0,0,1,1921,0,0,1,1,1,1,1,1,0.961,0.001550052,0.998449948,0.039,0.961548153,0.961,0.96097529,0.959585508,0.997794991,0.988390781,0.960741764,0.961,0.003,3.528,0.002619,3.523322,2.619,3523.322,2974527,2972266,332266,99.35,4.657692308,?
letters,7,5,weka.classifiers.lazy.IBk,"'-K 4 -W 0 -I -A \""weka.core.neighboursearch.LinearNNSearch -A \\\""weka.core.EuclideanDistance -R first-last\\\""\""'",-3.08019E+18,2.02E+07,18000,2000,1918,82,0,95.9,4.1,0,0.957358394,0.005766467,0.051641828,7.796532876,26.85421294,9399.640846,568.3724141,8831.268432,4.699820423,0.284186207,4.415634216,9052.089361,4.52604468,192605.3606,1,79,5.21E-04,1,0.999479438,1920,0,0,0.9875,1,0.993710692,0.993471663,0.999980232,0.999519256,0.959,0.001636889,0.998363111,0.041,0.959231129,0.959,0.958998065,0.957425764,0.997960794,0.988025354,0.95886856,0.959,0.003,3.56,0.002561,3.553897,2.561,3553.897,2974519,2972266,332266,99.3,4.751923077,?
letters,7,6,weka.classifiers.lazy.IBk,"'-K 4 -W 0 -I -A \""weka.core.neighboursearch.LinearNNSearch -A \\\""weka.core.EuclideanDistance -R first-last\\\""\""'",-3.08019E+18,2.02E+07,18000,2000,1915,85,0,95.75,4.25,0,0.955798071,0.005498764,0.051165498,7.434579134,26.60649016,9399.711056,607.4919919,8792.219065,4.699855528,0.303745996,4.396109532,9057.77806,4.52888903,192726.5618,0.987341772,78,5.21E-04,1,0.999479438,1920,0.012658228,1,0.987341772,0.987341772,0.987341772,0.98682121,0.999993411,0.999841772,0.9575,0.001702365,0.998297635,0.0425,0.957970764,0.9575,0.957423562,0.955895252,0.998304211,0.987912552,0.957306162,0.9575,0.002,3.507,0.002564,3.502612,2.564,3502.612,2974519,2972266,332266,99.15,4.669230769,?
letters,7,7,weka.classifiers.lazy.IBk,"'-K 4 -W 0 -I -A \""weka.core.neighboursearch.LinearNNSearch -A \\\""weka.core.EuclideanDistance -R first-last\\\""\""'",-3.08019E+18,2.02E+07,18000,2000,1928,72,0,96.4,3.6,0,0.962558366,0.005240371,0.049663626,7.085212933,25.82547048,9399.805352,574.6328821,8825.17247,4.699902676,0.287316441,4.412586235,9076.175159,4.53808758,193118.2162,0.987341772,78,5.21E-04,1,0.999479438,1920,0.012658228,1,0.987341772,0.987341772,0.987341772,0.98682121,0.999980232,0.999536894,0.964,0.00144181,0.99855819,0.036,0.964439813,0.964,0.963962263,0.962666161,0.998126603,0.988675128,0.963822873,0.964,0.003,3.575,0.002653,3.569978,2.653,3569.978,2974519,2972266,332266,99.2,4.65,?
letters,7,8,weka.classifiers.lazy.IBk,"'-K 4 -W 0 -I -A \""weka.core.neighboursearch.LinearNNSearch -A \\\""weka.core.EuclideanDistance -R first-last\\\""\""'",-3.08019E+18,2.02E+07,18000,2000,1930,70,0,96.5,3.5,0,0.963598809,0.004973277,0.047202726,6.724100648,24.54583053,9399.665755,413.4763203,8986.189435,4.699832878,0.20673816,4.493094718,9112.959101,4.556479551,193900.5639,0.974683544,77,0,0,1,1921,0.025316456,2,1,0.974683544,0.987179487,0.986747097,1,1,0.965,0.001394741,0.998605259,0.035,0.965492179,0.965,0.964973411,0.96372469,0.998660717,0.992691253,0.964849888,0.965,0.002,3.709,0.002606,3.688105,2.606,3688.105,2974527,2972266,332266,99.6,4.626923077,?
letters,7,9,weka.classifiers.lazy.IBk,"'-K 4 -W 0 -I -A \""weka.core.neighboursearch.LinearNNSearch -A \\\""weka.core.EuclideanDistance -R first-last\\\""\""'",-3.08019E+18,2.02E+07,18000,2000,1920,80,0,96,4,0,0.958398996,0.005509769,0.050992571,7.44945337,26.51654545,9399.768888,644.8159682,8754.95292,4.699884444,0.322407984,4.37747646,9053.744041,4.52687202,192640.8549,1,79,0,0,1,1921,0,0,1,1,1,1,0.999986821,0.999687451,0.96,0.001584135,0.998415865,0.04,0.960557752,0.96,0.960036655,0.958579222,0.997420992,0.987318617,0.959731135,0.96,0.003,4.037,0.002756,3.977829,2.756,3977.829,2974527,2972266,332266,99.05,4.696153846,?
letters,7,10,weka.classifiers.lazy.IBk,"'-K 4 -W 0 -I -A \""weka.core.neighboursearch.LinearNNSearch -A \\\""weka.core.EuclideanDistance -R first-last\\\""\""'",-3.08019E+18,2.02E+07,18000,2000,1917,83,0,95.85,4.15,0,0.956838206,0.005467693,0.050984262,7.392566786,26.5122323,9399.745976,588.1926399,8811.553336,4.699872988,0.29409632,4.405776668,9062.048155,4.531024077,192817.4939,1,78,0,0,1,1922,0,0,1,1,1,1,1,1,0.9585,0.001651502,0.998348498,0.0415,0.959020001,0.9585,0.958304178,0.956904131,0.998288291,0.987995238,0.957943994,0.9585,0.002,4.683,0.002727,4.53806,2.727,4538.06,2974519,2972266,332266,99.2,4.675,?
letters,8,1,weka.classifiers.lazy.IBk,"'-K 4 -W 0 -I -A \""weka.core.neighboursearch.LinearNNSearch -A \\\""weka.core.EuclideanDistance -R first-last\\\""\""'",-3.08019E+18,2.02E+07,18000,2000,1927,73,0,96.35,3.65,0,0.962038136,0.005208999,0.047666393,7.042814648,24.78696482,9399.597451,476.939181,8922.65827,4.699798726,0.238469591,4.461329135,9097.491661,4.548745831,193571.3028,1,79,0,0,1,1921,0,0,1,1,1,1,1,1,0.9635,0.001462917,0.998537083,0.0365,0.964009252,0.9635,0.963538802,0.962198721,0.998071898,0.991193852,0.963426546,0.9635,0.003,4.446,0.002745,4.340639,2.745,4340.639,2974519,2972266,332266,99.45,4.690384615,?
letters,8,2,weka.classifiers.lazy.IBk,"'-K 4 -W 0 -I -A \""weka.core.neighboursearch.LinearNNSearch -A \\\""weka.core.EuclideanDistance -R first-last\\\""\""'",-3.08019E+18,2.02E+07,18000,2000,1930,70,0,96.5,3.5,0,0.963598743,0.00542415,0.048920858,7.333701982,25.43927241,9399.671603,554.9962559,8844.675348,4.699835802,0.277498128,4.422337674,9077.155558,4.538577779,193138.7722,1,79,0,0,1,1921,0,0,1,1,1,1,1,1,0.965,0.001394185,0.998605815,0.035,0.96571693,0.965,0.965026265,0.96381114,0.999058024,0.991348851,0.964868308,0.965,0.003,4.518,0.002612,4.418248,2.612,4418.248,2974679,2972266,332266,99.25,4.723076923,?
letters,8,3,weka.classifiers.lazy.IBk,"'-K 4 -W 0 -I -A \""weka.core.neighboursearch.LinearNNSearch -A \\\""weka.core.EuclideanDistance -R first-last\\\""\""'",-3.08019E+18,2.02E+07,18000,2000,1930,70,0,96.5,3.5,0,0.96359862,0.005319809,0.048755108,7.192633325,25.35310085,9399.616152,502.7996384,8896.816513,4.699808076,0.251399819,4.448408257,9084.945924,4.542472962,193304.4005,1,79,5.21E-04,1,0.999479438,1920,0,0,0.9875,1,0.993710692,0.993471663,0.999993411,0.999841772,0.965,0.001391497,0.998608503,0.035,0.965196606,0.965,0.964973849,0.963649948,0.99874509,0.990418692,0.964724979,0.965,0.004,4.589,0.003978,4.472791,3.978,4472.791,2974535,2972266,332266,99.4,4.682692308,?
letters,8,4,weka.classifiers.lazy.IBk,"'-K 4 -W 0 -I -A \""weka.core.neighboursearch.LinearNNSearch -A \\\""weka.core.EuclideanDistance -R first-last\\\""\""'",-3.08019E+18,2.02E+07,18000,2000,1921,79,0,96.05,3.95,0,0.958918731,0.005253082,0.049862476,7.102410934,25.92892712,9399.659449,541.5927326,8858.066717,4.699829725,0.270796366,4.429033358,9075.975751,4.537987875,193113.6358,1,79,0,0,1,1921,0,0,1,1,1,1,1,1,0.9605,0.001574945,0.998425055,0.0395,0.960959311,0.9605,0.960494019,0.959043802,0.99859675,0.989661677,0.96040166,0.9605,0.003,4.754,0.002625,4.624897,2.625,4624.897,2974519,2972266,332266,99.3,4.653846154,?
letters,8,5,weka.classifiers.lazy.IBk,"'-K 4 -W 0 -I -A \""weka.core.neighboursearch.LinearNNSearch -A \\\""weka.core.EuclideanDistance -R first-last\\\""\""'",-3.08019E+18,2.02E+07,18000,2000,1913,87,0,95.65,4.35,0,0.954757943,0.005521552,0.052123969,7.46540318,27.10495575,9399.572853,717.7141813,8681.858672,4.699786427,0.358857091,4.340929336,9039.987131,4.519993565,192347.7,1,79,0.001041124,2,0.998958876,1919,0,0,0.975308642,1,0.9875,0.987062928,1,1,0.9565,0.00173134,0.99826866,0.0435,0.957297688,0.9565,0.956598364,0.955033881,0.997987521,0.986329486,0.95624409,0.9565,0.003,4.088,0.002742,4.035378,2.742,4035.378,2974663,2972266,332266,98.85,4.665384615,?
letters,8,6,weka.classifiers.lazy.IBk,"'-K 4 -W 0 -I -A \""weka.core.neighboursearch.LinearNNSearch -A \\\""weka.core.EuclideanDistance -R first-last\\\""\""'",-3.08019E+18,2.02E+07,18000,2000,1917,83,0,95.85,4.15,0,0.956838195,0.005556217,0.052349647,7.512260875,27.22226568,9399.689276,672.1583752,8727.530901,4.699844638,0.336079188,4.363765451,9042.616628,4.521308314,192403.9161,1,79,0,0,1,1921,0,0,1,1,1,1,1,1,0.9585,0.001650701,0.998349299,0.0415,0.959591135,0.9585,0.958594119,0.957191902,0.9972178,0.985157233,0.958232602,0.9585,0.009,4.241,0.008356,4.160053,8.356,4160.053,2974519,2972266,332266,99,4.663461538,?
letters,8,7,weka.classifiers.lazy.IBk,"'-K 4 -W 0 -I -A \""weka.core.neighboursearch.LinearNNSearch -A \\\""weka.core.EuclideanDistance -R first-last\\\""\""'",-3.08019E+18,2.02E+07,18000,2000,1913,87,0,95.65,4.35,0,0.954758308,0.005544929,0.052310047,7.496999366,27.20167303,9399.689276,544.4828204,8855.206456,4.699844638,0.27224141,4.427603228,9060.784375,4.530392187,192790.4796,1,79,0,0,1,1921,0,0,1,1,1,1,1,1,0.9565,0.001734569,0.998265431,0.0435,0.957357271,0.9565,0.956550823,0.955022265,0.997818104,0.986341989,0.956337843,0.9565,0.003,4.244,0.002837,4.165378,2.837,4165.378,2974543,2972266,332266,99.35,4.632692308,?
letters,8,8,weka.classifiers.lazy.IBk,"'-K 4 -W 0 -I -A \""weka.core.neighboursearch.LinearNNSearch -A \\\""weka.core.EuclideanDistance -R first-last\\\""\""'",-3.08019E+18,2.02E+07,18000,2000,1913,87,0,95.65,4.35,0,0.954758061,0.006024346,0.05356416,8.145201748,27.85385545,9399.606526,690.5767719,8709.029754,4.699803263,0.345288386,4.354514877,9024.651276,4.512325638,192021.4694,0.987179487,77,0,0,1,1922,0.012820513,1,1,0.987179487,0.993548387,0.993310693,1,1,0.9565,0.001733237,0.998266763,0.0435,0.957312215,0.9565,0.956460297,0.954971798,0.996964377,0.984983712,0.956161016,0.9565,0.004,5.243,0.004151,5.017615,4.151,5017.615,2974519,2972266,332266,99,4.744230769,?
letters,8,9,weka.classifiers.lazy.IBk,"'-K 4 -W 0 -I -A \""weka.core.neighboursearch.LinearNNSearch -A \\\""weka.core.EuclideanDistance -R first-last\\\""\""'",-3.08019E+18,2.02E+07,18000,2000,1927,73,0,96.35,3.65,0,0.962038501,0.005237409,0.049240725,7.081223961,25.60562682,9399.612883,517.5676563,8882.045227,4.699806442,0.258783828,4.441022614,9085.747982,4.542873991,193321.4679,1,79,5.21E-04,1,0.999479438,1920,0,0,0.9875,1,0.993710692,0.993471663,1,1,0.9635,0.001455607,0.998544393,0.0365,0.964021008,0.9635,0.963556094,0.962212814,0.998544282,0.990398071,0.96338221,0.9635,0.003,5.7,0.003036,5.401223,3.036,5401.223,2974519,2972266,332266,99.35,4.648076923,?
letters,8,10,weka.classifiers.lazy.IBk,"'-K 4 -W 0 -I -A \""weka.core.neighboursearch.LinearNNSearch -A \\\""weka.core.EuclideanDistance -R first-last\\\""\""'",-3.08019E+18,2.02E+07,18000,2000,1931,69,0,96.55,3.45,0,0.96411863,0.004876234,0.04709461,6.592899001,24.48962761,9399.612883,564.1283153,8835.484568,4.699806442,0.282064158,4.417742284,9100.79475,4.550397375,193641.6247,0.974683544,77,0,0,1,1921,0.025316456,2,1,0.974683544,0.987179487,0.986747097,0.999986821,0.999687451,0.9655,0.001378507,0.998621493,0.0345,0.965812777,0.9655,0.965407295,0.964164671,0.998512412,0.990477783,0.965308308,0.9655,0.003,4.683,0.002762,4.566815,2.762,4566.815,2974519,2972266,332266,99.15,4.6,?
letters,9,1,weka.classifiers.lazy.IBk,"'-K 4 -W 0 -I -A \""weka.core.neighboursearch.LinearNNSearch -A \\\""weka.core.EuclideanDistance -R first-last\\\""\""'",-3.08019E+18,2.02E+07,18000,2000,1914,86,0,95.7,4.3,0,0.955278362,0.005845571,0.052828586,7.903476433,27.47130124,9399.733495,631.6299304,8768.103564,4.699866747,0.315814965,4.384051782,9036.123829,4.518061915,192265.8645,1,79,0,0,1,1921,0,0,1,1,1,1,1,1,0.957,0.00171535,0.99828465,0.043,0.957696176,0.957,0.956963811,0.955458347,0.997467645,0.986823087,0.956776643,0.957,0.004,3.717,0.003259,3.704199,3.259,3704.199,2974535,2972266,332266,99.15,4.751923077,?
letters,9,2,weka.classifiers.lazy.IBk,"'-K 4 -W 0 -I -A \""weka.core.neighboursearch.LinearNNSearch -A \\\""weka.core.EuclideanDistance -R first-last\\\""\""'",-3.08019E+18,2.02E+07,18000,2000,1935,65,0,96.75,3.25,0,0.966198727,0.005226867,0.048459372,7.06696167,25.19927775,9399.722168,495.7306274,8903.991541,4.699861084,0.247865314,4.451995771,9092.772013,4.546386006,193471.1714,0.987341772,78,0,0,1,1921,0.012658228,1,1,0.987341772,0.993630573,0.993392202,0.999980232,0.999536894,0.9675,0.001298413,0.998701587,0.0325,0.96788012,0.9675,0.967487359,0.966300898,0.99855583,0.990547712,0.96736287,0.9675,0.002,3.688,0.00261,3.678558,2.61,3678.558,2974519,2972266,332266,99.4,4.665384615,?
letters,9,3,weka.classifiers.lazy.IBk,"'-K 4 -W 0 -I -A \""weka.core.neighboursearch.LinearNNSearch -A \\\""weka.core.EuclideanDistance -R first-last\\\""\""'",-3.08019E+18,2.02E+07,18000,2000,1920,80,0,96,4,0,0.958398812,0.005637646,0.051113571,7.622355313,26.57949112,9399.700704,559.1607629,8840.539941,4.699850352,0.279580381,4.420269971,9061.091926,4.530545963,192797.051,1,79,5.21E-04,1,0.999479438,1920,0,0,0.9875,1,0.993710692,0.993471663,1,1,0.96,0.001591165,0.998408835,0.04,0.960691958,0.96,0.960029902,0.958607061,0.997740226,0.988523633,0.959853978,0.96,0.002,3.568,0.002654,3.562523,2.654,3562.523,2974519,2972266,332266,99.3,4.732692308,?
letters,9,4,weka.classifiers.lazy.IBk,"'-K 4 -W 0 -I -A \""weka.core.neighboursearch.LinearNNSearch -A \\\""weka.core.EuclideanDistance -R first-last\\\""\""'",-3.08019E+18,2.02E+07,18000,2000,1922,78,0,96.1,3.9,0,0.959438167,0.005564931,0.051403752,7.524054207,26.73043738,9399.568698,576.4478672,8823.120831,4.699784349,0.288223934,4.411560416,9058.927878,4.529463939,192750.7015,0.987341772,78,0,0,1,1921,0.012658228,1,1,0.987341772,0.993630573,0.993392202,0.999986821,0.999687451,0.961,0.001551668,0.998448332,0.039,0.961511055,0.961,0.961025344,0.959602167,0.998059121,0.988165586,0.960688842,0.961,0.003,3.569,0.002639,3.562547,2.639,3562.547,2974519,2972266,332266,99.25,4.688461538,?
letters,9,5,weka.classifiers.lazy.IBk,"'-K 4 -W 0 -I -A \""weka.core.neighboursearch.LinearNNSearch -A \\\""weka.core.EuclideanDistance -R first-last\\\""\""'",-3.08019E+18,2.02E+07,18000,2000,1932,68,0,96.6,3.4,0,0.96463796,0.005085577,0.04829006,6.875948687,25.11130725,9399.512392,578.0982687,8821.414123,4.699756196,0.289049134,4.410707062,9087.975579,4.54398779,193368.6335,1,79,0,0,1,1921,0,0,1,1,1,1,1,1,0.966,0.001360116,0.998639884,0.034,0.96631517,0.966,0.965868319,0.964673884,0.998024995,0.988468153,0.965592931,0.966,0.003,3.621,0.002759,3.612564,2.759,3612.564,2974519,2972266,332266,99.15,4.632692308,?
letters,9,6,weka.classifiers.lazy.IBk,"'-K 4 -W 0 -I -A \""weka.core.neighboursearch.LinearNNSearch -A \\\""weka.core.EuclideanDistance -R first-last\\\""\""'",-3.08019E+18,2.02E+07,18000,2000,1939,61,0,96.95,3.05,0,0.968279012,0.005116129,0.047594429,6.917261742,24.74959236,9399.454576,502.645056,8896.80952,4.699727288,0.251322528,4.44840476,9100.493443,4.550246722,193634.8454,1,78,5.20E-04,1,0.999479709,1921,0,0,0.987341772,1,0.993630573,0.993392202,0.99999333,0.999837715,0.9695,0.001212934,0.998787066,0.0305,0.969961973,0.9695,0.969497783,0.968405682,0.998554647,0.991168899,0.969429416,0.9695,0.002,3.579,0.002693,3.5718,2.693,3571.8,2974519,2972266,332266,99.35,4.638461538,?
letters,9,7,weka.classifiers.lazy.IBk,"'-K 4 -W 0 -I -A \""weka.core.neighboursearch.LinearNNSearch -A \\\""weka.core.EuclideanDistance -R first-last\\\""\""'",-3.08019E+18,2.02E+07,18000,2000,1940,60,0,97,3,0,0.968798768,0.005019541,0.047092734,6.786655578,24.48864865,9399.623498,503.3914687,8896.23203,4.699811749,0.251695734,4.448116015,9099.844166,4.549922083,193621.4165,1,79,5.21E-04,1,0.999479438,1920,0,0,0.9875,1,0.993710692,0.993471663,0.999993411,0.999841772,0.97,0.001193726,0.998806274,0.03,0.970420877,0.97,0.969946481,0.968896825,0.998573403,0.991122331,0.969726883,0.97,0.003,3.538,0.002631,3.532294,2.631,3532.294,2974519,2972266,332266,99.35,4.669230769,?
letters,9,8,weka.classifiers.lazy.IBk,"'-K 4 -W 0 -I -A \""weka.core.neighboursearch.LinearNNSearch -A \\\""weka.core.EuclideanDistance -R first-last\\\""\""'",-3.08019E+18,2.02E+07,18000,2000,1919,81,0,95.95,4.05,0,0.95787803,0.005158677,0.049222966,6.974767174,25.59635954,9399.705691,505.7157518,8893.989939,4.699852846,0.252857876,4.44699497,9083.928512,4.541964256,193282.9624,1,79,0,0,1,1921,0,0,1,1,1,1,1,1,0.9595,0.001613902,0.998386098,0.0405,0.959783675,0.9595,0.959369327,0.957909645,0.998053866,0.989571146,0.959023854,0.9595,0.003,3.635,0.002595,3.624885,2.595,3624.885,2974527,2972266,332266,99.4,4.642307692,?
letters,9,9,weka.classifiers.lazy.IBk,"'-K 4 -W 0 -I -A \""weka.core.neighboursearch.LinearNNSearch -A \\\""weka.core.EuclideanDistance -R first-last\\\""\""'",-3.08019E+18,2.02E+07,18000,2000,1923,77,0,96.15,3.85,0,0.959958784,0.005041174,0.047829358,6.815900527,24.87168289,9399.672559,451.3813172,8948.291242,4.699836279,0.225690659,4.474145621,9102.825133,4.551412566,193684.9576,1,79,0,0,1,1921,0,0,1,1,1,1,1,1,0.9615,0.001535712,0.998464288,0.0385,0.962020719,0.9615,0.961410692,0.960062118,0.999338511,0.992469723,0.961333838,0.9615,0.002,3.581,0.002589,3.574105,2.589,3574.105,2974519,2972266,332266,99.5,4.646153846,?
letters,9,10,weka.classifiers.lazy.IBk,"'-K 4 -W 0 -I -A \""weka.core.neighboursearch.LinearNNSearch -A \\\""weka.core.EuclideanDistance -R first-last\\\""\""'",-3.08019E+18,2.02E+07,18000,2000,1927,73,0,96.35,3.65,0,0.962038501,0.005455214,0.049991992,7.375705266,25.99628491,9399.634573,596.0385153,8803.596058,4.699817287,0.298019258,4.401798029,9067.487551,4.533743776,192932.973,0.987341772,78,5.21E-04,1,0.999479438,1920,0.012658228,1,0.987341772,0.987341772,0.987341772,0.98682121,0.999986821,0.999687451,0.9635,0.001457256,0.998542744,0.0365,0.964612033,0.9635,0.963648261,0.962413344,0.998848987,0.990582863,0.963509685,0.9635,0.003,3.607,0.00294,3.599234,2.94,3599.234,2974519,2972266,332266,99.15,4.694230769,?
letters,10,1,weka.classifiers.lazy.IBk,"'-K 4 -W 0 -I -A \""weka.core.neighboursearch.LinearNNSearch -A \\\""weka.core.EuclideanDistance -R first-last\\\""\""'",-3.08019E+18,2.02E+07,18000,2000,1936,64,0,96.8,3.2,0,0.966718513,0.004639489,0.046233969,6.272814524,24.0421137,9399.531751,482.5392691,8916.992482,4.699765875,0.241269635,4.458496241,9119.02999,4.559514995,194029.4354,1,79,0.001041124,2,0.998958876,1919,0,0,0.975308642,1,0.9875,0.987062928,0.999993411,0.999841772,0.968,0.001278954,0.998721046,0.032,0.968366634,0.968,0.967942314,0.966796829,0.999051425,0.992242406,0.967802363,0.968,0.004,3.87,0.003647,3.860617,3.647,3860.617,2974519,2972266,332266,99.35,4.561538462,?
letters,10,2,weka.classifiers.lazy.IBk,"'-K 4 -W 0 -I -A \""weka.core.neighboursearch.LinearNNSearch -A \\\""weka.core.EuclideanDistance -R first-last\\\""\""'",-3.08019E+18,2.02E+07,18000,2000,1925,75,0,96.25,3.75,0,0.960997862,0.005313716,0.04813091,7.184402441,25.0285404,9399.533397,465.136203,8934.397194,4.699766699,0.232568101,4.467198597,9090.854694,4.545427347,193429.9369,1,78,0,0,1,1922,0,0,1,1,1,1,1,1,0.9625,0.001505409,0.998494591,0.0375,0.96292451,0.9625,0.962465063,0.961101713,0.998989899,0.991727854,0.962346537,0.9625,0.002,3.566,0.002614,3.559518,2.614,3559.518,2974519,2972266,332266,99.5,4.711538462,?
letters,10,3,weka.classifiers.lazy.IBk,"'-K 4 -W 0 -I -A \""weka.core.neighboursearch.LinearNNSearch -A \\\""weka.core.EuclideanDistance -R first-last\\\""\""'",-3.08019E+18,2.02E+07,18000,2000,1928,72,0,96.4,3.6,0,0.962558269,0.004902425,0.048341467,6.628308297,25.13799478,9399.640411,573.8048664,8825.835544,4.699820205,0.286902433,4.412917772,9094.341921,4.54717096,193504.3857,1,79,5.21E-04,1,0.999479438,1920,0,0,0.9875,1,0.993710692,0.993471663,0.999986821,0.999681541,0.964,0.001436957,0.998563043,0.036,0.964850171,0.964,0.963994658,0.962795872,0.997520396,0.988564004,0.963750294,0.964,0.003,3.636,0.002634,3.625289,2.634,3625.289,2974527,2972266,332266,99.15,4.578846154,?
letters,10,4,weka.classifiers.lazy.IBk,"'-K 4 -W 0 -I -A \""weka.core.neighboursearch.LinearNNSearch -A \\\""weka.core.EuclideanDistance -R first-last\\\""\""'",-3.08019E+18,2.02E+07,18000,2000,1923,77,0,96.15,3.85,0,0.959958523,0.00518262,0.049717708,7.007148656,25.85366674,9399.602265,554.4012836,8845.200981,4.699801133,0.277200642,4.422600491,9081.055259,4.540527629,193221.593,1,79,0,0,1,1921,0,0,1,1,1,1,1,1,0.9615,0.001537328,0.998462672,0.0385,0.961930859,0.9615,0.961381389,0.960025111,0.998285189,0.988786345,0.961277199,0.9615,0.002,3.559,0.002614,3.551276,2.614,3551.276,2974519,2972266,332266,99.25,4.619230769,?
letters,10,5,weka.classifiers.lazy.IBk,"'-K 4 -W 0 -I -A \""weka.core.neighboursearch.LinearNNSearch -A \\\""weka.core.EuclideanDistance -R first-last\\\""\""'",-3.08019E+18,2.02E+07,18000,2000,1924,76,0,96.2,3.8,0,0.960478388,0.005421167,0.050963945,7.329678292,26.50173398,9399.567525,618.4103251,8781.157199,4.699783762,0.309205163,4.3905786,9062.786458,4.531393229,192832.8001,1,79,0,0,1,1921,0,0,1,1,1,1,1,1,0.962,0.001516229,0.998483771,0.038,0.962711232,0.962,0.962079205,0.960714149,0.998114103,0.987582812,0.961915189,0.962,0.003,3.544,0.002565,3.540377,2.565,3540.377,2974519,2972266,332266,99.1,4.653846154,?
letters,10,6,weka.classifiers.lazy.IBk,"'-K 4 -W 0 -I -A \""weka.core.neighboursearch.LinearNNSearch -A \\\""weka.core.EuclideanDistance -R first-last\\\""\""'",-3.08019E+18,2.02E+07,18000,2000,1935,65,0,96.75,3.25,0,0.966198859,0.005140386,0.048462023,6.950035638,25.20065646,9399.724418,584.1714659,8815.552952,4.699862209,0.292085733,4.407776476,9082.80336,4.54140168,193259.0647,0.987341772,78,0,0,1,1921,0.012658228,1,1,0.987341772,0.993630573,0.993392202,0.99989457,0.997868088,0.9675,0.001288407,0.998711593,0.0325,0.967727649,0.9675,0.967388776,0.966222113,0.998102728,0.989271834,0.967079331,0.9675,0.002,3.523,0.002627,3.517818,2.627,3517.818,2974519,2972266,332266,99.15,4.657692308,?
letters,10,7,weka.classifiers.lazy.IBk,"'-K 4 -W 0 -I -A \""weka.core.neighboursearch.LinearNNSearch -A \\\""weka.core.EuclideanDistance -R first-last\\\""\""'",-3.08019E+18,2.02E+07,18000,2000,1925,75,0,96.25,3.75,0,0.960998693,0.005382158,0.049033343,7.276920474,25.49774304,9399.73457,539.4569098,8860.277661,4.699867285,0.269728455,4.43013883,9079.443689,4.539721845,193187.604,1,79,5.21E-04,1,0.999479438,1920,0,0,0.9875,1,0.993710692,0.993471663,0.999986821,0.999681541,0.9625,0.001494296,0.998505704,0.0375,0.962854997,0.9625,0.962487693,0.961096373,0.998567779,0.990425024,0.962321967,0.9625,0.003,3.533,0.002618,3.527649,2.618,3527.649,2974519,2972266,332266,99.3,4.713461538,?
letters,10,8,weka.classifiers.lazy.IBk,"'-K 4 -W 0 -I -A \""weka.core.neighboursearch.LinearNNSearch -A \\\""weka.core.EuclideanDistance -R first-last\\\""\""'",-3.08019E+18,2.02E+07,18000,2000,1903,97,0,95.15,4.85,0,0.949558232,0.006426238,0.055442226,8.688568755,28.83043338,9399.690031,554.6194974,8845.070533,4.699845015,0.277309749,4.422535267,9017.617936,4.508808968,191872.0048,0.987341772,78,0,0,1,1921,0.012658228,1,1,0.987341772,0.993630573,0.993392202,0.999993411,0.999841772,0.9515,0.001933695,0.998066305,0.0485,0.95228735,0.9515,0.951526533,0.949791904,0.998452148,0.987457281,0.951330275,0.9515,0.003,3.598,0.00259,3.591692,2.59,3591.692,2974519,2972266,332266,99.45,4.803846154,?
letters,10,9,weka.classifiers.lazy.IBk,"'-K 4 -W 0 -I -A \""weka.core.neighboursearch.LinearNNSearch -A \\\""weka.core.EuclideanDistance -R first-last\\\""\""'",-3.08019E+18,2.02E+07,18000,2000,1919,81,0,95.95,4.05,0,0.95787849,0.005356596,0.050176325,7.242358018,26.09209385,9399.760482,564.8314545,8834.929028,4.699880241,0.282415727,4.417464514,9072.254446,4.536127223,193034.6926,0.987341772,78,0,0,1,1921,0.012658228,1,1,0.987341772,0.993630573,0.993392202,0.999993411,0.999841772,0.9595,0.00161605,0.99838395,0.0405,0.96013044,0.9595,0.959526445,0.958068332,0.997357094,0.987403234,0.959357457,0.9595,0.002,3.567,0.0026,3.560811,2.6,3560.811,2974519,2972266,332266,99.25,4.667307692,?
letters,10,10,weka.classifiers.lazy.IBk,"'-K 4 -W 0 -I -A \""weka.core.neighboursearch.LinearNNSearch -A \\\""weka.core.EuclideanDistance -R first-last\\\""\""'",-3.08019E+18,2.02E+07,18000,2000,1915,85,0,95.75,4.25,0,0.955797427,0.00554817,0.051573147,7.50139404,26.8185328,9399.543505,612.654232,8786.889273,4.699771753,0.306327116,4.393444637,9054.035096,4.527017548,192646.5352,1,79,0.001041124,2,0.998958876,1919,0,0,0.975308642,1,0.9875,0.987062928,0.999986821,0.999687451,0.9575,0.001692099,0.998307901,0.0425,0.958069379,0.9575,0.957103103,0.955787857,0.997774146,0.987107116,0.956590816,0.9575,0.003,3.579,0.002612,3.570492,2.612,3570.492,2974519,2972266,332266,99.15,4.669230769,?
,,,,,,,,,,,,,,,,,,,,,,,,,,,,,,,,,,,,,,,,,,,,,,,,,,,,,,,,,,,,,,,,,,
,,,,,,,,,,,,,3.8185,,,,,,,,,,,,,,,,,,,,,,,,,,,,,,,,,,,,,,,,,,,,,,,,,,,,,
,,,,,,,,,,,,,,,,,,,,,,,,,,,,,,,,,,,,,,,,,,,,,,,,,,,,,,,,,,,,,,,,,,
,,,,,,,,,,,,,0.961791969,,,,,,,,,,,,,,,,,,,,,,,,,,,,,,,,,,,,,,,,,,,,,,,,,,,,,