Key_Dataset,Key_Run,Key_Fold,Key_Scheme,Key_Scheme_options,Key_Scheme_version_ID,Date_time,Number_of_training_instances,Number_of_testing_instances,Number_correct,Number_incorrect,Number_unclassified,Percent_correct,Percent_incorrect,Percent_unclassified,Kappa_statistic,Mean_absolute_error,Root_mean_squared_error,Relative_absolute_error,Root_relative_squared_error,SF_prior_entropy,SF_scheme_entropy,SF_entropy_gain,SF_mean_prior_entropy,SF_mean_scheme_entropy,SF_mean_entropy_gain,KB_information,KB_mean_information,KB_relative_information,True_positive_rate,Num_true_positives,False_positive_rate,Num_false_positives,True_negative_rate,Num_true_negatives,False_negative_rate,Num_false_negatives,IR_precision,IR_recall,F_measure,Matthews_correlation,Area_under_ROC,Area_under_PRC,Weighted_avg_true_positive_rate,Weighted_avg_false_positive_rate,Weighted_avg_true_negative_rate,Weighted_avg_false_negative_rate,Weighted_avg_IR_precision,Weighted_avg_IR_recall,Weighted_avg_F_measure,Weighted_avg_matthews_correlation,Weighted_avg_area_under_ROC,Weighted_avg_area_under_PRC,Unweighted_macro_avg_F_measure,Unweighted_micro_avg_F_measure,Elapsed_Time_training,Elapsed_Time_testing,UserCPU_Time_training,UserCPU_Time_testing,UserCPU_Time_millis_training,UserCPU_Time_millis_testing,Serialized_Model_Size,Serialized_Train_Set_Size,Serialized_Test_Set_Size,Coverage_of_Test_Cases_By_Regions,Size_of_Predicted_Regions,Summary
wine,1,1,weka.classifiers.functions.SMO,'-C 1.0 -L 0.001 -P 1.0E-12 -N 0 -V -1 -W 1 -K \"weka.classifiers.functions.supportVector.PolyKernel -E 1.0 -C 250007\" -calibrator \"weka.classifiers.functions.Logistic -R 1.0E-8 -M -1 -num-decimal-places 4\"',-6585883636378691736,2.01709180148E7,160.0,18.0,17.0,1.0,0.0,94.44444444444444,5.555555555555555,0.0,0.9166666666666666,0.23456790123456794,0.29397236789606573,53.35055986218779,62.64394014293397,28.294048978792915,11.529325012980811,16.764723965812102,1.5718916099329396,0.6405180562767118,0.9313735536562279,16.874270315935924,0.9374594619964403,1076.8989138191487,1.0,6.0,0.0,0.0,1.0,12.0,0.0,0.0,1.0,1.0,1.0,1.0,1.0,1.0,0.9444444444444444,0.021367521367521368,0.9786324786324787,0.05555555555555555,0.9537037037037037,0.9444444444444444,0.9448329448329448,0.9216737177516987,0.964063714063714,0.9210239651416122,0.944055944055944,0.9444444444444444,0.014,0.0,0.02,0.0,20.0,0.0,8200.0,24309.0,4287.0,100.0,66.66666666666664,?
wine,1,2,weka.classifiers.functions.SMO,'-C 1.0 -L 0.001 -P 1.0E-12 -N 0 -V -1 -W 1 -K \"weka.classifiers.functions.supportVector.PolyKernel -E 1.0 -C 250007\" -calibrator \"weka.classifiers.functions.Logistic -R 1.0E-8 -M -1 -num-decimal-places 4\"',-6585883636378691736,2.01709180148E7,160.0,18.0,18.0,0.0,0.0,100.0,0.0,0.0,1.0,0.22222222222222227,0.27216552697590873,50.54263565891474,57.99701891327687,28.294048978792915,10.529325012980811,17.764723965812102,1.5718916099329396,0.5849625007211562,0.9869291092117835,17.764723965812102,0.9869291092117835,1133.7267677295101,1.0,6.0,0.0,0.0,1.0,12.0,0.0,0.0,1.0,1.0,1.0,1.0,1.0,1.0,1.0,0.0,1.0,0.0,1.0,1.0,1.0,1.0,1.0,1.0,1.0,1.0,0.015,0.0,0.01,0.0,10.0,0.0,8200.0,24309.0,4287.0,100.0,66.66666666666664,?
wine,1,3,weka.classifiers.functions.SMO,'-C 1.0 -L 0.001 -P 1.0E-12 -N 0 -V -1 -W 1 -K \"weka.classifiers.functions.supportVector.PolyKernel -E 1.0 -C 250007\" -calibrator \"weka.classifiers.functions.Logistic -R 1.0E-8 -M -1 -num-decimal-places 4\"',-6585883636378691736,2.01709180148E7,160.0,18.0,17.0,1.0,0.0,94.44444444444444,5.555555555555555,0.0,0.9162790697674418,0.23456790123456794,0.29397236789606573,53.35055986218779,62.64394014293397,28.294048978792915,11.529325012980811,16.764723965812102,1.5718916099329396,0.6405180562767118,0.9313735536562279,16.874270315935924,0.9374594619964403,1076.8989138191487,1.0,6.0,0.08333333333333333,1.0,0.9166666666666666,11.0,0.0,0.0,0.8571428571428571,1.0,0.923076923076923,0.8864052604279183,0.9583333333333334,0.8571428571428571,0.9444444444444444,0.027777777777777776,0.9722222222222222,0.05555555555555555,0.9523809523809523,0.9444444444444444,0.9444444444444444,0.9179593547534967,0.9583333333333334,0.9184303350970018,0.9487179487179487,0.9444444444444444,0.01,0.001,0.0,0.0,0.0,0.0,8200.0,24309.0,4287.0,100.0,66.66666666666664,?
wine,1,4,weka.classifiers.functions.SMO,'-C 1.0 -L 0.001 -P 1.0E-12 -N 0 -V -1 -W 1 -K \"weka.classifiers.functions.supportVector.PolyKernel -E 1.0 -C 250007\" -calibrator \"weka.classifiers.functions.Logistic -R 1.0E-8 -M -1 -num-decimal-places 4\"',-6585883636378691736,2.01709180148E7,160.0,18.0,17.0,1.0,0.0,94.44444444444444,5.555555555555555,0.0,0.9166666666666666,0.23456790123456794,0.29397236789606573,53.35055986218779,62.64394014293397,28.294048978792915,11.529325012980811,16.764723965812102,1.5718916099329396,0.6405180562767118,0.9313735536562279,16.874270315935924,0.9374594619964403,1076.8989138191487,1.0,6.0,0.0,0.0,1.0,12.0,0.0,0.0,1.0,1.0,1.0,1.0,1.0,1.0,0.9444444444444444,0.021367521367521368,0.9786324786324787,0.05555555555555555,0.9537037037037037,0.9444444444444444,0.9448329448329448,0.9216737177516987,0.964063714063714,0.9210239651416122,0.944055944055944,0.9444444444444444,0.011,0.0,0.02,0.0,20.0,0.0,8200.0,24309.0,4287.0,100.0,66.66666666666664,?
wine,1,5,weka.classifiers.functions.SMO,'-C 1.0 -L 0.001 -P 1.0E-12 -N 0 -V -1 -W 1 -K \"weka.classifiers.functions.supportVector.PolyKernel -E 1.0 -C 250007\" -calibrator \"weka.classifiers.functions.Logistic -R 1.0E-8 -M -1 -num-decimal-places 4\"',-6585883636378691736,2.01709180148E7,160.0,18.0,18.0,0.0,0.0,100.0,0.0,0.0,1.0,0.22222222222222227,0.27216552697590873,50.54263565891474,57.99701891327687,28.294048978792915,10.529325012980811,17.764723965812102,1.5718916099329396,0.5849625007211562,0.9869291092117835,17.764723965812102,0.9869291092117835,1133.7267677295101,1.0,6.0,0.0,0.0,1.0,12.0,0.0,0.0,1.0,1.0,1.0,1.0,1.0,1.0,1.0,0.0,1.0,0.0,1.0,1.0,1.0,1.0,1.0,1.0,1.0,1.0,0.011,0.0,0.01,0.0,10.0,0.0,8200.0,24309.0,4287.0,100.0,66.66666666666664,?
wine,1,6,weka.classifiers.functions.SMO,'-C 1.0 -L 0.001 -P 1.0E-12 -N 0 -V -1 -W 1 -K \"weka.classifiers.functions.supportVector.PolyKernel -E 1.0 -C 250007\" -calibrator \"weka.classifiers.functions.Logistic -R 1.0E-8 -M -1 -num-decimal-places 4\"',-6585883636378691736,2.01709180148E7,160.0,18.0,18.0,0.0,0.0,100.0,0.0,0.0,1.0,0.22222222222222227,0.27216552697590873,50.54263565891474,57.99701891327687,28.294048978792915,10.529325012980811,17.764723965812102,1.5718916099329396,0.5849625007211562,0.9869291092117835,17.764723965812102,0.9869291092117835,1133.7267677295101,1.0,6.0,0.0,0.0,1.0,12.0,0.0,0.0,1.0,1.0,1.0,1.0,1.0,1.0,1.0,0.0,1.0,0.0,1.0,1.0,1.0,1.0,1.0,1.0,1.0,1.0,0.019,0.0,0.01,0.0,10.0,0.0,8200.0,24309.0,4287.0,100.0,66.66666666666664,?
wine,1,7,weka.classifiers.functions.SMO,'-C 1.0 -L 0.001 -P 1.0E-12 -N 0 -V -1 -W 1 -K \"weka.classifiers.functions.supportVector.PolyKernel -E 1.0 -C 250007\" -calibrator \"weka.classifiers.functions.Logistic -R 1.0E-8 -M -1 -num-decimal-places 4\"',-6585883636378691736,2.01709180148E7,160.0,18.0,18.0,0.0,0.0,100.0,0.0,0.0,1.0,0.22222222222222227,0.27216552697590873,50.54263565891474,57.99701891327687,28.294048978792915,10.529325012980811,17.764723965812102,1.5718916099329396,0.5849625007211562,0.9869291092117835,17.764723965812102,0.9869291092117835,1133.7267677295101,1.0,6.0,0.0,0.0,1.0,12.0,0.0,0.0,1.0,1.0,1.0,1.0,1.0,1.0,1.0,0.0,1.0,0.0,1.0,1.0,1.0,1.0,1.0,1.0,1.0,1.0,0.013,0.001,0.02,0.0,20.0,0.0,8200.0,24309.0,4287.0,100.0,66.66666666666664,?
wine,1,8,weka.classifiers.functions.SMO,'-C 1.0 -L 0.001 -P 1.0E-12 -N 0 -V -1 -W 1 -K \"weka.classifiers.functions.supportVector.PolyKernel -E 1.0 -C 250007\" -calibrator \"weka.classifiers.functions.Logistic -R 1.0E-8 -M -1 -num-decimal-places 4\"',-6585883636378691736,2.01709180148E7,160.0,18.0,18.0,0.0,0.0,100.0,0.0,0.0,1.0,0.22222222222222227,0.27216552697590873,50.54263565891474,57.99701891327687,28.294048978792915,10.529325012980811,17.764723965812102,1.5718916099329396,0.5849625007211562,0.9869291092117835,17.764723965812102,0.9869291092117835,1133.7267677295101,1.0,6.0,0.0,0.0,1.0,12.0,0.0,0.0,1.0,1.0,1.0,1.0,1.0,1.0,1.0,0.0,1.0,0.0,1.0,1.0,1.0,1.0,1.0,1.0,1.0,1.0,0.014,0.0,0.01,0.0,10.0,0.0,8200.0,24309.0,4287.0,100.0,66.66666666666664,?
wine,1,9,weka.classifiers.functions.SMO,'-C 1.0 -L 0.001 -P 1.0E-12 -N 0 -V -1 -W 1 -K \"weka.classifiers.functions.supportVector.PolyKernel -E 1.0 -C 250007\" -calibrator \"weka.classifiers.functions.Logistic -R 1.0E-8 -M -1 -num-decimal-places 4\"',-6585883636378691736,2.01709180148E7,161.0,17.0,17.0,0.0,0.0,100.0,0.0,0.0,1.0,0.2222222222222223,0.27216552697590873,51.03423027640492,58.63479172642255,26.20417312556543,9.944362512259655,16.259810613305774,1.5414219485626723,0.5849625007211562,0.9564594478415162,16.25981061330577,0.9564594478415159,1035.4542239232564,1.0,5.0,0.0,0.0,1.0,12.0,0.0,0.0,1.0,1.0,1.0,1.0,1.0,1.0,1.0,0.0,1.0,0.0,1.0,1.0,1.0,1.0,1.0,1.0,1.0,1.0,0.012,0.0,0.01,0.0,10.0,0.0,8200.0,24450.0,4146.0,100.0,66.66666666666664,?
wine,1,10,weka.classifiers.functions.SMO,'-C 1.0 -L 0.001 -P 1.0E-12 -N 0 -V -1 -W 1 -K \"weka.classifiers.functions.supportVector.PolyKernel -E 1.0 -C 250007\" -calibrator \"weka.classifiers.functions.Logistic -R 1.0E-8 -M -1 -num-decimal-places 4\"',-6585883636378691736,2.01709180148E7,161.0,17.0,17.0,0.0,0.0,100.0,0.0,0.0,1.0,0.2222222222222223,0.27216552697590873,50.81100783670495,58.342955989576176,26.425071989008735,9.944362512259655,16.48070947674908,1.554415999353455,0.5849625007211562,0.9694534986322988,16.48070947674908,0.9694534986322988,1050.512903798889,1.0,6.0,0.0,0.0,1.0,11.0,0.0,0.0,1.0,1.0,1.0,1.0,1.0,1.0,1.0,0.0,1.0,0.0,1.0,1.0,1.0,1.0,1.0,1.0,1.0,1.0,0.011,0.0,0.02,0.0,20.0,0.0,8200.0,24450.0,4146.0,100.0,66.66666666666664,?
wine,2,1,weka.classifiers.functions.SMO,'-C 1.0 -L 0.001 -P 1.0E-12 -N 0 -V -1 -W 1 -K \"weka.classifiers.functions.supportVector.PolyKernel -E 1.0 -C 250007\" -calibrator \"weka.classifiers.functions.Logistic -R 1.0E-8 -M -1 -num-decimal-places 4\"',-6585883636378691736,2.01709180148E7,160.0,18.0,16.0,2.0,0.0,88.88888888888889,11.11111111111111,0.0,0.8348623853211008,0.24691358024691365,0.3142696805273545,56.15848406546083,66.96918896355243,28.294048978792915,12.529325012980811,15.764723965812104,1.5718916099329396,0.6960736118322672,0.8758179981006724,15.983816666059745,0.887989814781097,1020.0710599087874,1.0,6.0,0.0,0.0,1.0,12.0,0.0,0.0,1.0,1.0,1.0,1.0,1.0,1.0,0.8888888888888888,0.042735042735042736,0.9572649572649572,0.1111111111111111,0.9206349206349207,0.8888888888888888,0.8888888888888888,0.8516192280094943,0.9230769230769231,0.8527336860670194,0.8888888888888888,0.8888888888888888,0.01,0.0,0.01,0.0,10.0,0.0,8200.0,24309.0,4287.0,100.0,66.66666666666664,?
wine,2,2,weka.classifiers.functions.SMO,'-C 1.0 -L 0.001 -P 1.0E-12 -N 0 -V -1 -W 1 -K \"weka.classifiers.functions.supportVector.PolyKernel -E 1.0 -C 250007\" -calibrator \"weka.classifiers.functions.Logistic -R 1.0E-8 -M -1 -num-decimal-places 4\"',-6585883636378691736,2.01709180148E7,160.0,18.0,18.0,0.0,0.0,100.0,0.0,0.0,1.0,0.22222222222222227,0.27216552697590873,50.54263565891474,57.99701891327687,28.294048978792915,10.529325012980811,17.764723965812102,1.5718916099329396,0.5849625007211562,0.9869291092117835,17.76472396581211,0.9869291092117839,1133.7267677295106,1.0,6.0,0.0,0.0,1.0,12.0,0.0,0.0,1.0,1.0,1.0,1.0,1.0,1.0,1.0,0.0,1.0,0.0,1.0,1.0,1.0,1.0,1.0,1.0,1.0,1.0,0.011,0.0,0.01,0.0,10.0,0.0,8200.0,24309.0,4287.0,100.0,66.66666666666664,?
wine,2,3,weka.classifiers.functions.SMO,'-C 1.0 -L 0.001 -P 1.0E-12 -N 0 -V -1 -W 1 -K \"weka.classifiers.functions.supportVector.PolyKernel -E 1.0 -C 250007\" -calibrator \"weka.classifiers.functions.Logistic -R 1.0E-8 -M -1 -num-decimal-places 4\"',-6585883636378691736,2.01709180148E7,160.0,18.0,18.0,0.0,0.0,100.0,0.0,0.0,1.0,0.22222222222222227,0.27216552697590873,50.54263565891474,57.99701891327687,28.294048978792915,10.529325012980811,17.764723965812102,1.5718916099329396,0.5849625007211562,0.9869291092117835,17.76472396581211,0.9869291092117839,1133.7267677295106,1.0,6.0,0.0,0.0,1.0,12.0,0.0,0.0,1.0,1.0,1.0,1.0,1.0,1.0,1.0,0.0,1.0,0.0,1.0,1.0,1.0,1.0,1.0,1.0,1.0,1.0,0.011,0.0,0.01,0.0,10.0,0.0,8200.0,24309.0,4287.0,100.0,66.66666666666664,?
wine,2,4,weka.classifiers.functions.SMO,'-C 1.0 -L 0.001 -P 1.0E-12 -N 0 -V -1 -W 1 -K \"weka.classifiers.functions.supportVector.PolyKernel -E 1.0 -C 250007\" -calibrator \"weka.classifiers.functions.Logistic -R 1.0E-8 -M -1 -num-decimal-places 4\"',-6585883636378691736,2.01709180148E7,160.0,18.0,18.0,0.0,0.0,100.0,0.0,0.0,1.0,0.22222222222222227,0.27216552697590873,50.54263565891474,57.99701891327687,28.294048978792915,10.529325012980811,17.764723965812102,1.5718916099329396,0.5849625007211562,0.9869291092117835,17.76472396581211,0.9869291092117839,1133.7267677295106,1.0,6.0,0.0,0.0,1.0,12.0,0.0,0.0,1.0,1.0,1.0,1.0,1.0,1.0,1.0,0.0,1.0,0.0,1.0,1.0,1.0,1.0,1.0,1.0,1.0,1.0,0.011,0.0,0.01,0.0,10.0,0.0,8200.0,24309.0,4287.0,100.0,66.66666666666664,?
wine,2,5,weka.classifiers.functions.SMO,'-C 1.0 -L 0.001 -P 1.0E-12 -N 0 -V -1 -W 1 -K \"weka.classifiers.functions.supportVector.PolyKernel -E 1.0 -C 250007\" -calibrator \"weka.classifiers.functions.Logistic -R 1.0E-8 -M -1 -num-decimal-places 4\"',-6585883636378691736,2.01709180148E7,160.0,18.0,18.0,0.0,0.0,100.0,0.0,0.0,1.0,0.22222222222222227,0.27216552697590873,50.54263565891474,57.99701891327687,28.294048978792915,10.529325012980811,17.764723965812102,1.5718916099329396,0.5849625007211562,0.9869291092117835,17.76472396581211,0.9869291092117839,1133.7267677295106,1.0,6.0,0.0,0.0,1.0,12.0,0.0,0.0,1.0,1.0,1.0,1.0,1.0,1.0,1.0,0.0,1.0,0.0,1.0,1.0,1.0,1.0,1.0,1.0,1.0,1.0,0.01,0.0,0.01,0.0,10.0,0.0,8200.0,24309.0,4287.0,100.0,66.66666666666664,?
wine,2,6,weka.classifiers.functions.SMO,'-C 1.0 -L 0.001 -P 1.0E-12 -N 0 -V -1 -W 1 -K \"weka.classifiers.functions.supportVector.PolyKernel -E 1.0 -C 250007\" -calibrator \"weka.classifiers.functions.Logistic -R 1.0E-8 -M -1 -num-decimal-places 4\"',-6585883636378691736,2.01709180148E7,160.0,18.0,18.0,0.0,0.0,100.0,0.0,0.0,1.0,0.22222222222222227,0.27216552697590873,50.54263565891474,57.99701891327687,28.294048978792915,10.529325012980811,17.764723965812102,1.5718916099329396,0.5849625007211562,0.9869291092117835,17.76472396581211,0.9869291092117839,1133.7267677295106,1.0,6.0,0.0,0.0,1.0,12.0,0.0,0.0,1.0,1.0,1.0,1.0,1.0,1.0,1.0,0.0,1.0,0.0,1.0,1.0,1.0,1.0,1.0,1.0,1.0,1.0,0.012,0.0,0.01,0.0,10.0,0.0,8200.0,24309.0,4287.0,100.0,66.66666666666664,?
wine,2,7,weka.classifiers.functions.SMO,'-C 1.0 -L 0.001 -P 1.0E-12 -N 0 -V -1 -W 1 -K \"weka.classifiers.functions.supportVector.PolyKernel -E 1.0 -C 250007\" -calibrator \"weka.classifiers.functions.Logistic -R 1.0E-8 -M -1 -num-decimal-places 4\"',-6585883636378691736,2.01709180148E7,160.0,18.0,18.0,0.0,0.0,100.0,0.0,0.0,1.0,0.22222222222222227,0.27216552697590873,50.54263565891474,57.99701891327687,28.294048978792915,10.529325012980811,17.764723965812102,1.5718916099329396,0.5849625007211562,0.9869291092117835,17.76472396581211,0.9869291092117839,1133.7267677295106,1.0,6.0,0.0,0.0,1.0,12.0,0.0,0.0,1.0,1.0,1.0,1.0,1.0,1.0,1.0,0.0,1.0,0.0,1.0,1.0,1.0,1.0,1.0,1.0,1.0,1.0,0.008,0.0,0.01,0.0,10.0,0.0,8200.0,24309.0,4287.0,100.0,66.66666666666664,?
wine,2,8,weka.classifiers.functions.SMO,'-C 1.0 -L 0.001 -P 1.0E-12 -N 0 -V -1 -W 1 -K \"weka.classifiers.functions.supportVector.PolyKernel -E 1.0 -C 250007\" -calibrator \"weka.classifiers.functions.Logistic -R 1.0E-8 -M -1 -num-decimal-places 4\"',-6585883636378691736,2.01709180148E7,160.0,18.0,18.0,0.0,0.0,100.0,0.0,0.0,1.0,0.22222222222222227,0.27216552697590873,50.99061522419186,58.58043694201614,27.7803693778599,10.529325012980811,17.251044364879085,1.5433538543255498,0.5849625007211562,0.9583913536043936,17.251044364879075,0.9583913536043931,1098.64076852454,1.0,6.0,0.0,0.0,1.0,12.0,0.0,0.0,1.0,1.0,1.0,1.0,1.0,1.0,1.0,0.0,1.0,0.0,1.0,1.0,1.0,1.0,1.0,1.0,1.0,1.0,0.008,0.0,0.0,0.0,0.0,0.0,8200.0,24309.0,4287.0,100.0,66.66666666666664,?
wine,2,9,weka.classifiers.functions.SMO,'-C 1.0 -L 0.001 -P 1.0E-12 -N 0 -V -1 -W 1 -K \"weka.classifiers.functions.supportVector.PolyKernel -E 1.0 -C 250007\" -calibrator \"weka.classifiers.functions.Logistic -R 1.0E-8 -M -1 -num-decimal-places 4\"',-6585883636378691736,2.01709180148E7,161.0,17.0,17.0,0.0,0.0,100.0,0.0,0.0,1.0,0.2222222222222223,0.27216552697590873,50.81100783670497,58.34295598957619,26.425071989008732,9.944362512259655,16.480709476749077,1.5544159993534548,0.5849625007211562,0.9694534986322987,16.480709476749073,0.9694534986322985,1050.5129037988886,1.0,6.0,0.0,0.0,1.0,11.0,0.0,0.0,1.0,1.0,1.0,1.0,1.0,1.0,1.0,0.0,1.0,0.0,1.0,1.0,1.0,1.0,1.0,1.0,1.0,1.0,0.008,0.0,0.01,0.0,10.0,0.0,8200.0,24450.0,4146.0,100.0,66.66666666666664,?
wine,2,10,weka.classifiers.functions.SMO,'-C 1.0 -L 0.001 -P 1.0E-12 -N 0 -V -1 -W 1 -K \"weka.classifiers.functions.supportVector.PolyKernel -E 1.0 -C 250007\" -calibrator \"weka.classifiers.functions.Logistic -R 1.0E-8 -M -1 -num-decimal-places 4\"',-6585883636378691736,2.01709180148E7,161.0,17.0,17.0,0.0,0.0,100.0,0.0,0.0,1.0,0.2222222222222223,0.27216552697590873,50.56220529561119,58.02387798667342,26.717852726498453,9.944362512259655,16.773490214238798,1.5716383956763795,0.5849625007211562,0.9866758949552235,16.773490214238798,0.9866758949552235,1070.3920502197584,1.0,5.0,0.0,0.0,1.0,12.0,0.0,0.0,1.0,1.0,1.0,1.0,1.0,1.0,1.0,0.0,1.0,0.0,1.0,1.0,1.0,1.0,1.0,1.0,1.0,1.0,0.011,0.0,0.01,0.0,10.0,0.0,8200.0,24450.0,4146.0,100.0,66.66666666666664,?
wine,3,1,weka.classifiers.functions.SMO,'-C 1.0 -L 0.001 -P 1.0E-12 -N 0 -V -1 -W 1 -K \"weka.classifiers.functions.supportVector.PolyKernel -E 1.0 -C 250007\" -calibrator \"weka.classifiers.functions.Logistic -R 1.0E-8 -M -1 -num-decimal-places 4\"',-6585883636378691736,2.01709180148E7,160.0,18.0,18.0,0.0,0.0,100.0,0.0,0.0,1.0,0.22222222222222227,0.27216552697590873,50.542635658914726,57.99701891327687,28.29404897879291,10.529325012980811,17.764723965812102,1.5718916099329396,0.5849625007211562,0.9869291092117835,17.764723965812106,0.9869291092117837,1133.7267677295104,1.0,6.0,0.0,0.0,1.0,12.0,0.0,0.0,1.0,1.0,1.0,1.0,1.0,1.0,1.0,0.0,1.0,0.0,1.0,1.0,1.0,1.0,1.0,1.0,1.0,1.0,0.008,0.0,0.01,0.0,10.0,0.0,8200.0,24309.0,4287.0,100.0,66.66666666666664,?
wine,3,2,weka.classifiers.functions.SMO,'-C 1.0 -L 0.001 -P 1.0E-12 -N 0 -V -1 -W 1 -K \"weka.classifiers.functions.supportVector.PolyKernel -E 1.0 -C 250007\" -calibrator \"weka.classifiers.functions.Logistic -R 1.0E-8 -M -1 -num-decimal-places 4\"',-6585883636378691736,2.01709180148E7,160.0,18.0,18.0,0.0,0.0,100.0,0.0,0.0,1.0,0.22222222222222227,0.27216552697590873,50.542635658914726,57.99701891327687,28.29404897879291,10.529325012980811,17.764723965812102,1.5718916099329396,0.5849625007211562,0.9869291092117835,17.764723965812106,0.9869291092117837,1133.7267677295104,1.0,6.0,0.0,0.0,1.0,12.0,0.0,0.0,1.0,1.0,1.0,1.0,1.0,1.0,1.0,0.0,1.0,0.0,1.0,1.0,1.0,1.0,1.0,1.0,1.0,1.0,0.007,0.0,0.01,0.0,10.0,0.0,8200.0,24309.0,4287.0,100.0,66.66666666666664,?
wine,3,3,weka.classifiers.functions.SMO,'-C 1.0 -L 0.001 -P 1.0E-12 -N 0 -V -1 -W 1 -K \"weka.classifiers.functions.supportVector.PolyKernel -E 1.0 -C 250007\" -calibrator \"weka.classifiers.functions.Logistic -R 1.0E-8 -M -1 -num-decimal-places 4\"',-6585883636378691736,2.01709180148E7,160.0,18.0,18.0,0.0,0.0,100.0,0.0,0.0,1.0,0.22222222222222227,0.27216552697590873,50.542635658914726,57.99701891327687,28.29404897879291,10.529325012980811,17.764723965812102,1.5718916099329396,0.5849625007211562,0.9869291092117835,17.764723965812106,0.9869291092117837,1133.7267677295104,1.0,6.0,0.0,0.0,1.0,12.0,0.0,0.0,1.0,1.0,1.0,1.0,1.0,1.0,1.0,0.0,1.0,0.0,1.0,1.0,1.0,1.0,1.0,1.0,1.0,1.0,0.007,0.0,0.0,0.0,0.0,0.0,8200.0,24309.0,4287.0,100.0,66.66666666666664,?
wine,3,4,weka.classifiers.functions.SMO,'-C 1.0 -L 0.001 -P 1.0E-12 -N 0 -V -1 -W 1 -K \"weka.classifiers.functions.supportVector.PolyKernel -E 1.0 -C 250007\" -calibrator \"weka.classifiers.functions.Logistic -R 1.0E-8 -M -1 -num-decimal-places 4\"',-6585883636378691736,2.01709180148E7,160.0,18.0,18.0,0.0,0.0,100.0,0.0,0.0,1.0,0.22222222222222227,0.27216552697590873,50.542635658914726,57.99701891327687,28.29404897879291,10.529325012980811,17.764723965812102,1.5718916099329396,0.5849625007211562,0.9869291092117835,17.764723965812106,0.9869291092117837,1133.7267677295104,1.0,6.0,0.0,0.0,1.0,12.0,0.0,0.0,1.0,1.0,1.0,1.0,1.0,1.0,1.0,0.0,1.0,0.0,1.0,1.0,1.0,1.0,1.0,1.0,1.0,1.0,0.007,0.0,0.01,0.0,10.0,0.0,8200.0,24309.0,4287.0,100.0,66.66666666666664,?
wine,3,5,weka.classifiers.functions.SMO,'-C 1.0 -L 0.001 -P 1.0E-12 -N 0 -V -1 -W 1 -K \"weka.classifiers.functions.supportVector.PolyKernel -E 1.0 -C 250007\" -calibrator \"weka.classifiers.functions.Logistic -R 1.0E-8 -M -1 -num-decimal-places 4\"',-6585883636378691736,2.01709180148E7,160.0,18.0,18.0,0.0,0.0,100.0,0.0,0.0,1.0,0.22222222222222227,0.27216552697590873,50.542635658914726,57.99701891327687,28.29404897879291,10.529325012980811,17.764723965812102,1.5718916099329396,0.5849625007211562,0.9869291092117835,17.764723965812106,0.9869291092117837,1133.7267677295104,1.0,6.0,0.0,0.0,1.0,12.0,0.0,0.0,1.0,1.0,1.0,1.0,1.0,1.0,1.0,0.0,1.0,0.0,1.0,1.0,1.0,1.0,1.0,1.0,1.0,1.0,0.009,0.0,0.01,0.0,10.0,0.0,8200.0,24309.0,4287.0,100.0,66.66666666666664,?
wine,3,6,weka.classifiers.functions.SMO,'-C 1.0 -L 0.001 -P 1.0E-12 -N 0 -V -1 -W 1 -K \"weka.classifiers.functions.supportVector.PolyKernel -E 1.0 -C 250007\" -calibrator \"weka.classifiers.functions.Logistic -R 1.0E-8 -M -1 -num-decimal-places 4\"',-6585883636378691736,2.01709180148E7,160.0,18.0,17.0,1.0,0.0,94.44444444444444,5.555555555555555,0.0,0.9166666666666666,0.23456790123456794,0.29397236789606573,53.35055986218777,62.64394014293397,28.29404897879291,11.529325012980811,16.764723965812102,1.5718916099329396,0.6405180562767118,0.9313735536562279,16.874270315935927,0.9374594619964404,1076.898913819149,1.0,6.0,0.0,0.0,1.0,12.0,0.0,0.0,1.0,1.0,1.0,1.0,1.0,1.0,0.9444444444444444,0.021367521367521368,0.9786324786324787,0.05555555555555555,0.9537037037037037,0.9444444444444444,0.9448329448329448,0.9216737177516987,0.9615384615384615,0.9197530864197532,0.944055944055944,0.9444444444444444,0.011,0.0,0.01,0.0,10.0,0.0,8200.0,24309.0,4287.0,100.0,66.66666666666664,?
wine,3,7,weka.classifiers.functions.SMO,'-C 1.0 -L 0.001 -P 1.0E-12 -N 0 -V -1 -W 1 -K \"weka.classifiers.functions.supportVector.PolyKernel -E 1.0 -C 250007\" -calibrator \"weka.classifiers.functions.Logistic -R 1.0E-8 -M -1 -num-decimal-places 4\"',-6585883636378691736,2.01709180148E7,160.0,18.0,18.0,0.0,0.0,100.0,0.0,0.0,1.0,0.22222222222222227,0.27216552697590873,50.542635658914726,57.99701891327687,28.29404897879291,10.529325012980811,17.764723965812102,1.5718916099329396,0.5849625007211562,0.9869291092117835,17.764723965812106,0.9869291092117837,1133.7267677295104,1.0,6.0,0.0,0.0,1.0,12.0,0.0,0.0,1.0,1.0,1.0,1.0,1.0,1.0,1.0,0.0,1.0,0.0,1.0,1.0,1.0,1.0,1.0,1.0,1.0,1.0,0.011,0.0,0.0,0.0,0.0,0.0,8200.0,24309.0,4287.0,100.0,66.66666666666664,?
wine,3,8,weka.classifiers.functions.SMO,'-C 1.0 -L 0.001 -P 1.0E-12 -N 0 -V -1 -W 1 -K \"weka.classifiers.functions.supportVector.PolyKernel -E 1.0 -C 250007\" -calibrator \"weka.classifiers.functions.Logistic -R 1.0E-8 -M -1 -num-decimal-places 4\"',-6585883636378691736,2.01709180148E7,160.0,18.0,18.0,0.0,0.0,100.0,0.0,0.0,1.0,0.22222222222222227,0.27216552697590873,50.542635658914726,57.99701891327687,28.29404897879291,10.529325012980811,17.764723965812102,1.5718916099329396,0.5849625007211562,0.9869291092117835,17.764723965812106,0.9869291092117837,1133.7267677295104,1.0,6.0,0.0,0.0,1.0,12.0,0.0,0.0,1.0,1.0,1.0,1.0,1.0,1.0,1.0,0.0,1.0,0.0,1.0,1.0,1.0,1.0,1.0,1.0,1.0,1.0,0.009,0.0,0.01,0.0,10.0,0.0,8200.0,24309.0,4287.0,100.0,66.66666666666664,?
wine,3,9,weka.classifiers.functions.SMO,'-C 1.0 -L 0.001 -P 1.0E-12 -N 0 -V -1 -W 1 -K \"weka.classifiers.functions.supportVector.PolyKernel -E 1.0 -C 250007\" -calibrator \"weka.classifiers.functions.Logistic -R 1.0E-8 -M -1 -num-decimal-places 4\"',-6585883636378691736,2.01709180148E7,161.0,17.0,17.0,0.0,0.0,100.0,0.0,0.0,1.0,0.2222222222222223,0.27216552697590873,50.81100783670497,58.34295598957618,26.42507198900873,9.944362512259655,16.480709476749073,1.5544159993534545,0.5849625007211562,0.9694534986322985,16.480709476749073,0.9694534986322985,1050.5129037988886,1.0,6.0,0.0,0.0,1.0,11.0,0.0,0.0,1.0,1.0,1.0,1.0,1.0,1.0,1.0,0.0,1.0,0.0,1.0,1.0,1.0,1.0,1.0,1.0,1.0,1.0,0.008,0.0,0.0,0.0,0.0,0.0,8200.0,24450.0,4146.0,100.0,66.66666666666664,?
wine,3,10,weka.classifiers.functions.SMO,'-C 1.0 -L 0.001 -P 1.0E-12 -N 0 -V -1 -W 1 -K \"weka.classifiers.functions.supportVector.PolyKernel -E 1.0 -C 250007\" -calibrator \"weka.classifiers.functions.Logistic -R 1.0E-8 -M -1 -num-decimal-places 4\"',-6585883636378691736,2.01709180148E7,161.0,17.0,17.0,0.0,0.0,100.0,0.0,0.0,1.0,0.2222222222222223,0.27216552697590873,51.03423027640494,58.634791726422556,26.204173125565426,9.944362512259655,16.25981061330577,1.5414219485626721,0.5849625007211562,0.9564594478415159,16.259810613305767,0.9564594478415157,1035.4542239232564,1.0,5.0,0.0,0.0,1.0,12.0,0.0,0.0,1.0,1.0,1.0,1.0,1.0,1.0,1.0,0.0,1.0,0.0,1.0,1.0,1.0,1.0,1.0,1.0,1.0,1.0,0.008,0.0,0.01,0.0,10.0,0.0,8200.0,24450.0,4146.0,100.0,66.66666666666664,?
wine,4,1,weka.classifiers.functions.SMO,'-C 1.0 -L 0.001 -P 1.0E-12 -N 0 -V -1 -W 1 -K \"weka.classifiers.functions.supportVector.PolyKernel -E 1.0 -C 250007\" -calibrator \"weka.classifiers.functions.Logistic -R 1.0E-8 -M -1 -num-decimal-places 4\"',-6585883636378691736,2.01709180148E7,160.0,18.0,18.0,0.0,0.0,100.0,0.0,0.0,1.0,0.22222222222222227,0.27216552697590873,50.54263565891474,57.99701891327687,28.294048978792915,10.529325012980811,17.764723965812102,1.5718916099329396,0.5849625007211562,0.9869291092117835,17.76472396581211,0.9869291092117839,1133.7267677295106,1.0,6.0,0.0,0.0,1.0,12.0,0.0,0.0,1.0,1.0,1.0,1.0,1.0,1.0,1.0,0.0,1.0,0.0,1.0,1.0,1.0,1.0,1.0,1.0,1.0,1.0,0.01,0.0,0.01,0.0,10.0,0.0,8200.0,24309.0,4287.0,100.0,66.66666666666664,?
wine,4,2,weka.classifiers.functions.SMO,'-C 1.0 -L 0.001 -P 1.0E-12 -N 0 -V -1 -W 1 -K \"weka.classifiers.functions.supportVector.PolyKernel -E 1.0 -C 250007\" -calibrator \"weka.classifiers.functions.Logistic -R 1.0E-8 -M -1 -num-decimal-places 4\"',-6585883636378691736,2.01709180148E7,160.0,18.0,18.0,0.0,0.0,100.0,0.0,0.0,1.0,0.22222222222222227,0.27216552697590873,50.54263565891474,57.99701891327687,28.294048978792915,10.529325012980811,17.764723965812102,1.5718916099329396,0.5849625007211562,0.9869291092117835,17.76472396581211,0.9869291092117839,1133.7267677295106,1.0,6.0,0.0,0.0,1.0,12.0,0.0,0.0,1.0,1.0,1.0,1.0,1.0,1.0,1.0,0.0,1.0,0.0,1.0,1.0,1.0,1.0,1.0,1.0,1.0,1.0,0.012,0.0,0.02,0.0,20.0,0.0,8200.0,24309.0,4287.0,100.0,66.66666666666664,?
wine,4,3,weka.classifiers.functions.SMO,'-C 1.0 -L 0.001 -P 1.0E-12 -N 0 -V -1 -W 1 -K \"weka.classifiers.functions.supportVector.PolyKernel -E 1.0 -C 250007\" -calibrator \"weka.classifiers.functions.Logistic -R 1.0E-8 -M -1 -num-decimal-places 4\"',-6585883636378691736,2.01709180148E7,160.0,18.0,18.0,0.0,0.0,100.0,0.0,0.0,1.0,0.22222222222222227,0.27216552697590873,50.54263565891474,57.99701891327687,28.294048978792915,10.529325012980811,17.764723965812102,1.5718916099329396,0.5849625007211562,0.9869291092117835,17.76472396581211,0.9869291092117839,1133.7267677295106,1.0,6.0,0.0,0.0,1.0,12.0,0.0,0.0,1.0,1.0,1.0,1.0,1.0,1.0,1.0,0.0,1.0,0.0,1.0,1.0,1.0,1.0,1.0,1.0,1.0,1.0,0.011,0.0,0.0,0.0,0.0,0.0,8200.0,24309.0,4287.0,100.0,66.66666666666664,?
wine,4,4,weka.classifiers.functions.SMO,'-C 1.0 -L 0.001 -P 1.0E-12 -N 0 -V -1 -W 1 -K \"weka.classifiers.functions.supportVector.PolyKernel -E 1.0 -C 250007\" -calibrator \"weka.classifiers.functions.Logistic -R 1.0E-8 -M -1 -num-decimal-places 4\"',-6585883636378691736,2.01709180148E7,160.0,18.0,18.0,0.0,0.0,100.0,0.0,0.0,1.0,0.22222222222222227,0.27216552697590873,50.54263565891474,57.99701891327687,28.294048978792915,10.529325012980811,17.764723965812102,1.5718916099329396,0.5849625007211562,0.9869291092117835,17.76472396581211,0.9869291092117839,1133.7267677295106,1.0,6.0,0.0,0.0,1.0,12.0,0.0,0.0,1.0,1.0,1.0,1.0,1.0,1.0,1.0,0.0,1.0,0.0,1.0,1.0,1.0,1.0,1.0,1.0,1.0,1.0,0.008,0.0,0.01,0.0,10.0,0.0,8200.0,24309.0,4287.0,100.0,66.66666666666664,?
wine,4,5,weka.classifiers.functions.SMO,'-C 1.0 -L 0.001 -P 1.0E-12 -N 0 -V -1 -W 1 -K \"weka.classifiers.functions.supportVector.PolyKernel -E 1.0 -C 250007\" -calibrator \"weka.classifiers.functions.Logistic -R 1.0E-8 -M -1 -num-decimal-places 4\"',-6585883636378691736,2.01709180148E7,160.0,18.0,18.0,0.0,0.0,100.0,0.0,0.0,1.0,0.22222222222222227,0.27216552697590873,50.54263565891474,57.99701891327687,28.294048978792915,10.529325012980811,17.764723965812102,1.5718916099329396,0.5849625007211562,0.9869291092117835,17.76472396581211,0.9869291092117839,1133.7267677295106,1.0,6.0,0.0,0.0,1.0,12.0,0.0,0.0,1.0,1.0,1.0,1.0,1.0,1.0,1.0,0.0,1.0,0.0,1.0,1.0,1.0,1.0,1.0,1.0,1.0,1.0,0.008,0.0,0.01,0.0,10.0,0.0,8200.0,24309.0,4287.0,100.0,66.66666666666664,?
wine,4,6,weka.classifiers.functions.SMO,'-C 1.0 -L 0.001 -P 1.0E-12 -N 0 -V -1 -W 1 -K \"weka.classifiers.functions.supportVector.PolyKernel -E 1.0 -C 250007\" -calibrator \"weka.classifiers.functions.Logistic -R 1.0E-8 -M -1 -num-decimal-places 4\"',-6585883636378691736,2.01709180148E7,160.0,18.0,18.0,0.0,0.0,100.0,0.0,0.0,1.0,0.22222222222222227,0.27216552697590873,50.54263565891474,57.99701891327687,28.294048978792915,10.529325012980811,17.764723965812102,1.5718916099329396,0.5849625007211562,0.9869291092117835,17.76472396581211,0.9869291092117839,1133.7267677295106,1.0,6.0,0.0,0.0,1.0,12.0,0.0,0.0,1.0,1.0,1.0,1.0,1.0,1.0,1.0,0.0,1.0,0.0,1.0,1.0,1.0,1.0,1.0,1.0,1.0,1.0,0.009,0.0,0.01,0.0,10.0,0.0,8200.0,24309.0,4287.0,100.0,66.66666666666664,?
wine,4,7,weka.classifiers.functions.SMO,'-C 1.0 -L 0.001 -P 1.0E-12 -N 0 -V -1 -W 1 -K \"weka.classifiers.functions.supportVector.PolyKernel -E 1.0 -C 250007\" -calibrator \"weka.classifiers.functions.Logistic -R 1.0E-8 -M -1 -num-decimal-places 4\"',-6585883636378691736,2.01709180148E7,160.0,18.0,17.0,1.0,0.0,94.44444444444444,5.555555555555555,0.0,0.9166666666666666,0.23456790123456794,0.2939723678960657,53.35055986218779,62.64394014293396,28.294048978792915,11.529325012980811,16.764723965812102,1.5718916099329396,0.6405180562767118,0.9313735536562279,16.874270315935927,0.9374594619964404,1076.898913819149,1.0,6.0,0.0,0.0,1.0,12.0,0.0,0.0,1.0,1.0,1.0,1.0,1.0,1.0,0.9444444444444444,0.021367521367521368,0.9786324786324787,0.05555555555555555,0.9537037037037037,0.9444444444444444,0.9448329448329448,0.9216737177516987,0.969114219114219,0.924074074074074,0.944055944055944,0.9444444444444444,0.011,0.0,0.01,0.0,10.0,0.0,8200.0,24309.0,4287.0,100.0,66.66666666666664,?
wine,4,8,weka.classifiers.functions.SMO,'-C 1.0 -L 0.001 -P 1.0E-12 -N 0 -V -1 -W 1 -K \"weka.classifiers.functions.supportVector.PolyKernel -E 1.0 -C 250007\" -calibrator \"weka.classifiers.functions.Logistic -R 1.0E-8 -M -1 -num-decimal-places 4\"',-6585883636378691736,2.01709180148E7,160.0,18.0,18.0,0.0,0.0,100.0,0.0,0.0,1.0,0.22222222222222227,0.27216552697590873,50.99061522419186,58.58043694201614,27.7803693778599,10.529325012980811,17.251044364879085,1.5433538543255498,0.5849625007211562,0.9583913536043936,17.251044364879075,0.9583913536043931,1098.64076852454,1.0,6.0,0.0,0.0,1.0,12.0,0.0,0.0,1.0,1.0,1.0,1.0,1.0,1.0,1.0,0.0,1.0,0.0,1.0,1.0,1.0,1.0,1.0,1.0,1.0,1.0,0.011,0.0,0.01,0.0,10.0,0.0,8200.0,24309.0,4287.0,100.0,66.66666666666664,?
wine,4,9,weka.classifiers.functions.SMO,'-C 1.0 -L 0.001 -P 1.0E-12 -N 0 -V -1 -W 1 -K \"weka.classifiers.functions.supportVector.PolyKernel -E 1.0 -C 250007\" -calibrator \"weka.classifiers.functions.Logistic -R 1.0E-8 -M -1 -num-decimal-places 4\"',-6585883636378691736,2.01709180148E7,161.0,17.0,17.0,0.0,0.0,100.0,0.0,0.0,1.0,0.2222222222222223,0.27216552697590873,50.81100783670497,58.34295598957619,26.425071989008732,9.944362512259655,16.480709476749077,1.5544159993534548,0.5849625007211562,0.9694534986322987,16.480709476749073,0.9694534986322985,1050.5129037988886,1.0,6.0,0.0,0.0,1.0,11.0,0.0,0.0,1.0,1.0,1.0,1.0,1.0,1.0,1.0,0.0,1.0,0.0,1.0,1.0,1.0,1.0,1.0,1.0,1.0,1.0,0.009,0.0,0.01,0.0,10.0,0.0,8200.0,24450.0,4146.0,100.0,66.66666666666664,?
wine,4,10,weka.classifiers.functions.SMO,'-C 1.0 -L 0.001 -P 1.0E-12 -N 0 -V -1 -W 1 -K \"weka.classifiers.functions.supportVector.PolyKernel -E 1.0 -C 250007\" -calibrator \"weka.classifiers.functions.Logistic -R 1.0E-8 -M -1 -num-decimal-places 4\"',-6585883636378691736,2.01709180148E7,161.0,17.0,17.0,0.0,0.0,100.0,0.0,0.0,1.0,0.2222222222222223,0.27216552697590873,50.56220529561119,58.02387798667342,26.717852726498453,9.944362512259655,16.773490214238798,1.5716383956763795,0.5849625007211562,0.9866758949552235,16.773490214238798,0.9866758949552235,1070.3920502197584,1.0,5.0,0.0,0.0,1.0,12.0,0.0,0.0,1.0,1.0,1.0,1.0,1.0,1.0,1.0,0.0,1.0,0.0,1.0,1.0,1.0,1.0,1.0,1.0,1.0,1.0,0.008,0.0,0.01,0.0,10.0,0.0,8200.0,24450.0,4146.0,100.0,66.66666666666664,?
wine,5,1,weka.classifiers.functions.SMO,'-C 1.0 -L 0.001 -P 1.0E-12 -N 0 -V -1 -W 1 -K \"weka.classifiers.functions.supportVector.PolyKernel -E 1.0 -C 250007\" -calibrator \"weka.classifiers.functions.Logistic -R 1.0E-8 -M -1 -num-decimal-places 4\"',-6585883636378691736,2.01709180148E7,160.0,18.0,18.0,0.0,0.0,100.0,0.0,0.0,1.0,0.22222222222222227,0.27216552697590873,50.752464971458224,58.27135864825492,28.073150115349602,10.529325012980811,17.543825102368793,1.5596194508527557,0.5849625007211562,0.9746569501315996,17.5438251023688,0.9746569501316,1118.5647957499348,1.0,5.0,0.0,0.0,1.0,13.0,0.0,0.0,1.0,1.0,1.0,1.0,1.0,1.0,1.0,0.0,1.0,0.0,1.0,1.0,1.0,1.0,1.0,1.0,1.0,1.0,0.011,0.0,0.0,0.0,0.0,0.0,8200.0,24309.0,4287.0,100.0,66.66666666666664,?
wine,5,2,weka.classifiers.functions.SMO,'-C 1.0 -L 0.001 -P 1.0E-12 -N 0 -V -1 -W 1 -K \"weka.classifiers.functions.supportVector.PolyKernel -E 1.0 -C 250007\" -calibrator \"weka.classifiers.functions.Logistic -R 1.0E-8 -M -1 -num-decimal-places 4\"',-6585883636378691736,2.01709180148E7,160.0,18.0,18.0,0.0,0.0,100.0,0.0,0.0,1.0,0.22222222222222227,0.27216552697590873,50.542635658914726,57.99701891327687,28.29404897879291,10.529325012980811,17.764723965812102,1.5718916099329396,0.5849625007211562,0.9869291092117835,17.764723965812106,0.9869291092117837,1133.7267677295104,1.0,6.0,0.0,0.0,1.0,12.0,0.0,0.0,1.0,1.0,1.0,1.0,1.0,1.0,1.0,0.0,1.0,0.0,1.0,1.0,1.0,1.0,1.0,1.0,1.0,1.0,0.01,0.0,0.01,0.0,10.0,0.0,8200.0,24309.0,4287.0,100.0,66.66666666666664,?
wine,5,3,weka.classifiers.functions.SMO,'-C 1.0 -L 0.001 -P 1.0E-12 -N 0 -V -1 -W 1 -K \"weka.classifiers.functions.supportVector.PolyKernel -E 1.0 -C 250007\" -calibrator \"weka.classifiers.functions.Logistic -R 1.0E-8 -M -1 -num-decimal-places 4\"',-6585883636378691736,2.01709180148E7,160.0,18.0,17.0,1.0,0.0,94.44444444444444,5.555555555555555,0.0,0.9166666666666666,0.23456790123456794,0.29397236789606573,53.35055986218777,62.64394014293397,28.29404897879291,11.529325012980811,16.764723965812102,1.5718916099329396,0.6405180562767118,0.9313735536562279,16.874270315935927,0.9374594619964404,1076.898913819149,1.0,6.0,0.0,0.0,1.0,12.0,0.0,0.0,1.0,1.0,1.0,1.0,1.0,1.0,0.9444444444444444,0.021367521367521368,0.9786324786324787,0.05555555555555555,0.9537037037037037,0.9444444444444444,0.9448329448329448,0.9216737177516987,0.964063714063714,0.9210239651416122,0.944055944055944,0.9444444444444444,0.008,0.0,0.01,0.0,10.0,0.0,8200.0,24309.0,4287.0,100.0,66.66666666666664,?
wine,5,4,weka.classifiers.functions.SMO,'-C 1.0 -L 0.001 -P 1.0E-12 -N 0 -V -1 -W 1 -K \"weka.classifiers.functions.supportVector.PolyKernel -E 1.0 -C 250007\" -calibrator \"weka.classifiers.functions.Logistic -R 1.0E-8 -M -1 -num-decimal-places 4\"',-6585883636378691736,2.01709180148E7,160.0,18.0,18.0,0.0,0.0,100.0,0.0,0.0,1.0,0.22222222222222227,0.27216552697590873,50.542635658914726,57.99701891327687,28.29404897879291,10.529325012980811,17.764723965812102,1.5718916099329396,0.5849625007211562,0.9869291092117835,17.764723965812106,0.9869291092117837,1133.7267677295104,1.0,6.0,0.0,0.0,1.0,12.0,0.0,0.0,1.0,1.0,1.0,1.0,1.0,1.0,1.0,0.0,1.0,0.0,1.0,1.0,1.0,1.0,1.0,1.0,1.0,1.0,0.008,0.0,0.01,0.0,10.0,0.0,8200.0,24309.0,4287.0,100.0,66.66666666666664,?
wine,5,5,weka.classifiers.functions.SMO,'-C 1.0 -L 0.001 -P 1.0E-12 -N 0 -V -1 -W 1 -K \"weka.classifiers.functions.supportVector.PolyKernel -E 1.0 -C 250007\" -calibrator \"weka.classifiers.functions.Logistic -R 1.0E-8 -M -1 -num-decimal-places 4\"',-6585883636378691736,2.01709180148E7,160.0,18.0,17.0,1.0,0.0,94.44444444444444,5.555555555555555,0.0,0.9166666666666666,0.23456790123456794,0.29397236789606573,53.35055986218777,62.64394014293397,28.29404897879291,11.529325012980811,16.764723965812102,1.5718916099329396,0.6405180562767118,0.9313735536562279,16.874270315935927,0.9374594619964404,1076.898913819149,1.0,6.0,0.0,0.0,1.0,12.0,0.0,0.0,1.0,1.0,1.0,1.0,1.0,1.0,0.9444444444444444,0.021367521367521368,0.9786324786324787,0.05555555555555555,0.9537037037037037,0.9444444444444444,0.9448329448329448,0.9216737177516987,0.9665889665889664,0.9224537037037037,0.944055944055944,0.9444444444444444,0.008,0.0,0.01,0.0,10.0,0.0,8200.0,24309.0,4287.0,100.0,66.66666666666664,?
wine,5,6,weka.classifiers.functions.SMO,'-C 1.0 -L 0.001 -P 1.0E-12 -N 0 -V -1 -W 1 -K \"weka.classifiers.functions.supportVector.PolyKernel -E 1.0 -C 250007\" -calibrator \"weka.classifiers.functions.Logistic -R 1.0E-8 -M -1 -num-decimal-places 4\"',-6585883636378691736,2.01709180148E7,160.0,18.0,18.0,0.0,0.0,100.0,0.0,0.0,1.0,0.22222222222222227,0.27216552697590873,50.542635658914726,57.99701891327687,28.29404897879291,10.529325012980811,17.764723965812102,1.5718916099329396,0.5849625007211562,0.9869291092117835,17.764723965812106,0.9869291092117837,1133.7267677295104,1.0,6.0,0.0,0.0,1.0,12.0,0.0,0.0,1.0,1.0,1.0,1.0,1.0,1.0,1.0,0.0,1.0,0.0,1.0,1.0,1.0,1.0,1.0,1.0,1.0,1.0,0.008,0.0,0.01,0.0,10.0,0.0,8200.0,24309.0,4287.0,100.0,66.66666666666664,?
wine,5,7,weka.classifiers.functions.SMO,'-C 1.0 -L 0.001 -P 1.0E-12 -N 0 -V -1 -W 1 -K \"weka.classifiers.functions.supportVector.PolyKernel -E 1.0 -C 250007\" -calibrator \"weka.classifiers.functions.Logistic -R 1.0E-8 -M -1 -num-decimal-places 4\"',-6585883636378691736,2.01709180148E7,160.0,18.0,18.0,0.0,0.0,100.0,0.0,0.0,1.0,0.22222222222222227,0.27216552697590873,50.542635658914726,57.99701891327687,28.29404897879291,10.529325012980811,17.764723965812102,1.5718916099329396,0.5849625007211562,0.9869291092117835,17.764723965812106,0.9869291092117837,1133.7267677295104,1.0,6.0,0.0,0.0,1.0,12.0,0.0,0.0,1.0,1.0,1.0,1.0,1.0,1.0,1.0,0.0,1.0,0.0,1.0,1.0,1.0,1.0,1.0,1.0,1.0,1.0,0.013,0.0,0.01,0.0,10.0,0.0,8200.0,24309.0,4287.0,100.0,66.66666666666664,?
wine,5,8,weka.classifiers.functions.SMO,'-C 1.0 -L 0.001 -P 1.0E-12 -N 0 -V -1 -W 1 -K \"weka.classifiers.functions.supportVector.PolyKernel -E 1.0 -C 250007\" -calibrator \"weka.classifiers.functions.Logistic -R 1.0E-8 -M -1 -num-decimal-places 4\"',-6585883636378691736,2.01709180148E7,160.0,18.0,18.0,0.0,0.0,100.0,0.0,0.0,1.0,0.22222222222222227,0.27216552697590873,50.542635658914726,57.99701891327687,28.29404897879291,10.529325012980811,17.764723965812102,1.5718916099329396,0.5849625007211562,0.9869291092117835,17.764723965812106,0.9869291092117837,1133.7267677295104,1.0,6.0,0.0,0.0,1.0,12.0,0.0,0.0,1.0,1.0,1.0,1.0,1.0,1.0,1.0,0.0,1.0,0.0,1.0,1.0,1.0,1.0,1.0,1.0,1.0,1.0,0.011,0.0,0.01,0.0,10.0,0.0,8200.0,24309.0,4287.0,100.0,66.66666666666664,?
wine,5,9,weka.classifiers.functions.SMO,'-C 1.0 -L 0.001 -P 1.0E-12 -N 0 -V -1 -W 1 -K \"weka.classifiers.functions.supportVector.PolyKernel -E 1.0 -C 250007\" -calibrator \"weka.classifiers.functions.Logistic -R 1.0E-8 -M -1 -num-decimal-places 4\"',-6585883636378691736,2.01709180148E7,161.0,17.0,17.0,0.0,0.0,100.0,0.0,0.0,1.0,0.2222222222222223,0.27216552697590873,50.81100783670497,58.342955989576176,26.42507198900873,9.944362512259655,16.480709476749073,1.5544159993534545,0.5849625007211562,0.9694534986322985,16.480709476749073,0.9694534986322985,1050.5129037988886,1.0,6.0,0.0,0.0,1.0,11.0,0.0,0.0,1.0,1.0,1.0,1.0,1.0,1.0,1.0,0.0,1.0,0.0,1.0,1.0,1.0,1.0,1.0,1.0,1.0,1.0,0.009,0.0,0.01,0.0,10.0,0.0,8200.0,24450.0,4146.0,100.0,66.66666666666664,?
wine,5,10,weka.classifiers.functions.SMO,'-C 1.0 -L 0.001 -P 1.0E-12 -N 0 -V -1 -W 1 -K \"weka.classifiers.functions.supportVector.PolyKernel -E 1.0 -C 250007\" -calibrator \"weka.classifiers.functions.Logistic -R 1.0E-8 -M -1 -num-decimal-places 4\"',-6585883636378691736,2.01709180148E7,161.0,17.0,17.0,0.0,0.0,100.0,0.0,0.0,1.0,0.2222222222222223,0.27216552697590873,50.81100783670497,58.342955989576176,26.42507198900873,9.944362512259655,16.480709476749073,1.5544159993534545,0.5849625007211562,0.9694534986322985,16.480709476749073,0.9694534986322985,1050.5129037988886,1.0,6.0,0.0,0.0,1.0,11.0,0.0,0.0,1.0,1.0,1.0,1.0,1.0,1.0,1.0,0.0,1.0,0.0,1.0,1.0,1.0,1.0,1.0,1.0,1.0,1.0,0.008,0.0,0.01,0.0,10.0,0.0,8200.0,24450.0,4146.0,100.0,66.66666666666664,?
wine,6,1,weka.classifiers.functions.SMO,'-C 1.0 -L 0.001 -P 1.0E-12 -N 0 -V -1 -W 1 -K \"weka.classifiers.functions.supportVector.PolyKernel -E 1.0 -C 250007\" -calibrator \"weka.classifiers.functions.Logistic -R 1.0E-8 -M -1 -num-decimal-places 4\"',-6585883636378691736,2.01709180148E7,160.0,18.0,18.0,0.0,0.0,100.0,0.0,0.0,1.0,0.22222222222222227,0.27216552697590873,50.54263565891474,57.99701891327687,28.294048978792915,10.529325012980811,17.764723965812102,1.5718916099329396,0.5849625007211562,0.9869291092117835,17.76472396581211,0.9869291092117839,1133.7267677295106,1.0,6.0,0.0,0.0,1.0,12.0,0.0,0.0,1.0,1.0,1.0,1.0,1.0,1.0,1.0,0.0,1.0,0.0,1.0,1.0,1.0,1.0,1.0,1.0,1.0,1.0,0.01,0.0,0.01,0.0,10.0,0.0,8200.0,24309.0,4287.0,100.0,66.66666666666664,?
wine,6,2,weka.classifiers.functions.SMO,'-C 1.0 -L 0.001 -P 1.0E-12 -N 0 -V -1 -W 1 -K \"weka.classifiers.functions.supportVector.PolyKernel -E 1.0 -C 250007\" -calibrator \"weka.classifiers.functions.Logistic -R 1.0E-8 -M -1 -num-decimal-places 4\"',-6585883636378691736,2.01709180148E7,160.0,18.0,18.0,0.0,0.0,100.0,0.0,0.0,1.0,0.22222222222222227,0.27216552697590873,50.54263565891474,57.99701891327687,28.294048978792915,10.529325012980811,17.764723965812102,1.5718916099329396,0.5849625007211562,0.9869291092117835,17.76472396581211,0.9869291092117839,1133.7267677295106,1.0,6.0,0.0,0.0,1.0,12.0,0.0,0.0,1.0,1.0,1.0,1.0,1.0,1.0,1.0,0.0,1.0,0.0,1.0,1.0,1.0,1.0,1.0,1.0,1.0,1.0,0.011,0.0,0.01,0.0,10.0,0.0,8200.0,24309.0,4287.0,100.0,66.66666666666664,?
wine,6,3,weka.classifiers.functions.SMO,'-C 1.0 -L 0.001 -P 1.0E-12 -N 0 -V -1 -W 1 -K \"weka.classifiers.functions.supportVector.PolyKernel -E 1.0 -C 250007\" -calibrator \"weka.classifiers.functions.Logistic -R 1.0E-8 -M -1 -num-decimal-places 4\"',-6585883636378691736,2.01709180148E7,160.0,18.0,18.0,0.0,0.0,100.0,0.0,0.0,1.0,0.22222222222222227,0.27216552697590873,50.54263565891474,57.99701891327687,28.294048978792915,10.529325012980811,17.764723965812102,1.5718916099329396,0.5849625007211562,0.9869291092117835,17.76472396581211,0.9869291092117839,1133.7267677295106,1.0,6.0,0.0,0.0,1.0,12.0,0.0,0.0,1.0,1.0,1.0,1.0,1.0,1.0,1.0,0.0,1.0,0.0,1.0,1.0,1.0,1.0,1.0,1.0,1.0,1.0,0.008,0.0,0.01,0.0,10.0,0.0,8200.0,24309.0,4287.0,100.0,66.66666666666664,?
wine,6,4,weka.classifiers.functions.SMO,'-C 1.0 -L 0.001 -P 1.0E-12 -N 0 -V -1 -W 1 -K \"weka.classifiers.functions.supportVector.PolyKernel -E 1.0 -C 250007\" -calibrator \"weka.classifiers.functions.Logistic -R 1.0E-8 -M -1 -num-decimal-places 4\"',-6585883636378691736,2.01709180148E7,160.0,18.0,17.0,1.0,0.0,94.44444444444444,5.555555555555555,0.0,0.9166666666666666,0.23456790123456794,0.2939723678960657,53.35055986218779,62.64394014293396,28.294048978792915,11.529325012980811,16.764723965812102,1.5718916099329396,0.6405180562767118,0.9313735536562279,16.874270315935927,0.9374594619964404,1076.898913819149,1.0,6.0,0.0,0.0,1.0,12.0,0.0,0.0,1.0,1.0,1.0,1.0,1.0,1.0,0.9444444444444444,0.021367521367521368,0.9786324786324787,0.05555555555555555,0.9537037037037037,0.9444444444444444,0.9448329448329448,0.9216737177516987,0.9615384615384615,0.9197530864197532,0.944055944055944,0.9444444444444444,0.008,0.0,0.01,0.0,10.0,0.0,8200.0,24309.0,4287.0,100.0,66.66666666666664,?
wine,6,5,weka.classifiers.functions.SMO,'-C 1.0 -L 0.001 -P 1.0E-12 -N 0 -V -1 -W 1 -K \"weka.classifiers.functions.supportVector.PolyKernel -E 1.0 -C 250007\" -calibrator \"weka.classifiers.functions.Logistic -R 1.0E-8 -M -1 -num-decimal-places 4\"',-6585883636378691736,2.01709180148E7,160.0,18.0,17.0,1.0,0.0,94.44444444444444,5.555555555555555,0.0,0.9150943396226415,0.23456790123456794,0.29397236789606573,53.35055986218779,62.64394014293397,28.294048978792915,11.529325012980811,16.764723965812102,1.5718916099329396,0.6405180562767118,0.9313735536562279,16.76472396581211,0.9313735536562283,1069.9077762320153,1.0,6.0,0.0,0.0,1.0,12.0,0.0,0.0,1.0,1.0,1.0,1.0,1.0,1.0,0.9444444444444444,0.03535353535353535,0.9646464646464646,0.05555555555555555,0.9513888888888888,0.9444444444444444,0.9432098765432099,0.9195908962204216,0.9801864801864801,0.9421296296296295,0.9407407407407408,0.9444444444444444,0.009,0.0,0.01,0.0,10.0,0.0,8200.0,24309.0,4287.0,100.0,66.66666666666664,?
wine,6,6,weka.classifiers.functions.SMO,'-C 1.0 -L 0.001 -P 1.0E-12 -N 0 -V -1 -W 1 -K \"weka.classifiers.functions.supportVector.PolyKernel -E 1.0 -C 250007\" -calibrator \"weka.classifiers.functions.Logistic -R 1.0E-8 -M -1 -num-decimal-places 4\"',-6585883636378691736,2.01709180148E7,160.0,18.0,17.0,1.0,0.0,94.44444444444444,5.555555555555555,0.0,0.9166666666666666,0.23456790123456794,0.2939723678960657,53.35055986218779,62.64394014293396,28.294048978792915,11.529325012980811,16.764723965812102,1.5718916099329396,0.6405180562767118,0.9313735536562279,16.874270315935927,0.9374594619964404,1076.898913819149,1.0,6.0,0.0,0.0,1.0,12.0,0.0,0.0,1.0,1.0,1.0,1.0,1.0,1.0,0.9444444444444444,0.021367521367521368,0.9786324786324787,0.05555555555555555,0.9537037037037037,0.9444444444444444,0.9448329448329448,0.9216737177516987,0.9665889665889664,0.9224537037037037,0.944055944055944,0.9444444444444444,0.008,0.0,0.0,0.0,0.0,0.0,8200.0,24309.0,4287.0,100.0,66.66666666666664,?
wine,6,7,weka.classifiers.functions.SMO,'-C 1.0 -L 0.001 -P 1.0E-12 -N 0 -V -1 -W 1 -K \"weka.classifiers.functions.supportVector.PolyKernel -E 1.0 -C 250007\" -calibrator \"weka.classifiers.functions.Logistic -R 1.0E-8 -M -1 -num-decimal-places 4\"',-6585883636378691736,2.01709180148E7,160.0,18.0,18.0,0.0,0.0,100.0,0.0,0.0,1.0,0.22222222222222227,0.27216552697590873,50.54263565891474,57.99701891327687,28.294048978792915,10.529325012980811,17.764723965812102,1.5718916099329396,0.5849625007211562,0.9869291092117835,17.76472396581211,0.9869291092117839,1133.7267677295106,1.0,6.0,0.0,0.0,1.0,12.0,0.0,0.0,1.0,1.0,1.0,1.0,1.0,1.0,1.0,0.0,1.0,0.0,1.0,1.0,1.0,1.0,1.0,1.0,1.0,1.0,0.01,0.0,0.01,0.0,10.0,0.0,8200.0,24309.0,4287.0,100.0,66.66666666666664,?
wine,6,8,weka.classifiers.functions.SMO,'-C 1.0 -L 0.001 -P 1.0E-12 -N 0 -V -1 -W 1 -K \"weka.classifiers.functions.supportVector.PolyKernel -E 1.0 -C 250007\" -calibrator \"weka.classifiers.functions.Logistic -R 1.0E-8 -M -1 -num-decimal-places 4\"',-6585883636378691736,2.01709180148E7,160.0,18.0,18.0,0.0,0.0,100.0,0.0,0.0,1.0,0.22222222222222227,0.27216552697590873,50.99061522419186,58.58043694201614,27.7803693778599,10.529325012980811,17.251044364879085,1.5433538543255498,0.5849625007211562,0.9583913536043936,17.251044364879075,0.9583913536043931,1098.64076852454,1.0,6.0,0.0,0.0,1.0,12.0,0.0,0.0,1.0,1.0,1.0,1.0,1.0,1.0,1.0,0.0,1.0,0.0,1.0,1.0,1.0,1.0,1.0,1.0,1.0,1.0,0.011,0.0,0.01,0.0,10.0,0.0,8200.0,24309.0,4287.0,100.0,66.66666666666664,?
wine,6,9,weka.classifiers.functions.SMO,'-C 1.0 -L 0.001 -P 1.0E-12 -N 0 -V -1 -W 1 -K \"weka.classifiers.functions.supportVector.PolyKernel -E 1.0 -C 250007\" -calibrator \"weka.classifiers.functions.Logistic -R 1.0E-8 -M -1 -num-decimal-places 4\"',-6585883636378691736,2.01709180148E7,161.0,17.0,17.0,0.0,0.0,100.0,0.0,0.0,1.0,0.2222222222222223,0.27216552697590873,50.81100783670497,58.34295598957619,26.425071989008732,9.944362512259655,16.480709476749077,1.5544159993534548,0.5849625007211562,0.9694534986322987,16.480709476749073,0.9694534986322985,1050.5129037988886,1.0,6.0,0.0,0.0,1.0,11.0,0.0,0.0,1.0,1.0,1.0,1.0,1.0,1.0,1.0,0.0,1.0,0.0,1.0,1.0,1.0,1.0,1.0,1.0,1.0,1.0,0.007,0.0,0.01,0.0,10.0,0.0,8200.0,24450.0,4146.0,100.0,66.66666666666664,?
wine,6,10,weka.classifiers.functions.SMO,'-C 1.0 -L 0.001 -P 1.0E-12 -N 0 -V -1 -W 1 -K \"weka.classifiers.functions.supportVector.PolyKernel -E 1.0 -C 250007\" -calibrator \"weka.classifiers.functions.Logistic -R 1.0E-8 -M -1 -num-decimal-places 4\"',-6585883636378691736,2.01709180148E7,161.0,17.0,17.0,0.0,0.0,100.0,0.0,0.0,1.0,0.2222222222222223,0.27216552697590873,50.56220529561119,58.02387798667342,26.717852726498453,9.944362512259655,16.773490214238798,1.5716383956763795,0.5849625007211562,0.9866758949552235,16.773490214238798,0.9866758949552235,1070.3920502197584,1.0,5.0,0.0,0.0,1.0,12.0,0.0,0.0,1.0,1.0,1.0,1.0,1.0,1.0,1.0,0.0,1.0,0.0,1.0,1.0,1.0,1.0,1.0,1.0,1.0,1.0,0.01,0.0,0.01,0.0,10.0,0.0,8200.0,24450.0,4146.0,100.0,66.66666666666664,?
wine,7,1,weka.classifiers.functions.SMO,'-C 1.0 -L 0.001 -P 1.0E-12 -N 0 -V -1 -W 1 -K \"weka.classifiers.functions.supportVector.PolyKernel -E 1.0 -C 250007\" -calibrator \"weka.classifiers.functions.Logistic -R 1.0E-8 -M -1 -num-decimal-places 4\"',-6585883636378691736,2.01709180148E7,160.0,18.0,18.0,0.0,0.0,100.0,0.0,0.0,1.0,0.22222222222222227,0.27216552697590873,50.542635658914755,57.99701891327686,28.294048978792915,10.529325012980811,17.764723965812102,1.5718916099329396,0.5849625007211562,0.9869291092117835,17.76472396581211,0.9869291092117839,1133.7267677295106,1.0,6.0,0.0,0.0,1.0,12.0,0.0,0.0,1.0,1.0,1.0,1.0,1.0,1.0,1.0,0.0,1.0,0.0,1.0,1.0,1.0,1.0,1.0,1.0,1.0,1.0,0.011,0.0,0.01,0.0,10.0,0.0,8200.0,24309.0,4287.0,100.0,66.66666666666664,?
wine,7,2,weka.classifiers.functions.SMO,'-C 1.0 -L 0.001 -P 1.0E-12 -N 0 -V -1 -W 1 -K \"weka.classifiers.functions.supportVector.PolyKernel -E 1.0 -C 250007\" -calibrator \"weka.classifiers.functions.Logistic -R 1.0E-8 -M -1 -num-decimal-places 4\"',-6585883636378691736,2.01709180148E7,160.0,18.0,18.0,0.0,0.0,100.0,0.0,0.0,1.0,0.22222222222222227,0.27216552697590873,50.542635658914755,57.99701891327686,28.294048978792915,10.529325012980811,17.764723965812102,1.5718916099329396,0.5849625007211562,0.9869291092117835,17.76472396581211,0.9869291092117839,1133.7267677295106,1.0,6.0,0.0,0.0,1.0,12.0,0.0,0.0,1.0,1.0,1.0,1.0,1.0,1.0,1.0,0.0,1.0,0.0,1.0,1.0,1.0,1.0,1.0,1.0,1.0,1.0,0.01,0.0,0.01,0.0,10.0,0.0,8200.0,24309.0,4287.0,100.0,66.66666666666664,?
wine,7,3,weka.classifiers.functions.SMO,'-C 1.0 -L 0.001 -P 1.0E-12 -N 0 -V -1 -W 1 -K \"weka.classifiers.functions.supportVector.PolyKernel -E 1.0 -C 250007\" -calibrator \"weka.classifiers.functions.Logistic -R 1.0E-8 -M -1 -num-decimal-places 4\"',-6585883636378691736,2.01709180148E7,160.0,18.0,18.0,0.0,0.0,100.0,0.0,0.0,1.0,0.22222222222222227,0.27216552697590873,50.542635658914755,57.99701891327686,28.294048978792915,10.529325012980811,17.764723965812102,1.5718916099329396,0.5849625007211562,0.9869291092117835,17.76472396581211,0.9869291092117839,1133.7267677295106,1.0,6.0,0.0,0.0,1.0,12.0,0.0,0.0,1.0,1.0,1.0,1.0,1.0,1.0,1.0,0.0,1.0,0.0,1.0,1.0,1.0,1.0,1.0,1.0,1.0,1.0,0.008,0.0,0.01,0.0,10.0,0.0,8200.0,24309.0,4287.0,100.0,66.66666666666664,?
wine,7,4,weka.classifiers.functions.SMO,'-C 1.0 -L 0.001 -P 1.0E-12 -N 0 -V -1 -W 1 -K \"weka.classifiers.functions.supportVector.PolyKernel -E 1.0 -C 250007\" -calibrator \"weka.classifiers.functions.Logistic -R 1.0E-8 -M -1 -num-decimal-places 4\"',-6585883636378691736,2.01709180148E7,160.0,18.0,18.0,0.0,0.0,100.0,0.0,0.0,1.0,0.22222222222222227,0.27216552697590873,50.542635658914755,57.99701891327686,28.294048978792915,10.529325012980811,17.764723965812102,1.5718916099329396,0.5849625007211562,0.9869291092117835,17.76472396581211,0.9869291092117839,1133.7267677295106,1.0,6.0,0.0,0.0,1.0,12.0,0.0,0.0,1.0,1.0,1.0,1.0,1.0,1.0,1.0,0.0,1.0,0.0,1.0,1.0,1.0,1.0,1.0,1.0,1.0,1.0,0.008,0.0,0.01,0.0,10.0,0.0,8200.0,24309.0,4287.0,100.0,66.66666666666664,?
wine,7,5,weka.classifiers.functions.SMO,'-C 1.0 -L 0.001 -P 1.0E-12 -N 0 -V -1 -W 1 -K \"weka.classifiers.functions.supportVector.PolyKernel -E 1.0 -C 250007\" -calibrator \"weka.classifiers.functions.Logistic -R 1.0E-8 -M -1 -num-decimal-places 4\"',-6585883636378691736,2.01709180148E7,160.0,18.0,18.0,0.0,0.0,100.0,0.0,0.0,1.0,0.22222222222222227,0.27216552697590873,50.542635658914755,57.99701891327686,28.294048978792915,10.529325012980811,17.764723965812102,1.5718916099329396,0.5849625007211562,0.9869291092117835,17.76472396581211,0.9869291092117839,1133.7267677295106,1.0,6.0,0.0,0.0,1.0,12.0,0.0,0.0,1.0,1.0,1.0,1.0,1.0,1.0,1.0,0.0,1.0,0.0,1.0,1.0,1.0,1.0,1.0,1.0,1.0,1.0,0.009,0.0,0.01,0.0,10.0,0.0,8200.0,24309.0,4287.0,100.0,66.66666666666664,?
wine,7,6,weka.classifiers.functions.SMO,'-C 1.0 -L 0.001 -P 1.0E-12 -N 0 -V -1 -W 1 -K \"weka.classifiers.functions.supportVector.PolyKernel -E 1.0 -C 250007\" -calibrator \"weka.classifiers.functions.Logistic -R 1.0E-8 -M -1 -num-decimal-places 4\"',-6585883636378691736,2.01709180148E7,160.0,18.0,18.0,0.0,0.0,100.0,0.0,0.0,1.0,0.22222222222222227,0.27216552697590873,50.542635658914755,57.99701891327686,28.294048978792915,10.529325012980811,17.764723965812102,1.5718916099329396,0.5849625007211562,0.9869291092117835,17.76472396581211,0.9869291092117839,1133.7267677295106,1.0,6.0,0.0,0.0,1.0,12.0,0.0,0.0,1.0,1.0,1.0,1.0,1.0,1.0,1.0,0.0,1.0,0.0,1.0,1.0,1.0,1.0,1.0,1.0,1.0,1.0,0.008,0.0,0.01,0.0,10.0,0.0,8200.0,24309.0,4287.0,100.0,66.66666666666664,?
wine,7,7,weka.classifiers.functions.SMO,'-C 1.0 -L 0.001 -P 1.0E-12 -N 0 -V -1 -W 1 -K \"weka.classifiers.functions.supportVector.PolyKernel -E 1.0 -C 250007\" -calibrator \"weka.classifiers.functions.Logistic -R 1.0E-8 -M -1 -num-decimal-places 4\"',-6585883636378691736,2.01709180148E7,160.0,18.0,18.0,0.0,0.0,100.0,0.0,0.0,1.0,0.22222222222222227,0.27216552697590873,50.542635658914755,57.99701891327686,28.294048978792915,10.529325012980811,17.764723965812102,1.5718916099329396,0.5849625007211562,0.9869291092117835,17.76472396581211,0.9869291092117839,1133.7267677295106,1.0,6.0,0.0,0.0,1.0,12.0,0.0,0.0,1.0,1.0,1.0,1.0,1.0,1.0,1.0,0.0,1.0,0.0,1.0,1.0,1.0,1.0,1.0,1.0,1.0,1.0,0.011,0.0,0.01,0.0,10.0,0.0,8200.0,24309.0,4287.0,100.0,66.66666666666664,?
wine,7,8,weka.classifiers.functions.SMO,'-C 1.0 -L 0.001 -P 1.0E-12 -N 0 -V -1 -W 1 -K \"weka.classifiers.functions.supportVector.PolyKernel -E 1.0 -C 250007\" -calibrator \"weka.classifiers.functions.Logistic -R 1.0E-8 -M -1 -num-decimal-places 4\"',-6585883636378691736,2.01709180148E7,160.0,18.0,18.0,0.0,0.0,100.0,0.0,0.0,1.0,0.22222222222222227,0.27216552697590873,50.75246497145822,58.271358648254925,28.07315011534962,10.529325012980811,17.543825102368807,1.5596194508527566,0.5849625007211562,0.9746569501316004,17.543825102368796,0.9746569501315998,1118.5647957499345,1.0,5.0,0.0,0.0,1.0,13.0,0.0,0.0,1.0,1.0,1.0,1.0,1.0,1.0,1.0,0.0,1.0,0.0,1.0,1.0,1.0,1.0,1.0,1.0,1.0,1.0,0.009,0.0,0.01,0.0,10.0,0.0,8200.0,24309.0,4287.0,100.0,66.66666666666664,?
wine,7,9,weka.classifiers.functions.SMO,'-C 1.0 -L 0.001 -P 1.0E-12 -N 0 -V -1 -W 1 -K \"weka.classifiers.functions.supportVector.PolyKernel -E 1.0 -C 250007\" -calibrator \"weka.classifiers.functions.Logistic -R 1.0E-8 -M -1 -num-decimal-places 4\"',-6585883636378691736,2.01709180148E7,161.0,17.0,16.0,1.0,0.0,94.11764705882354,5.882352941176471,0.0,0.9109947643979057,0.23529411764705888,0.2952049618466985,53.799890650628775,63.28182076656235,26.425071989008735,10.944362512259655,15.48070947674908,1.554415999353455,0.6437860301329209,0.9106299692205342,15.587254902063288,0.9168973471801934,993.5623483031001,1.0,6.0,0.0,0.0,1.0,11.0,0.0,0.0,1.0,1.0,1.0,1.0,1.0,1.0,0.9411764705882353,0.01809954751131222,0.9819004524886878,0.058823529411764705,0.9529411764705882,0.9411764705882353,0.9421820010055304,0.918617364818972,0.9615384615384616,0.9183391003460206,0.9373219373219372,0.9411764705882353,0.007,0.0,0.0,0.0,0.0,0.0,8200.0,24450.0,4146.0,100.0,66.66666666666664,?
wine,7,10,weka.classifiers.functions.SMO,'-C 1.0 -L 0.001 -P 1.0E-12 -N 0 -V -1 -W 1 -K \"weka.classifiers.functions.supportVector.PolyKernel -E 1.0 -C 250007\" -calibrator \"weka.classifiers.functions.Logistic -R 1.0E-8 -M -1 -num-decimal-places 4\"',-6585883636378691736,2.01709180148E7,161.0,17.0,17.0,0.0,0.0,100.0,0.0,0.0,1.0,0.2222222222222223,0.27216552697590873,50.81100783670496,58.34295598957619,26.425071989008735,9.944362512259655,16.48070947674908,1.554415999353455,0.5849625007211562,0.9694534986322988,16.480709476749077,0.9694534986322987,1050.5129037988888,1.0,6.0,0.0,0.0,1.0,11.0,0.0,0.0,1.0,1.0,1.0,1.0,1.0,1.0,1.0,0.0,1.0,0.0,1.0,1.0,1.0,1.0,1.0,1.0,1.0,1.0,0.007,0.0,0.0,0.0,0.0,0.0,8200.0,24450.0,4146.0,100.0,66.66666666666664,?
wine,8,1,weka.classifiers.functions.SMO,'-C 1.0 -L 0.001 -P 1.0E-12 -N 0 -V -1 -W 1 -K \"weka.classifiers.functions.supportVector.PolyKernel -E 1.0 -C 250007\" -calibrator \"weka.classifiers.functions.Logistic -R 1.0E-8 -M -1 -num-decimal-places 4\"',-6585883636378691736,2.01709180148E7,160.0,18.0,18.0,0.0,0.0,100.0,0.0,0.0,1.0,0.22222222222222227,0.27216552697590873,50.54263565891474,57.99701891327687,28.294048978792915,10.529325012980811,17.764723965812102,1.5718916099329396,0.5849625007211562,0.9869291092117835,17.76472396581211,0.9869291092117839,1133.7267677295106,1.0,6.0,0.0,0.0,1.0,12.0,0.0,0.0,1.0,1.0,1.0,1.0,1.0,1.0,1.0,0.0,1.0,0.0,1.0,1.0,1.0,1.0,1.0,1.0,1.0,1.0,0.009,0.0,0.0,0.0,0.0,0.0,8200.0,24309.0,4287.0,100.0,66.66666666666664,?
wine,8,2,weka.classifiers.functions.SMO,'-C 1.0 -L 0.001 -P 1.0E-12 -N 0 -V -1 -W 1 -K \"weka.classifiers.functions.supportVector.PolyKernel -E 1.0 -C 250007\" -calibrator \"weka.classifiers.functions.Logistic -R 1.0E-8 -M -1 -num-decimal-places 4\"',-6585883636378691736,2.01709180148E7,160.0,18.0,18.0,0.0,0.0,100.0,0.0,0.0,1.0,0.22222222222222227,0.27216552697590873,50.54263565891474,57.99701891327687,28.294048978792915,10.529325012980811,17.764723965812102,1.5718916099329396,0.5849625007211562,0.9869291092117835,17.76472396581211,0.9869291092117839,1133.7267677295106,1.0,6.0,0.0,0.0,1.0,12.0,0.0,0.0,1.0,1.0,1.0,1.0,1.0,1.0,1.0,0.0,1.0,0.0,1.0,1.0,1.0,1.0,1.0,1.0,1.0,1.0,0.011,0.0,0.02,0.0,20.0,0.0,8200.0,24309.0,4287.0,100.0,66.66666666666664,?
wine,8,3,weka.classifiers.functions.SMO,'-C 1.0 -L 0.001 -P 1.0E-12 -N 0 -V -1 -W 1 -K \"weka.classifiers.functions.supportVector.PolyKernel -E 1.0 -C 250007\" -calibrator \"weka.classifiers.functions.Logistic -R 1.0E-8 -M -1 -num-decimal-places 4\"',-6585883636378691736,2.01709180148E7,160.0,18.0,18.0,0.0,0.0,100.0,0.0,0.0,1.0,0.22222222222222227,0.27216552697590873,50.54263565891474,57.99701891327687,28.294048978792915,10.529325012980811,17.764723965812102,1.5718916099329396,0.5849625007211562,0.9869291092117835,17.76472396581211,0.9869291092117839,1133.7267677295106,1.0,6.0,0.0,0.0,1.0,12.0,0.0,0.0,1.0,1.0,1.0,1.0,1.0,1.0,1.0,0.0,1.0,0.0,1.0,1.0,1.0,1.0,1.0,1.0,1.0,1.0,0.012,0.0,0.0,0.0,0.0,0.0,8200.0,24309.0,4287.0,100.0,66.66666666666664,?
wine,8,4,weka.classifiers.functions.SMO,'-C 1.0 -L 0.001 -P 1.0E-12 -N 0 -V -1 -W 1 -K \"weka.classifiers.functions.supportVector.PolyKernel -E 1.0 -C 250007\" -calibrator \"weka.classifiers.functions.Logistic -R 1.0E-8 -M -1 -num-decimal-places 4\"',-6585883636378691736,2.01709180148E7,160.0,18.0,18.0,0.0,0.0,100.0,0.0,0.0,1.0,0.22222222222222227,0.27216552697590873,50.54263565891474,57.99701891327687,28.294048978792915,10.529325012980811,17.764723965812102,1.5718916099329396,0.5849625007211562,0.9869291092117835,17.76472396581211,0.9869291092117839,1133.7267677295106,1.0,6.0,0.0,0.0,1.0,12.0,0.0,0.0,1.0,1.0,1.0,1.0,1.0,1.0,1.0,0.0,1.0,0.0,1.0,1.0,1.0,1.0,1.0,1.0,1.0,1.0,0.008,0.0,0.01,0.0,10.0,0.0,8200.0,24309.0,4287.0,100.0,66.66666666666664,?
wine,8,5,weka.classifiers.functions.SMO,'-C 1.0 -L 0.001 -P 1.0E-12 -N 0 -V -1 -W 1 -K \"weka.classifiers.functions.supportVector.PolyKernel -E 1.0 -C 250007\" -calibrator \"weka.classifiers.functions.Logistic -R 1.0E-8 -M -1 -num-decimal-places 4\"',-6585883636378691736,2.01709180148E7,160.0,18.0,18.0,0.0,0.0,100.0,0.0,0.0,1.0,0.22222222222222227,0.27216552697590873,50.54263565891474,57.99701891327687,28.294048978792915,10.529325012980811,17.764723965812102,1.5718916099329396,0.5849625007211562,0.9869291092117835,17.76472396581211,0.9869291092117839,1133.7267677295106,1.0,6.0,0.0,0.0,1.0,12.0,0.0,0.0,1.0,1.0,1.0,1.0,1.0,1.0,1.0,0.0,1.0,0.0,1.0,1.0,1.0,1.0,1.0,1.0,1.0,1.0,0.008,0.0,0.01,0.0,10.0,0.0,8200.0,24309.0,4287.0,100.0,66.66666666666664,?
wine,8,6,weka.classifiers.functions.SMO,'-C 1.0 -L 0.001 -P 1.0E-12 -N 0 -V -1 -W 1 -K \"weka.classifiers.functions.supportVector.PolyKernel -E 1.0 -C 250007\" -calibrator \"weka.classifiers.functions.Logistic -R 1.0E-8 -M -1 -num-decimal-places 4\"',-6585883636378691736,2.01709180148E7,160.0,18.0,18.0,0.0,0.0,100.0,0.0,0.0,1.0,0.22222222222222227,0.27216552697590873,50.54263565891474,57.99701891327687,28.294048978792915,10.529325012980811,17.764723965812102,1.5718916099329396,0.5849625007211562,0.9869291092117835,17.76472396581211,0.9869291092117839,1133.7267677295106,1.0,6.0,0.0,0.0,1.0,12.0,0.0,0.0,1.0,1.0,1.0,1.0,1.0,1.0,1.0,0.0,1.0,0.0,1.0,1.0,1.0,1.0,1.0,1.0,1.0,1.0,0.008,0.0,0.01,0.0,10.0,0.0,8200.0,24309.0,4287.0,100.0,66.66666666666664,?
wine,8,7,weka.classifiers.functions.SMO,'-C 1.0 -L 0.001 -P 1.0E-12 -N 0 -V -1 -W 1 -K \"weka.classifiers.functions.supportVector.PolyKernel -E 1.0 -C 250007\" -calibrator \"weka.classifiers.functions.Logistic -R 1.0E-8 -M -1 -num-decimal-places 4\"',-6585883636378691736,2.01709180148E7,160.0,18.0,18.0,0.0,0.0,100.0,0.0,0.0,1.0,0.22222222222222227,0.27216552697590873,50.54263565891474,57.99701891327687,28.294048978792915,10.529325012980811,17.764723965812102,1.5718916099329396,0.5849625007211562,0.9869291092117835,17.76472396581211,0.9869291092117839,1133.7267677295106,1.0,6.0,0.0,0.0,1.0,12.0,0.0,0.0,1.0,1.0,1.0,1.0,1.0,1.0,1.0,0.0,1.0,0.0,1.0,1.0,1.0,1.0,1.0,1.0,1.0,1.0,0.008,0.0,0.01,0.0,10.0,0.0,8200.0,24309.0,4287.0,100.0,66.66666666666664,?
wine,8,8,weka.classifiers.functions.SMO,'-C 1.0 -L 0.001 -P 1.0E-12 -N 0 -V -1 -W 1 -K \"weka.classifiers.functions.supportVector.PolyKernel -E 1.0 -C 250007\" -calibrator \"weka.classifiers.functions.Logistic -R 1.0E-8 -M -1 -num-decimal-places 4\"',-6585883636378691736,2.01709180148E7,160.0,18.0,18.0,0.0,0.0,100.0,0.0,0.0,1.0,0.22222222222222227,0.27216552697590873,50.99061522419186,58.58043694201614,27.7803693778599,10.529325012980811,17.251044364879085,1.5433538543255498,0.5849625007211562,0.9583913536043936,17.251044364879075,0.9583913536043931,1098.64076852454,1.0,6.0,0.0,0.0,1.0,12.0,0.0,0.0,1.0,1.0,1.0,1.0,1.0,1.0,1.0,0.0,1.0,0.0,1.0,1.0,1.0,1.0,1.0,1.0,1.0,1.0,0.011,0.001,0.01,0.0,10.0,0.0,8200.0,24309.0,4287.0,100.0,66.66666666666664,?
wine,8,9,weka.classifiers.functions.SMO,'-C 1.0 -L 0.001 -P 1.0E-12 -N 0 -V -1 -W 1 -K \"weka.classifiers.functions.supportVector.PolyKernel -E 1.0 -C 250007\" -calibrator \"weka.classifiers.functions.Logistic -R 1.0E-8 -M -1 -num-decimal-places 4\"',-6585883636378691736,2.01709180148E7,161.0,17.0,17.0,0.0,0.0,100.0,0.0,0.0,1.0,0.2222222222222223,0.27216552697590873,50.81100783670497,58.34295598957619,26.425071989008732,9.944362512259655,16.480709476749077,1.5544159993534548,0.5849625007211562,0.9694534986322987,16.480709476749073,0.9694534986322985,1050.5129037988886,1.0,6.0,0.0,0.0,1.0,11.0,0.0,0.0,1.0,1.0,1.0,1.0,1.0,1.0,1.0,0.0,1.0,0.0,1.0,1.0,1.0,1.0,1.0,1.0,1.0,1.0,0.008,0.0,0.01,0.0,10.0,0.0,8200.0,24450.0,4146.0,100.0,66.66666666666664,?
wine,8,10,weka.classifiers.functions.SMO,'-C 1.0 -L 0.001 -P 1.0E-12 -N 0 -V -1 -W 1 -K \"weka.classifiers.functions.supportVector.PolyKernel -E 1.0 -C 250007\" -calibrator \"weka.classifiers.functions.Logistic -R 1.0E-8 -M -1 -num-decimal-places 4\"',-6585883636378691736,2.01709180148E7,161.0,17.0,15.0,2.0,0.0,88.23529411764706,11.764705882352942,0.0,0.8247422680412371,0.2483660130718955,0.3165720532892114,56.51070003627133,67.4910536912701,26.717852726498453,11.944362512259655,14.773490214238798,1.5716383956763795,0.7026095595446856,0.869028836131694,14.98658106486722,0.881563592051013,956.3613193746879,1.0,5.0,0.0,0.0,1.0,12.0,0.0,0.0,1.0,1.0,1.0,1.0,1.0,1.0,0.8823529411764706,0.04901960784313725,0.9509803921568628,0.11764705882352941,0.9159663865546218,0.8823529411764706,0.8823529411764705,0.8387177057485597,0.9284313725490195,0.8532212885154061,0.8888888888888888,0.8823529411764706,0.008,0.0,0.0,0.0,0.0,0.0,8200.0,24450.0,4146.0,100.0,66.66666666666664,?
wine,9,1,weka.classifiers.functions.SMO,'-C 1.0 -L 0.001 -P 1.0E-12 -N 0 -V -1 -W 1 -K \"weka.classifiers.functions.supportVector.PolyKernel -E 1.0 -C 250007\" -calibrator \"weka.classifiers.functions.Logistic -R 1.0E-8 -M -1 -num-decimal-places 4\"',-6585883636378691736,2.01709180148E7,160.0,18.0,18.0,0.0,0.0,100.0,0.0,0.0,1.0,0.22222222222222227,0.27216552697590873,50.542635658914726,57.99701891327687,28.29404897879291,10.529325012980811,17.764723965812102,1.5718916099329396,0.5849625007211562,0.9869291092117835,17.764723965812106,0.9869291092117837,1133.7267677295104,1.0,6.0,0.0,0.0,1.0,12.0,0.0,0.0,1.0,1.0,1.0,1.0,1.0,1.0,1.0,0.0,1.0,0.0,1.0,1.0,1.0,1.0,1.0,1.0,1.0,1.0,0.008,0.0,0.01,0.0,10.0,0.0,8200.0,24309.0,4287.0,100.0,66.66666666666664,?
wine,9,2,weka.classifiers.functions.SMO,'-C 1.0 -L 0.001 -P 1.0E-12 -N 0 -V -1 -W 1 -K \"weka.classifiers.functions.supportVector.PolyKernel -E 1.0 -C 250007\" -calibrator \"weka.classifiers.functions.Logistic -R 1.0E-8 -M -1 -num-decimal-places 4\"',-6585883636378691736,2.01709180148E7,160.0,18.0,18.0,0.0,0.0,100.0,0.0,0.0,1.0,0.22222222222222227,0.27216552697590873,50.542635658914726,57.99701891327687,28.29404897879291,10.529325012980811,17.764723965812102,1.5718916099329396,0.5849625007211562,0.9869291092117835,17.764723965812106,0.9869291092117837,1133.7267677295104,1.0,6.0,0.0,0.0,1.0,12.0,0.0,0.0,1.0,1.0,1.0,1.0,1.0,1.0,1.0,0.0,1.0,0.0,1.0,1.0,1.0,1.0,1.0,1.0,1.0,1.0,0.01,0.001,0.0,0.0,0.0,0.0,8200.0,24309.0,4287.0,100.0,66.66666666666664,?
wine,9,3,weka.classifiers.functions.SMO,'-C 1.0 -L 0.001 -P 1.0E-12 -N 0 -V -1 -W 1 -K \"weka.classifiers.functions.supportVector.PolyKernel -E 1.0 -C 250007\" -calibrator \"weka.classifiers.functions.Logistic -R 1.0E-8 -M -1 -num-decimal-places 4\"',-6585883636378691736,2.01709180148E7,160.0,18.0,18.0,0.0,0.0,100.0,0.0,0.0,1.0,0.22222222222222227,0.27216552697590873,50.542635658914726,57.99701891327687,28.29404897879291,10.529325012980811,17.764723965812102,1.5718916099329396,0.5849625007211562,0.9869291092117835,17.764723965812106,0.9869291092117837,1133.7267677295104,1.0,6.0,0.0,0.0,1.0,12.0,0.0,0.0,1.0,1.0,1.0,1.0,1.0,1.0,1.0,0.0,1.0,0.0,1.0,1.0,1.0,1.0,1.0,1.0,1.0,1.0,0.01,0.0,0.02,0.0,20.0,0.0,8200.0,24309.0,4287.0,100.0,66.66666666666664,?
wine,9,4,weka.classifiers.functions.SMO,'-C 1.0 -L 0.001 -P 1.0E-12 -N 0 -V -1 -W 1 -K \"weka.classifiers.functions.supportVector.PolyKernel -E 1.0 -C 250007\" -calibrator \"weka.classifiers.functions.Logistic -R 1.0E-8 -M -1 -num-decimal-places 4\"',-6585883636378691736,2.01709180148E7,160.0,18.0,17.0,1.0,0.0,94.44444444444444,5.555555555555555,0.0,0.9150943396226415,0.23456790123456794,0.2939723678960657,53.35055986218777,62.64394014293396,28.29404897879291,11.529325012980811,16.764723965812102,1.5718916099329396,0.6405180562767118,0.9313735536562279,16.764723965812106,0.9313735536562281,1069.9077762320153,1.0,6.0,0.0,0.0,1.0,12.0,0.0,0.0,1.0,1.0,1.0,1.0,1.0,1.0,0.9444444444444444,0.03535353535353535,0.9646464646464646,0.05555555555555555,0.9513888888888888,0.9444444444444444,0.9432098765432099,0.9195908962204216,0.9801864801864801,0.9421296296296295,0.9407407407407408,0.9444444444444444,0.009,0.0,0.0,0.0,0.0,0.0,8200.0,24309.0,4287.0,100.0,66.66666666666664,?
wine,9,5,weka.classifiers.functions.SMO,'-C 1.0 -L 0.001 -P 1.0E-12 -N 0 -V -1 -W 1 -K \"weka.classifiers.functions.supportVector.PolyKernel -E 1.0 -C 250007\" -calibrator \"weka.classifiers.functions.Logistic -R 1.0E-8 -M -1 -num-decimal-places 4\"',-6585883636378691736,2.01709180148E7,160.0,18.0,18.0,0.0,0.0,100.0,0.0,0.0,1.0,0.22222222222222227,0.27216552697590873,50.542635658914726,57.99701891327687,28.29404897879291,10.529325012980811,17.764723965812102,1.5718916099329396,0.5849625007211562,0.9869291092117835,17.764723965812106,0.9869291092117837,1133.7267677295104,1.0,6.0,0.0,0.0,1.0,12.0,0.0,0.0,1.0,1.0,1.0,1.0,1.0,1.0,1.0,0.0,1.0,0.0,1.0,1.0,1.0,1.0,1.0,1.0,1.0,1.0,0.009,0.0,0.01,0.0,10.0,0.0,8200.0,24309.0,4287.0,100.0,66.66666666666664,?
wine,9,6,weka.classifiers.functions.SMO,'-C 1.0 -L 0.001 -P 1.0E-12 -N 0 -V -1 -W 1 -K \"weka.classifiers.functions.supportVector.PolyKernel -E 1.0 -C 250007\" -calibrator \"weka.classifiers.functions.Logistic -R 1.0E-8 -M -1 -num-decimal-places 4\"',-6585883636378691736,2.01709180148E7,160.0,18.0,16.0,2.0,0.0,88.88888888888889,11.11111111111111,0.0,0.8348623853211008,0.24691358024691365,0.31426968052735454,56.15848406546082,66.96918896355243,28.29404897879291,12.529325012980811,15.7647239658121,1.5718916099329396,0.6960736118322672,0.8758179981006723,15.983816666059749,0.8879898147810972,1020.0710599087877,1.0,6.0,0.0,0.0,1.0,12.0,0.0,0.0,1.0,1.0,1.0,1.0,1.0,1.0,0.8888888888888888,0.042735042735042736,0.9572649572649572,0.1111111111111111,0.9206349206349207,0.8888888888888888,0.8888888888888888,0.8516192280094943,0.9432789432789433,0.8650793650793651,0.8888888888888888,0.8888888888888888,0.01,0.0,0.01,0.0,10.0,0.0,8200.0,24309.0,4287.0,100.0,66.66666666666664,?
wine,9,7,weka.classifiers.functions.SMO,'-C 1.0 -L 0.001 -P 1.0E-12 -N 0 -V -1 -W 1 -K \"weka.classifiers.functions.supportVector.PolyKernel -E 1.0 -C 250007\" -calibrator \"weka.classifiers.functions.Logistic -R 1.0E-8 -M -1 -num-decimal-places 4\"',-6585883636378691736,2.01709180148E7,160.0,18.0,18.0,0.0,0.0,100.0,0.0,0.0,1.0,0.22222222222222227,0.27216552697590873,50.542635658914726,57.99701891327687,28.29404897879291,10.529325012980811,17.764723965812102,1.5718916099329396,0.5849625007211562,0.9869291092117835,17.764723965812106,0.9869291092117837,1133.7267677295104,1.0,6.0,0.0,0.0,1.0,12.0,0.0,0.0,1.0,1.0,1.0,1.0,1.0,1.0,1.0,0.0,1.0,0.0,1.0,1.0,1.0,1.0,1.0,1.0,1.0,1.0,0.011,0.0,0.0,0.0,0.0,0.0,8200.0,24309.0,4287.0,100.0,66.66666666666664,?
wine,9,8,weka.classifiers.functions.SMO,'-C 1.0 -L 0.001 -P 1.0E-12 -N 0 -V -1 -W 1 -K \"weka.classifiers.functions.supportVector.PolyKernel -E 1.0 -C 250007\" -calibrator \"weka.classifiers.functions.Logistic -R 1.0E-8 -M -1 -num-decimal-places 4\"',-6585883636378691736,2.01709180148E7,160.0,18.0,18.0,0.0,0.0,100.0,0.0,0.0,1.0,0.22222222222222227,0.27216552697590873,50.542635658914726,57.99701891327687,28.29404897879291,10.529325012980811,17.764723965812102,1.5718916099329396,0.5849625007211562,0.9869291092117835,17.764723965812106,0.9869291092117837,1133.7267677295104,1.0,6.0,0.0,0.0,1.0,12.0,0.0,0.0,1.0,1.0,1.0,1.0,1.0,1.0,1.0,0.0,1.0,0.0,1.0,1.0,1.0,1.0,1.0,1.0,1.0,1.0,0.011,0.0,0.0,0.0,0.0,0.0,8200.0,24309.0,4287.0,100.0,66.66666666666664,?
wine,9,9,weka.classifiers.functions.SMO,'-C 1.0 -L 0.001 -P 1.0E-12 -N 0 -V -1 -W 1 -K \"weka.classifiers.functions.supportVector.PolyKernel -E 1.0 -C 250007\" -calibrator \"weka.classifiers.functions.Logistic -R 1.0E-8 -M -1 -num-decimal-places 4\"',-6585883636378691736,2.01709180148E7,161.0,17.0,17.0,0.0,0.0,100.0,0.0,0.0,1.0,0.2222222222222223,0.27216552697590873,50.81100783670497,58.34295598957618,26.42507198900873,9.944362512259655,16.480709476749073,1.5544159993534545,0.5849625007211562,0.9694534986322985,16.480709476749073,0.9694534986322985,1050.5129037988886,1.0,6.0,0.0,0.0,1.0,11.0,0.0,0.0,1.0,1.0,1.0,1.0,1.0,1.0,1.0,0.0,1.0,0.0,1.0,1.0,1.0,1.0,1.0,1.0,1.0,1.0,0.007,0.001,0.0,0.0,0.0,0.0,8200.0,24450.0,4146.0,100.0,66.66666666666664,?
wine,9,10,weka.classifiers.functions.SMO,'-C 1.0 -L 0.001 -P 1.0E-12 -N 0 -V -1 -W 1 -K \"weka.classifiers.functions.supportVector.PolyKernel -E 1.0 -C 250007\" -calibrator \"weka.classifiers.functions.Logistic -R 1.0E-8 -M -1 -num-decimal-places 4\"',-6585883636378691736,2.01709180148E7,161.0,17.0,17.0,0.0,0.0,100.0,0.0,0.0,1.0,0.2222222222222223,0.27216552697590873,51.03423027640494,58.634791726422556,26.204173125565426,9.944362512259655,16.25981061330577,1.5414219485626721,0.5849625007211562,0.9564594478415159,16.259810613305767,0.9564594478415157,1035.4542239232564,1.0,5.0,0.0,0.0,1.0,12.0,0.0,0.0,1.0,1.0,1.0,1.0,1.0,1.0,1.0,0.0,1.0,0.0,1.0,1.0,1.0,1.0,1.0,1.0,1.0,1.0,0.007,0.0,0.0,0.0,0.0,0.0,8200.0,24450.0,4146.0,100.0,66.66666666666664,?
wine,10,1,weka.classifiers.functions.SMO,'-C 1.0 -L 0.001 -P 1.0E-12 -N 0 -V -1 -W 1 -K \"weka.classifiers.functions.supportVector.PolyKernel -E 1.0 -C 250007\" -calibrator \"weka.classifiers.functions.Logistic -R 1.0E-8 -M -1 -num-decimal-places 4\"',-6585883636378691736,2.01709180148E7,160.0,18.0,18.0,0.0,0.0,100.0,0.0,0.0,1.0,0.22222222222222227,0.27216552697590873,50.752464971458224,58.27135864825492,28.073150115349602,10.529325012980811,17.543825102368793,1.5596194508527557,0.5849625007211562,0.9746569501315996,17.5438251023688,0.9746569501316,1118.5647957499348,1.0,5.0,0.0,0.0,1.0,13.0,0.0,0.0,1.0,1.0,1.0,1.0,1.0,1.0,1.0,0.0,1.0,0.0,1.0,1.0,1.0,1.0,1.0,1.0,1.0,1.0,0.008,0.0,0.0,0.0,0.0,0.0,8200.0,24309.0,4287.0,100.0,66.66666666666664,?
wine,10,2,weka.classifiers.functions.SMO,'-C 1.0 -L 0.001 -P 1.0E-12 -N 0 -V -1 -W 1 -K \"weka.classifiers.functions.supportVector.PolyKernel -E 1.0 -C 250007\" -calibrator \"weka.classifiers.functions.Logistic -R 1.0E-8 -M -1 -num-decimal-places 4\"',-6585883636378691736,2.01709180148E7,160.0,18.0,18.0,0.0,0.0,100.0,0.0,0.0,1.0,0.22222222222222227,0.27216552697590873,50.542635658914726,57.99701891327687,28.29404897879291,10.529325012980811,17.764723965812102,1.5718916099329396,0.5849625007211562,0.9869291092117835,17.764723965812106,0.9869291092117837,1133.7267677295104,1.0,6.0,0.0,0.0,1.0,12.0,0.0,0.0,1.0,1.0,1.0,1.0,1.0,1.0,1.0,0.0,1.0,0.0,1.0,1.0,1.0,1.0,1.0,1.0,1.0,1.0,0.008,0.0,0.01,0.0,10.0,0.0,8200.0,24309.0,4287.0,100.0,66.66666666666664,?
wine,10,3,weka.classifiers.functions.SMO,'-C 1.0 -L 0.001 -P 1.0E-12 -N 0 -V -1 -W 1 -K \"weka.classifiers.functions.supportVector.PolyKernel -E 1.0 -C 250007\" -calibrator \"weka.classifiers.functions.Logistic -R 1.0E-8 -M -1 -num-decimal-places 4\"',-6585883636378691736,2.01709180148E7,160.0,18.0,18.0,0.0,0.0,100.0,0.0,0.0,1.0,0.22222222222222227,0.27216552697590873,50.542635658914726,57.99701891327687,28.29404897879291,10.529325012980811,17.764723965812102,1.5718916099329396,0.5849625007211562,0.9869291092117835,17.764723965812106,0.9869291092117837,1133.7267677295104,1.0,6.0,0.0,0.0,1.0,12.0,0.0,0.0,1.0,1.0,1.0,1.0,1.0,1.0,1.0,0.0,1.0,0.0,1.0,1.0,1.0,1.0,1.0,1.0,1.0,1.0,0.008,0.0,0.01,0.0,10.0,0.0,8200.0,24309.0,4287.0,100.0,66.66666666666664,?
wine,10,4,weka.classifiers.functions.SMO,'-C 1.0 -L 0.001 -P 1.0E-12 -N 0 -V -1 -W 1 -K \"weka.classifiers.functions.supportVector.PolyKernel -E 1.0 -C 250007\" -calibrator \"weka.classifiers.functions.Logistic -R 1.0E-8 -M -1 -num-decimal-places 4\"',-6585883636378691736,2.01709180148E7,160.0,18.0,18.0,0.0,0.0,100.0,0.0,0.0,1.0,0.22222222222222227,0.27216552697590873,50.542635658914726,57.99701891327687,28.29404897879291,10.529325012980811,17.764723965812102,1.5718916099329396,0.5849625007211562,0.9869291092117835,17.764723965812106,0.9869291092117837,1133.7267677295104,1.0,6.0,0.0,0.0,1.0,12.0,0.0,0.0,1.0,1.0,1.0,1.0,1.0,1.0,1.0,0.0,1.0,0.0,1.0,1.0,1.0,1.0,1.0,1.0,1.0,1.0,0.011,0.0,0.01,0.0,10.0,0.0,8200.0,24309.0,4287.0,100.0,66.66666666666664,?
wine,10,5,weka.classifiers.functions.SMO,'-C 1.0 -L 0.001 -P 1.0E-12 -N 0 -V -1 -W 1 -K \"weka.classifiers.functions.supportVector.PolyKernel -E 1.0 -C 250007\" -calibrator \"weka.classifiers.functions.Logistic -R 1.0E-8 -M -1 -num-decimal-places 4\"',-6585883636378691736,2.01709180148E7,160.0,18.0,17.0,1.0,0.0,94.44444444444444,5.555555555555555,0.0,0.9162790697674418,0.23456790123456794,0.29397236789606573,53.35055986218777,62.64394014293397,28.29404897879291,11.529325012980811,16.764723965812102,1.5718916099329396,0.6405180562767118,0.9313735536562279,16.874270315935927,0.9374594619964404,1076.898913819149,1.0,6.0,0.08333333333333333,1.0,0.9166666666666666,11.0,0.0,0.0,0.8571428571428571,1.0,0.923076923076923,0.8864052604279183,0.9583333333333334,0.8571428571428571,0.9444444444444444,0.027777777777777776,0.9722222222222222,0.05555555555555555,0.9523809523809523,0.9444444444444444,0.9444444444444444,0.9179593547534967,0.960858585858586,0.9197012138188607,0.9487179487179487,0.9444444444444444,0.01,0.0,0.01,0.0,10.0,0.0,8200.0,24309.0,4287.0,100.0,66.66666666666664,?
wine,10,6,weka.classifiers.functions.SMO,'-C 1.0 -L 0.001 -P 1.0E-12 -N 0 -V -1 -W 1 -K \"weka.classifiers.functions.supportVector.PolyKernel -E 1.0 -C 250007\" -calibrator \"weka.classifiers.functions.Logistic -R 1.0E-8 -M -1 -num-decimal-places 4\"',-6585883636378691736,2.01709180148E7,160.0,18.0,18.0,0.0,0.0,100.0,0.0,0.0,1.0,0.22222222222222227,0.27216552697590873,50.542635658914726,57.99701891327687,28.29404897879291,10.529325012980811,17.764723965812102,1.5718916099329396,0.5849625007211562,0.9869291092117835,17.764723965812106,0.9869291092117837,1133.7267677295104,1.0,6.0,0.0,0.0,1.0,12.0,0.0,0.0,1.0,1.0,1.0,1.0,1.0,1.0,1.0,0.0,1.0,0.0,1.0,1.0,1.0,1.0,1.0,1.0,1.0,1.0,0.009,0.0,0.01,0.0,10.0,0.0,8200.0,24309.0,4287.0,100.0,66.66666666666664,?
wine,10,7,weka.classifiers.functions.SMO,'-C 1.0 -L 0.001 -P 1.0E-12 -N 0 -V -1 -W 1 -K \"weka.classifiers.functions.supportVector.PolyKernel -E 1.0 -C 250007\" -calibrator \"weka.classifiers.functions.Logistic -R 1.0E-8 -M -1 -num-decimal-places 4\"',-6585883636378691736,2.01709180148E7,160.0,18.0,17.0,1.0,0.0,94.44444444444444,5.555555555555555,0.0,0.9166666666666666,0.23456790123456794,0.29397236789606573,53.35055986218777,62.64394014293397,28.29404897879291,11.529325012980811,16.764723965812102,1.5718916099329396,0.6405180562767118,0.9313735536562279,16.874270315935927,0.9374594619964404,1076.898913819149,1.0,6.0,0.0,0.0,1.0,12.0,0.0,0.0,1.0,1.0,1.0,1.0,1.0,1.0,0.9444444444444444,0.021367521367521368,0.9786324786324787,0.05555555555555555,0.9537037037037037,0.9444444444444444,0.9448329448329448,0.9216737177516987,0.9665889665889664,0.9224537037037037,0.944055944055944,0.9444444444444444,0.008,0.0,0.01,0.0,10.0,0.0,8200.0,24309.0,4287.0,100.0,66.66666666666664,?
wine,10,8,weka.classifiers.functions.SMO,'-C 1.0 -L 0.001 -P 1.0E-12 -N 0 -V -1 -W 1 -K \"weka.classifiers.functions.supportVector.PolyKernel -E 1.0 -C 250007\" -calibrator \"weka.classifiers.functions.Logistic -R 1.0E-8 -M -1 -num-decimal-places 4\"',-6585883636378691736,2.01709180148E7,160.0,18.0,18.0,0.0,0.0,100.0,0.0,0.0,1.0,0.22222222222222227,0.27216552697590873,50.542635658914726,57.99701891327687,28.29404897879291,10.529325012980811,17.764723965812102,1.5718916099329396,0.5849625007211562,0.9869291092117835,17.764723965812106,0.9869291092117837,1133.7267677295104,1.0,6.0,0.0,0.0,1.0,12.0,0.0,0.0,1.0,1.0,1.0,1.0,1.0,1.0,1.0,0.0,1.0,0.0,1.0,1.0,1.0,1.0,1.0,1.0,1.0,1.0,0.009,0.0,0.01,0.0,10.0,0.0,8200.0,24309.0,4287.0,100.0,66.66666666666664,?
wine,10,9,weka.classifiers.functions.SMO,'-C 1.0 -L 0.001 -P 1.0E-12 -N 0 -V -1 -W 1 -K \"weka.classifiers.functions.supportVector.PolyKernel -E 1.0 -C 250007\" -calibrator \"weka.classifiers.functions.Logistic -R 1.0E-8 -M -1 -num-decimal-places 4\"',-6585883636378691736,2.01709180148E7,161.0,17.0,16.0,1.0,0.0,94.11764705882354,5.882352941176471,0.0,0.9109947643979057,0.23529411764705888,0.29520496184669853,53.79989065062878,63.28182076656234,26.42507198900873,10.944362512259655,15.480709476749073,1.5544159993534545,0.6437860301329209,0.9106299692205337,15.58725490206328,0.916897347180193,993.5623483030996,1.0,6.0,0.0,0.0,1.0,11.0,0.0,0.0,1.0,1.0,1.0,1.0,1.0,1.0,0.9411764705882353,0.01809954751131222,0.9819004524886878,0.058823529411764705,0.9529411764705882,0.9411764705882353,0.9421820010055304,0.918617364818972,0.9644796380090499,0.9198529411764705,0.9373219373219372,0.9411764705882353,0.01,0.0,0.01,0.0,10.0,0.0,8200.0,24450.0,4146.0,100.0,66.66666666666664,?
wine,10,10,weka.classifiers.functions.SMO,'-C 1.0 -L 0.001 -P 1.0E-12 -N 0 -V -1 -W 1 -K \"weka.classifiers.functions.supportVector.PolyKernel -E 1.0 -C 250007\" -calibrator \"weka.classifiers.functions.Logistic -R 1.0E-8 -M -1 -num-decimal-places 4\"',-6585883636378691736,2.01709180148E7,161.0,17.0,16.0,1.0,0.0,94.11764705882354,5.882352941176471,0.0,0.9109947643979057,0.23529411764705888,0.29520496184669853,53.79989065062878,63.28182076656234,26.42507198900873,10.944362512259655,15.480709476749073,1.5544159993534545,0.6437860301329209,0.9106299692205337,15.58725490206328,0.916897347180193,993.5623483030996,1.0,6.0,0.0,0.0,1.0,11.0,0.0,0.0,1.0,1.0,1.0,1.0,1.0,1.0,0.9411764705882353,0.01809954751131222,0.9819004524886878,0.058823529411764705,0.9529411764705882,0.9411764705882353,0.9421820010055304,0.918617364818972,0.9703619909502262,0.9235294117647058,0.9373219373219372,0.9411764705882353,0.01,0.0,0.01,0.0,10.0,0.0,8200.0,24450.0,4146.0,100.0,66.66666666666664,?
