Key_Dataset,Key_Run,Key_Fold,Key_Scheme,Key_Scheme_options,Key_Scheme_version_ID,Date_time,Number_of_training_instances,Number_of_testing_instances,Number_correct,Number_incorrect,Number_unclassified,Percent_correct,Percent_incorrect,Percent_unclassified,Kappa_statistic,Mean_absolute_error,Root_mean_squared_error,Relative_absolute_error,Root_relative_squared_error,SF_prior_entropy,SF_scheme_entropy,SF_entropy_gain,SF_mean_prior_entropy,SF_mean_scheme_entropy,SF_mean_entropy_gain,KB_information,KB_mean_information,KB_relative_information,True_positive_rate,Num_true_positives,False_positive_rate,Num_false_positives,True_negative_rate,Num_true_negatives,False_negative_rate,Num_false_negatives,IR_precision,IR_recall,F_measure,Matthews_correlation,Area_under_ROC,Area_under_PRC,Weighted_avg_true_positive_rate,Weighted_avg_false_positive_rate,Weighted_avg_true_negative_rate,Weighted_avg_false_negative_rate,Weighted_avg_IR_precision,Weighted_avg_IR_recall,Weighted_avg_F_measure,Weighted_avg_matthews_correlation,Weighted_avg_area_under_ROC,Weighted_avg_area_under_PRC,Unweighted_macro_avg_F_measure,Unweighted_micro_avg_F_measure,Elapsed_Time_training,Elapsed_Time_testing,UserCPU_Time_training,UserCPU_Time_testing,UserCPU_Time_millis_training,UserCPU_Time_millis_testing,Serialized_Model_Size,Serialized_Train_Set_Size,Serialized_Test_Set_Size,Coverage_of_Test_Cases_By_Regions,Size_of_Predicted_Regions,Summary
wine,1,1,weka.classifiers.lazy.IBk,'-K 13 -W 0 -A \"weka.core.neighboursearch.LinearNNSearch -A \\\"weka.core.EuclideanDistance -R first-last\\\"\"',-3080186098777067172,2.01709181721E7,160.0,18.0,17.0,1.0,0.0,94.44444444444444,5.555555555555555,0.0,0.9166666666666666,0.07745239238278127,0.19471931463443568,17.615916221013975,41.49364505899863,28.294048978792915,4.447319351485929,23.846729627306985,1.5718916099329396,0.24707329730477381,1.3248183126281659,24.27969370789104,1.3488718726606135,1549.5055663056837,1.0,6.0,0.0,0.0,1.0,12.0,0.0,0.0,1.0,1.0,1.0,1.0,1.0,1.0,0.9444444444444444,0.021367521367521368,0.9786324786324787,0.05555555555555555,0.9537037037037037,0.9444444444444444,0.9448329448329448,0.9216737177516987,0.9898989898989901,0.9876543209876544,0.944055944055944,0.9444444444444444,0.001,0.001,2.48E-4,0.0012230000000000001,0.248,1.223,26342.0,24309.0,4287.0,100.0,44.44444444444444,?
wine,1,2,weka.classifiers.lazy.IBk,'-K 13 -W 0 -A \"weka.core.neighboursearch.LinearNNSearch -A \\\"weka.core.EuclideanDistance -R first-last\\\"\"',-3080186098777067172,2.01709181721E7,160.0,18.0,18.0,0.0,0.0,100.0,0.0,0.0,1.0,0.04900339609893142,0.11947437726069975,11.145423577849986,25.45935113323197,28.294048978792915,2.330045917767084,25.96400306102583,1.5718916099329396,0.12944699543150465,1.4424446145014351,25.964003061025824,1.4424446145014347,1656.996490592544,1.0,6.0,0.0,0.0,1.0,12.0,0.0,0.0,1.0,1.0,1.0,1.0,1.0,1.0,1.0,0.0,1.0,0.0,1.0,1.0,1.0,1.0,1.0,1.0,1.0,1.0,0.0,0.002,4.33E-4,0.0011330000000000001,0.433,1.133,26342.0,24309.0,4287.0,100.0,50.0,?
wine,1,3,weka.classifiers.lazy.IBk,'-K 13 -W 0 -A \"weka.core.neighboursearch.LinearNNSearch -A \\\"weka.core.EuclideanDistance -R first-last\\\"\"',-3080186098777067172,2.01709181721E7,160.0,18.0,17.0,1.0,0.0,94.44444444444444,5.555555555555555,0.0,0.9162790697674418,0.05469319535570139,0.17699473254309958,12.439522106482784,37.716631363681735,28.294048978792915,3.72350507771298,24.570543901079937,1.5718916099329396,0.20686139320627667,1.3650302167266632,25.449631801800017,1.4138684334333342,1624.169835573456,1.0,6.0,0.08333333333333333,1.0,0.9166666666666666,11.0,0.0,0.0,0.8571428571428571,1.0,0.923076923076923,0.8864052604279183,0.9930555555555556,0.9761904761904762,0.9444444444444444,0.027777777777777776,0.9722222222222222,0.05555555555555555,0.9523809523809523,0.9444444444444444,0.9444444444444444,0.9179593547534967,0.9951599326599327,0.9851190476190477,0.9487179487179487,0.9444444444444444,0.0,0.002,2.05E-4,0.00121,0.205,1.21,26342.0,24309.0,4287.0,100.0,42.59259259259258,?
wine,1,4,weka.classifiers.lazy.IBk,'-K 13 -W 0 -A \"weka.core.neighboursearch.LinearNNSearch -A \\\"weka.core.EuclideanDistance -R first-last\\\"\"',-3080186098777067172,2.01709181721E7,160.0,18.0,17.0,1.0,0.0,94.44444444444444,5.555555555555555,0.0,0.9166666666666666,0.06038299461247137,0.15879760333522155,13.733620635115583,33.83892040387284,28.294048978792915,3.088413044754734,25.20563593403818,1.5718916099329396,0.17157850248637413,1.4003131074465656,25.205635934038177,1.4003131074465653,1608.5982653633396,1.0,6.0,0.0,0.0,1.0,12.0,0.0,0.0,1.0,1.0,1.0,1.0,1.0,1.0,0.9444444444444444,0.021367521367521368,0.9786324786324787,0.05555555555555555,0.9537037037037037,0.9444444444444444,0.9448329448329448,0.9216737177516987,1.0,1.0,0.944055944055944,0.9444444444444444,0.0,0.001,1.9600000000000002E-4,0.001148,0.196,1.148,26342.0,24309.0,4287.0,100.0,42.59259259259259,?
wine,1,5,weka.classifiers.lazy.IBk,'-K 13 -W 0 -A \"weka.core.neighboursearch.LinearNNSearch -A \\\"weka.core.EuclideanDistance -R first-last\\\"\"',-3080186098777067172,2.01709181721E7,160.0,18.0,17.0,1.0,0.0,94.44444444444444,5.555555555555555,0.0,0.9162790697674418,0.08029729201116625,0.1837600798712927,18.262965485330373,39.15829071454741,28.294048978792915,4.24938940975029,24.044659569042626,1.5718916099329396,0.23607718943057165,1.335814420502368,24.215139169945864,1.3452855094414369,1545.3857607974358,1.0,6.0,0.08333333333333333,1.0,0.9166666666666666,11.0,0.0,0.0,0.8571428571428571,1.0,0.923076923076923,0.8864052604279183,1.0,1.0,0.9444444444444444,0.027777777777777776,0.9722222222222222,0.05555555555555555,0.9523809523809523,0.9444444444444444,0.9444444444444444,0.9179593547534967,1.0,1.0,0.9487179487179487,0.9444444444444444,0.0,0.001,1.75E-4,0.001054,0.175,1.054,26342.0,24309.0,4287.0,100.0,48.148148148148145,?
wine,1,6,weka.classifiers.lazy.IBk,'-K 13 -W 0 -A \"weka.core.neighboursearch.LinearNNSearch -A \\\"weka.core.EuclideanDistance -R first-last\\\"\"',-3080186098777067172,2.01709181721E7,160.0,18.0,18.0,0.0,0.0,100.0,0.0,0.0,1.0,0.05753809498408639,0.13253025157543416,13.086571370799184,28.241488158352137,28.294048978792915,2.708349574986161,25.585699403806753,1.5718916099329396,0.15046386527700895,1.4214277446559307,25.585699403806746,1.4214277446559302,1632.8535327090083,1.0,6.0,0.0,0.0,1.0,12.0,0.0,0.0,1.0,1.0,1.0,1.0,1.0,1.0,1.0,0.0,1.0,0.0,1.0,1.0,1.0,1.0,1.0,1.0,1.0,1.0,0.0,0.001,2.44E-4,0.001109,0.244,1.109,26342.0,24309.0,4287.0,100.0,46.29629629629629,?
wine,1,7,weka.classifiers.lazy.IBk,'-K 13 -W 0 -A \"weka.core.neighboursearch.LinearNNSearch -A \\\"weka.core.EuclideanDistance -R first-last\\\"\"',-3080186098777067172,2.01709181721E7,160.0,18.0,18.0,0.0,0.0,100.0,0.0,0.0,1.0,0.04046869721377647,0.10889480741403298,9.204275784900789,23.20490135294889,28.294048978792915,1.8929236395226674,26.401125339270248,1.5718916099329396,0.10516242441792596,1.4667291855150137,26.401125339270244,1.4667291855150135,1684.89319355119,1.0,6.0,0.0,0.0,1.0,12.0,0.0,0.0,1.0,1.0,1.0,1.0,1.0,1.0,1.0,0.0,1.0,0.0,1.0,1.0,1.0,1.0,1.0,1.0,1.0,1.0,0.0,0.001,1.55E-4,0.001038,0.155,1.038,26342.0,24309.0,4287.0,100.0,42.59259259259258,?
wine,1,8,weka.classifiers.lazy.IBk,'-K 13 -W 0 -A \"weka.core.neighboursearch.LinearNNSearch -A \\\"weka.core.EuclideanDistance -R first-last\\\"\"',-3080186098777067172,2.01709181721E7,160.0,18.0,18.0,0.0,0.0,100.0,0.0,0.0,1.0,0.017709500186696564,0.036553855402460825,4.027881670369592,7.789431184344538,28.294048978792915,0.7174624139144662,27.57658656487845,1.5718916099329396,0.03985902299524812,1.5320325869376916,27.576586564878447,1.5320325869376914,1759.9099435139153,1.0,6.0,0.0,0.0,1.0,12.0,0.0,0.0,1.0,1.0,1.0,1.0,1.0,1.0,1.0,0.0,1.0,0.0,1.0,1.0,1.0,1.0,1.0,1.0,1.0,1.0,0.0,0.002,1.54E-4,0.001036,0.154,1.036,26342.0,24309.0,4287.0,100.0,44.44444444444443,?
wine,1,9,weka.classifiers.lazy.IBk,'-K 13 -W 0 -A \"weka.core.neighboursearch.LinearNNSearch -A \\\"weka.core.EuclideanDistance -R first-last\\\"\"',-3080186098777067172,2.01709181721E7,161.0,17.0,17.0,0.0,0.0,100.0,0.0,0.0,1.0,0.03979568926807363,0.1023165720180158,9.139240665518063,22.04287573484246,26.20417312556543,1.710872352769693,24.493300772795735,1.5414219485626723,0.10063955016292311,1.4407823983997492,24.49330077279573,1.440782398399749,1559.7778071449407,1.0,5.0,0.0,0.0,1.0,12.0,0.0,0.0,1.0,1.0,1.0,1.0,1.0,1.0,1.0,0.0,1.0,0.0,1.0,1.0,1.0,1.0,1.0,1.0,1.0,1.0,0.0,0.004,2.13E-4,0.0011519999999999998,0.213,1.152,26483.0,24450.0,4146.0,100.0,43.13725490196078,?
wine,1,10,weka.classifiers.lazy.IBk,'-K 13 -W 0 -A \"weka.core.neighboursearch.LinearNNSearch -A \\\"weka.core.EuclideanDistance -R first-last\\\"\"',-3080186098777067172,2.01709181721E7,161.0,17.0,15.0,2.0,0.0,88.23529411764706,11.764705882352942,0.0,0.8247422680412371,0.07594297260889084,0.17038472569385119,17.364325393678595,36.52464242222819,26.425071989008735,3.7438293584331324,22.681242630575603,1.554415999353455,0.22022525637841955,1.3341907429750355,22.696917678683803,1.335112804628459,1446.7462660850033,1.0,6.0,0.0,0.0,1.0,11.0,0.0,0.0,1.0,1.0,1.0,1.0,1.0,1.0,0.8823529411764706,0.03619909502262444,0.9638009049773755,0.11764705882352941,0.9215686274509803,0.8823529411764706,0.8843137254901959,0.8473463360863801,1.0,1.0,0.8777777777777778,0.8823529411764706,0.001,0.001,1.6900000000000002E-4,0.001027,0.169,1.027,26483.0,24450.0,4146.0,100.0,49.01960784313726,?
wine,2,1,weka.classifiers.lazy.IBk,'-K 13 -W 0 -A \"weka.core.neighboursearch.LinearNNSearch -A \\\"weka.core.EuclideanDistance -R first-last\\\"\"',-3080186098777067172,2.01709181721E7,160.0,18.0,16.0,2.0,0.0,88.88888888888889,11.11111111111111,0.0,0.8348623853211008,0.06891769349762632,0.204005428596089,15.674768428064777,43.47246630447005,28.294048978792915,4.60733481453495,23.686714164257964,1.5718916099329396,0.2559630452519417,1.315928564680998,24.565802064978048,1.3647667813876694,1567.7647131139818,1.0,6.0,0.0,0.0,1.0,12.0,0.0,0.0,1.0,1.0,1.0,1.0,1.0,1.0,0.8888888888888888,0.042735042735042736,0.9572649572649572,0.1111111111111111,0.9206349206349207,0.8888888888888888,0.8888888888888888,0.8516192280094943,0.9974747474747474,0.9930555555555556,0.8888888888888888,0.8888888888888888,0.001,0.001,1.5099999999999998E-4,0.001078,0.151,1.078,26342.0,24309.0,4287.0,100.0,40.74074074074073,?
wine,2,2,weka.classifiers.lazy.IBk,'-K 13 -W 0 -A \"weka.core.neighboursearch.LinearNNSearch -A \\\"weka.core.EuclideanDistance -R first-last\\\"\"',-3080186098777067172,2.01709181721E7,160.0,18.0,18.0,0.0,0.0,100.0,0.0,0.0,1.0,0.06607279386924132,0.16289878138943956,15.027719163748376,34.71285952401075,28.294048978792915,3.3777376184111954,24.91631136038172,1.5718916099329396,0.18765208991173307,1.3842395200212065,24.916311360381716,1.3842395200212065,1590.1338628571414,1.0,6.0,0.0,0.0,1.0,12.0,0.0,0.0,1.0,1.0,1.0,1.0,1.0,1.0,1.0,0.0,1.0,0.0,1.0,1.0,1.0,1.0,1.0,1.0,1.0,1.0,0.0,0.001,1.56E-4,0.001038,0.156,1.038,26342.0,24309.0,4287.0,100.0,44.444444444444436,?
wine,2,3,weka.classifiers.lazy.IBk,'-K 13 -W 0 -A \"weka.core.neighboursearch.LinearNNSearch -A \\\"weka.core.EuclideanDistance -R first-last\\\"\"',-3080186098777067172,2.01709181721E7,160.0,18.0,18.0,0.0,0.0,100.0,0.0,0.0,1.0,0.051848295727316404,0.10694588264873175,11.792472842166385,22.78959590361572,28.294048978792915,2.30958199134514,25.984466987447774,1.5718916099329396,0.12831011063028555,1.4435814993026541,25.98446698744778,1.4435814993026546,1658.302477738872,1.0,6.0,0.0,0.0,1.0,12.0,0.0,0.0,1.0,1.0,1.0,1.0,1.0,1.0,1.0,0.0,1.0,0.0,1.0,1.0,1.0,1.0,1.0,1.0,1.0,1.0,0.0,0.001,1.6E-4,0.001091,0.16,1.091,26342.0,24309.0,4287.0,100.0,50.0,?
wine,2,4,weka.classifiers.lazy.IBk,'-K 13 -W 0 -A \"weka.core.neighboursearch.LinearNNSearch -A \\\"weka.core.EuclideanDistance -R first-last\\\"\"',-3080186098777067172,2.01709181721E7,160.0,18.0,18.0,0.0,0.0,100.0,0.0,0.0,1.0,0.05184829572731639,0.12220390295898505,11.79247284216638,26.04099846861159,28.294048978792915,2.3945080353691757,25.89954094342374,1.5718916099329396,0.1330282241871764,1.4388633857457633,25.89954094342374,1.4388633857457633,1652.882583257386,1.0,6.0,0.0,0.0,1.0,12.0,0.0,0.0,1.0,1.0,1.0,1.0,1.0,1.0,1.0,0.0,1.0,0.0,1.0,1.0,1.0,1.0,1.0,1.0,1.0,1.0,0.0,0.001,1.65E-4,0.001107,0.165,1.107,26342.0,24309.0,4287.0,100.0,44.444444444444436,?
wine,2,5,weka.classifiers.lazy.IBk,'-K 13 -W 0 -A \"weka.core.neighboursearch.LinearNNSearch -A \\\"weka.core.EuclideanDistance -R first-last\\\"\"',-3080186098777067172,2.01709181721E7,160.0,18.0,18.0,0.0,0.0,100.0,0.0,0.0,1.0,0.014864600558311581,0.04924127648277767,3.3808324060531922,10.493052794810206,28.294048978792915,0.6340882868543134,27.6599606919386,1.5718916099329396,0.03522712704746186,1.5366644828854779,27.6599606919386,1.5366644828854779,1765.2307962198784,1.0,6.0,0.0,0.0,1.0,12.0,0.0,0.0,1.0,1.0,1.0,1.0,1.0,1.0,1.0,0.0,1.0,0.0,1.0,1.0,1.0,1.0,1.0,1.0,1.0,1.0,0.0,0.001,1.66E-4,0.001045,0.166,1.045,26342.0,24309.0,4287.0,100.0,38.888888888888886,?
wine,2,6,weka.classifiers.lazy.IBk,'-K 13 -W 0 -A \"weka.core.neighboursearch.LinearNNSearch -A \\\"weka.core.EuclideanDistance -R first-last\\\"\"',-3080186098777067172,2.01709181721E7,160.0,18.0,17.0,1.0,0.0,94.44444444444444,5.555555555555555,0.0,0.9162790697674418,0.06607279386924132,0.1825109144373812,15.027719163748376,38.89210023810699,28.294048978792915,4.249606439520015,24.0444425392729,1.5718916099329396,0.23608924664000083,1.335802363292939,24.923530439992984,1.3846405799996102,1590.5945772374725,1.0,6.0,0.08333333333333333,1.0,0.9166666666666666,11.0,0.0,0.0,0.8571428571428571,1.0,0.923076923076923,0.8864052604279183,1.0,1.0,0.9444444444444444,0.027777777777777776,0.9722222222222222,0.05555555555555555,0.9523809523809523,0.9444444444444444,0.9444444444444444,0.9179593547534967,1.0,1.0,0.9487179487179487,0.9444444444444444,0.001,0.001,1.6E-4,0.001027,0.16,1.027,26342.0,24309.0,4287.0,100.0,49.999999999999986,?
wine,2,7,weka.classifiers.lazy.IBk,'-K 13 -W 0 -A \"weka.core.neighboursearch.LinearNNSearch -A \\\"weka.core.EuclideanDistance -R first-last\\\"\"',-3080186098777067172,2.01709181721E7,160.0,18.0,17.0,1.0,0.0,94.44444444444444,5.555555555555555,0.0,0.9162790697674418,0.04331359684216144,0.13967995677298095,9.851325049217184,29.76505211655754,28.294048978792915,2.426386280795571,25.867662697997343,1.5718916099329396,0.13479923782197617,1.4370923721109634,26.038142298900585,1.4465634610500324,1661.727981984104,1.0,6.0,0.08333333333333333,1.0,0.9166666666666666,11.0,0.0,0.0,0.8571428571428571,1.0,0.923076923076923,0.8864052604279183,1.0,1.0,0.9444444444444444,0.027777777777777776,0.9722222222222222,0.05555555555555555,0.9523809523809523,0.9444444444444444,0.9444444444444444,0.9179593547534967,1.0,1.0,0.9487179487179487,0.9444444444444444,0.0,0.001,1.4199999999999998E-4,9.67E-4,0.142,0.967,26342.0,24309.0,4287.0,100.0,44.44444444444444,?
wine,2,8,weka.classifiers.lazy.IBk,'-K 13 -W 0 -A \"weka.core.neighboursearch.LinearNNSearch -A \\\"weka.core.EuclideanDistance -R first-last\\\"\"',-3080186098777067172,2.01709181721E7,160.0,18.0,18.0,0.0,0.0,100.0,0.0,0.0,1.0,0.031933998328621496,0.09017145784871113,7.327503996051261,19.408348511910035,27.7803693778599,1.449514222317809,26.33085515554209,1.5433538543255498,0.08052856790654495,1.462825286419005,26.33085515554208,1.4628252864190043,1676.892733687887,1.0,6.0,0.0,0.0,1.0,12.0,0.0,0.0,1.0,1.0,1.0,1.0,1.0,1.0,1.0,0.0,1.0,0.0,1.0,1.0,1.0,1.0,1.0,1.0,1.0,1.0,0.0,0.001,1.6E-4,9.599999999999999E-4,0.16,0.96,26342.0,24309.0,4287.0,100.0,42.59259259259259,?
wine,2,9,weka.classifiers.lazy.IBk,'-K 13 -W 0 -A \"weka.core.neighboursearch.LinearNNSearch -A \\\"weka.core.EuclideanDistance -R first-last\\\"\"',-3080186098777067172,2.01709181721E7,161.0,17.0,16.0,1.0,0.0,94.11764705882354,5.882352941176471,0.0,0.9109947643979057,0.06991842538542133,0.14859636842964938,15.98681547084921,31.85396578262935,26.425071989008732,3.159846338190146,23.265225650818586,1.5544159993534548,0.18587331401118506,1.3685426853422697,23.265225650818582,1.3685426853422695,1482.9713363043184,1.0,6.0,0.0,0.0,1.0,11.0,0.0,0.0,1.0,1.0,1.0,1.0,1.0,1.0,0.9411764705882353,0.01809954751131222,0.9819004524886878,0.058823529411764705,0.9529411764705882,0.9411764705882353,0.9421820010055304,0.918617364818972,1.0,1.0,0.9373219373219372,0.9411764705882353,0.0,0.001,1.49E-4,0.0010400000000000001,0.149,1.04,26483.0,24450.0,4146.0,100.0,50.98039215686275,?
wine,2,10,weka.classifiers.lazy.IBk,'-K 13 -W 0 -A \"weka.core.neighboursearch.LinearNNSearch -A \\\"weka.core.EuclideanDistance -R first-last\\\"\"',-3080186098777067172,2.01709181721E7,161.0,17.0,17.0,0.0,0.0,100.0,0.0,0.0,1.0,0.06991842538542133,0.13385070055585585,15.908534002275953,28.536078039638024,26.717852726498453,2.985731715054451,23.732121011444,1.5716383956763795,0.17563127735614417,1.3960071183202354,23.732121011444,1.3960071183202354,1514.4536611670092,1.0,5.0,0.0,0.0,1.0,12.0,0.0,0.0,1.0,1.0,1.0,1.0,1.0,1.0,1.0,0.0,1.0,0.0,1.0,1.0,1.0,1.0,1.0,1.0,1.0,1.0,0.0,0.001,1.57E-4,9.98E-4,0.157,0.998,26483.0,24450.0,4146.0,100.0,49.01960784313727,?
wine,3,1,weka.classifiers.lazy.IBk,'-K 13 -W 0 -A \"weka.core.neighboursearch.LinearNNSearch -A \\\"weka.core.EuclideanDistance -R first-last\\\"\"',-3080186098777067172,2.01709181721E7,160.0,18.0,18.0,0.0,0.0,100.0,0.0,0.0,1.0,0.01770950018669656,0.05145215132400966,4.027881670369589,10.964178405046544,28.29404897879291,0.7495077329241211,27.54454124586879,1.5718916099329396,0.041639318495784505,1.530252291437155,27.544541245868803,1.5302522914371557,1757.8648435725045,1.0,6.0,0.0,0.0,1.0,12.0,0.0,0.0,1.0,1.0,1.0,1.0,1.0,1.0,1.0,0.0,1.0,0.0,1.0,1.0,1.0,1.0,1.0,1.0,1.0,1.0,0.0,0.002,1.49E-4,0.001148,0.149,1.148,26342.0,24309.0,4287.0,100.0,40.74074074074073,?
wine,3,2,weka.classifiers.lazy.IBk,'-K 13 -W 0 -A \"weka.core.neighboursearch.LinearNNSearch -A \\\"weka.core.EuclideanDistance -R first-last\\\"\"',-3080186098777067172,2.01709181721E7,160.0,18.0,17.0,1.0,0.0,94.44444444444444,5.555555555555555,0.0,0.9166666666666666,0.08029729201116627,0.17648084284741594,18.262965485330373,37.60712421657511,28.29404897879291,4.019258426288038,24.274790552504875,1.5718916099329396,0.2232921347937799,1.3485994751391597,24.274790552504882,1.3485994751391601,1549.1926518737837,1.0,6.0,0.0,0.0,1.0,12.0,0.0,0.0,1.0,1.0,1.0,1.0,1.0,1.0,0.9444444444444444,0.021367521367521368,0.9786324786324787,0.05555555555555555,0.9537037037037037,0.9444444444444444,0.9448329448329448,0.9216737177516987,1.0,1.0,0.944055944055944,0.9444444444444444,0.0,0.001,1.6E-4,0.0011330000000000001,0.16,1.133,26342.0,24309.0,4287.0,100.0,48.148148148148145,?
wine,3,3,weka.classifiers.lazy.IBk,'-K 13 -W 0 -A \"weka.core.neighboursearch.LinearNNSearch -A \\\"weka.core.EuclideanDistance -R first-last\\\"\"',-3080186098777067172,2.01709181721E7,160.0,18.0,18.0,0.0,0.0,100.0,0.0,0.0,1.0,0.04331359684216144,0.10164897248132125,9.851325049217182,21.660852662049976,28.29404897879291,1.943237325606695,26.350811653186216,1.5718916099329396,0.10795762920037194,1.4639339807325675,26.350811653186227,1.4639339807325682,1681.6822248467868,1.0,6.0,0.0,0.0,1.0,12.0,0.0,0.0,1.0,1.0,1.0,1.0,1.0,1.0,1.0,0.0,1.0,0.0,1.0,1.0,1.0,1.0,1.0,1.0,1.0,1.0,0.0,0.001,1.76E-4,0.001018,0.176,1.018,26342.0,24309.0,4287.0,100.0,46.29629629629629,?
wine,3,4,weka.classifiers.lazy.IBk,'-K 13 -W 0 -A \"weka.core.neighboursearch.LinearNNSearch -A \\\"weka.core.EuclideanDistance -R first-last\\\"\"',-3080186098777067172,2.01709181721E7,160.0,18.0,17.0,1.0,0.0,94.44444444444444,5.555555555555555,0.0,0.9162790697674418,0.06607279386924134,0.1842981379567126,15.027719163748376,39.27294801631253,28.29404897879291,4.261565431000648,24.032483547792264,1.5718916099329396,0.23675363505559155,1.335137974877348,24.91157144851236,1.3839761915840199,1589.831366461852,1.0,6.0,0.08333333333333333,1.0,0.9166666666666666,11.0,0.0,0.0,0.8571428571428571,1.0,0.923076923076923,0.8864052604279183,1.0,1.0,0.9444444444444444,0.027777777777777776,0.9722222222222222,0.05555555555555555,0.9523809523809523,0.9444444444444444,0.9444444444444444,0.9179593547534967,0.994949494949495,0.9930555555555556,0.9487179487179487,0.9444444444444444,0.001,0.001,1.58E-4,0.001082,0.158,1.082,26342.0,24309.0,4287.0,100.0,48.148148148148145,?
wine,3,5,weka.classifiers.lazy.IBk,'-K 13 -W 0 -A \"weka.core.neighboursearch.LinearNNSearch -A \\\"weka.core.EuclideanDistance -R first-last\\\"\"',-3080186098777067172,2.01709181721E7,160.0,18.0,18.0,0.0,0.0,100.0,0.0,0.0,1.0,0.034778897957006484,0.07713466516287322,7.9101772562679855,16.436984815922052,28.29404897879291,1.494156055881644,26.79989292291127,1.5718916099329396,0.08300866977120244,1.4888829401617372,26.799892922911283,1.488882940161738,1710.3421385810545,1.0,6.0,0.0,0.0,1.0,12.0,0.0,0.0,1.0,1.0,1.0,1.0,1.0,1.0,1.0,0.0,1.0,0.0,1.0,1.0,1.0,1.0,1.0,1.0,1.0,1.0,0.0,0.001,1.5099999999999998E-4,9.89E-4,0.151,0.989,26342.0,24309.0,4287.0,100.0,46.2962962962963,?
wine,3,6,weka.classifiers.lazy.IBk,'-K 13 -W 0 -A \"weka.core.neighboursearch.LinearNNSearch -A \\\"weka.core.EuclideanDistance -R first-last\\\"\"',-3080186098777067172,2.01709181721E7,160.0,18.0,16.0,2.0,0.0,88.88888888888889,11.11111111111111,0.0,0.8341013824884792,0.0945217901530912,0.24046998061996136,21.49821180691237,51.24286741621662,28.29404897879291,6.08466130165393,22.20938767713898,1.5718916099329396,0.3380367389807739,1.2338548709521655,23.07531583830709,1.2819619910170605,1472.6433852869345,1.0,6.0,0.08333333333333333,1.0,0.9166666666666666,11.0,0.0,0.0,0.8571428571428571,1.0,0.923076923076923,0.8864052604279183,1.0,1.0,0.8888888888888888,0.049145299145299144,0.9508547008547009,0.1111111111111111,0.9060846560846562,0.8888888888888888,0.8842916342916343,0.8414290862890192,1.0,1.0,0.8885003885003885,0.8888888888888888,0.0,0.001,1.56E-4,0.0010860000000000002,0.156,1.086,26342.0,24309.0,4287.0,100.0,44.444444444444436,?
wine,3,7,weka.classifiers.lazy.IBk,'-K 13 -W 0 -A \"weka.core.neighboursearch.LinearNNSearch -A \\\"weka.core.EuclideanDistance -R first-last\\\"\"',-3080186098777067172,2.01709181721E7,160.0,18.0,18.0,0.0,0.0,100.0,0.0,0.0,1.0,0.07745239238278129,0.13508707756640803,17.615916221013975,28.7863341092855,28.29404897879291,3.463412541290978,24.830636437501934,1.5718916099329396,0.1924118078494988,1.3794798020834407,24.830636437501948,1.3794798020834416,1584.666175682329,1.0,6.0,0.0,0.0,1.0,12.0,0.0,0.0,1.0,1.0,1.0,1.0,1.0,1.0,1.0,0.0,1.0,0.0,1.0,1.0,1.0,1.0,1.0,1.0,1.0,1.0,0.001,0.001,1.57E-4,0.0010229999999999998,0.157,1.023,26342.0,24309.0,4287.0,100.0,55.55555555555556,?
wine,3,8,weka.classifiers.lazy.IBk,'-K 13 -W 0 -A \"weka.core.neighboursearch.LinearNNSearch -A \\\"weka.core.EuclideanDistance -R first-last\\\"\"',-3080186098777067172,2.01709181721E7,160.0,18.0,17.0,1.0,0.0,94.44444444444444,5.555555555555555,0.0,0.9162790697674418,0.04046869721377647,0.12213682759213322,9.204275784900785,26.02670506649287,28.29404897879291,2.0116411269651686,26.28240785182774,1.5718916099329396,0.11175784038695381,1.4601337695459857,26.282407851827756,1.4601337695459864,1677.3167632294942,1.0,6.0,0.08333333333333333,1.0,0.9166666666666666,11.0,0.0,0.0,0.8571428571428571,1.0,0.923076923076923,0.8864052604279183,1.0,1.0,0.9444444444444444,0.027777777777777776,0.9722222222222222,0.05555555555555555,0.9523809523809523,0.9444444444444444,0.9444444444444444,0.9179593547534967,1.0,1.0,0.9487179487179487,0.9444444444444444,0.0,0.001,1.58E-4,0.001135,0.158,1.135,26342.0,24309.0,4287.0,100.0,40.74074074074073,?
wine,3,9,weka.classifiers.lazy.IBk,'-K 13 -W 0 -A \"weka.core.neighboursearch.LinearNNSearch -A \\\"weka.core.EuclideanDistance -R first-last\\\"\"',-3080186098777067172,2.01709181721E7,161.0,17.0,17.0,0.0,0.0,100.0,0.0,0.0,1.0,0.027746594821134545,0.06659963036987518,6.344246011043451,14.27667694276216,26.42507198900873,1.114323902727876,25.310748086280853,1.5544159993534545,0.06554846486634565,1.488867534487109,25.310748086280853,1.488867534487109,1613.3569678509962,1.0,6.0,0.0,0.0,1.0,11.0,0.0,0.0,1.0,1.0,1.0,1.0,1.0,1.0,1.0,0.0,1.0,0.0,1.0,1.0,1.0,1.0,1.0,1.0,1.0,1.0,0.0,0.001,1.57E-4,0.001123,0.157,1.123,26483.0,24450.0,4146.0,100.0,43.13725490196078,?
wine,3,10,weka.classifiers.lazy.IBk,'-K 13 -W 0 -A \"weka.core.neighboursearch.LinearNNSearch -A \\\"weka.core.EuclideanDistance -R first-last\\\"\"',-3080186098777067172,2.01709181721E7,161.0,17.0,16.0,1.0,0.0,94.11764705882354,5.882352941176471,0.0,0.9095744680851063,0.060881604550217,0.14932959530337078,13.981706217957585,32.17126656888901,26.204173125565426,2.8400274841794815,23.364145641385946,1.5414219485626721,0.16706044024585184,1.3743615083168204,23.36414564138595,1.3743615083168206,1487.8711608691158,1.0,5.0,0.0,0.0,1.0,12.0,0.0,0.0,1.0,1.0,1.0,1.0,1.0,1.0,0.9411764705882353,0.01809954751131222,0.9819004524886878,0.058823529411764705,0.9529411764705882,0.9411764705882353,0.9424836601307189,0.9139204197122833,1.0,1.0,0.9407407407407408,0.9411764705882353,0.0,0.001,1.4399999999999998E-4,9.9E-4,0.144,0.99,26483.0,24450.0,4146.0,100.0,45.09803921568627,?
wine,4,1,weka.classifiers.lazy.IBk,'-K 13 -W 0 -A \"weka.core.neighboursearch.LinearNNSearch -A \\\"weka.core.EuclideanDistance -R first-last\\\"\"',-3080186098777067172,2.01709181721E7,160.0,18.0,18.0,0.0,0.0,100.0,0.0,0.0,1.0,0.060382994612471354,0.1443821793761074,13.733620635115578,30.76707061713018,28.294048978792915,2.927274135029573,25.36677484376334,1.5718916099329396,0.1626263408349763,1.4092652690979635,25.36677484376335,1.409265269097964,1618.8819880730057,1.0,6.0,0.0,0.0,1.0,12.0,0.0,0.0,1.0,1.0,1.0,1.0,1.0,1.0,1.0,0.0,1.0,0.0,1.0,1.0,1.0,1.0,1.0,1.0,1.0,1.0,0.0,0.001,1.63E-4,0.00111,0.163,1.11,26342.0,24309.0,4287.0,100.0,46.2962962962963,?
wine,4,2,weka.classifiers.lazy.IBk,'-K 13 -W 0 -A \"weka.core.neighboursearch.LinearNNSearch -A \\\"weka.core.EuclideanDistance -R first-last\\\"\"',-3080186098777067172,2.01709181721E7,160.0,18.0,18.0,0.0,0.0,100.0,0.0,0.0,1.0,0.04331359684216144,0.11381912259667949,9.851325049217184,24.25424659500141,28.294048978792915,2.0347834480996645,26.259265530693252,1.5718916099329396,0.1130435248944258,1.458848085038514,26.25926553069325,1.4588480850385137,1675.8398436337786,1.0,6.0,0.0,0.0,1.0,12.0,0.0,0.0,1.0,1.0,1.0,1.0,1.0,1.0,1.0,0.0,1.0,0.0,1.0,1.0,1.0,1.0,1.0,1.0,1.0,1.0,0.0,0.001,1.55E-4,0.0010249999999999999,0.155,1.025,26342.0,24309.0,4287.0,100.0,44.44444444444443,?
wine,4,3,weka.classifiers.lazy.IBk,'-K 13 -W 0 -A \"weka.core.neighboursearch.LinearNNSearch -A \\\"weka.core.EuclideanDistance -R first-last\\\"\"',-3080186098777067172,2.01709181721E7,160.0,18.0,17.0,1.0,0.0,94.44444444444444,5.555555555555555,0.0,0.9162790697674418,0.04615849647054643,0.16744251129025597,10.498374313533583,35.68110407695811,28.294048978792915,3.3087178942222013,24.985331084570714,1.5718916099329396,0.1838176607901223,1.3880739491428173,25.864418985290797,1.4369121658494888,1650.6411353099243,1.0,6.0,0.08333333333333333,1.0,0.9166666666666666,11.0,0.0,0.0,0.8571428571428571,1.0,0.923076923076923,0.8864052604279183,1.0,1.0,0.9444444444444444,0.027777777777777776,0.9722222222222222,0.05555555555555555,0.9523809523809523,0.9444444444444444,0.9444444444444444,0.9179593547534967,1.0,1.0,0.9487179487179487,0.9444444444444444,0.0,0.002,1.56E-4,0.001105,0.156,1.105,26342.0,24309.0,4287.0,100.0,42.59259259259259,?
wine,4,4,weka.classifiers.lazy.IBk,'-K 13 -W 0 -A \"weka.core.neighboursearch.LinearNNSearch -A \\\"weka.core.EuclideanDistance -R first-last\\\"\"',-3080186098777067172,2.01709181721E7,160.0,18.0,17.0,1.0,0.0,94.44444444444444,5.555555555555555,0.0,0.9162790697674418,0.057538094984086366,0.1674914440540951,13.086571370799179,35.69153138735774,28.294048978792915,3.392882528450001,24.901166450342913,1.5718916099329396,0.1884934738027778,1.383398136130162,25.334130530926966,1.4074516961626093,1616.7986609496593,1.0,6.0,0.08333333333333333,1.0,0.9166666666666666,11.0,0.0,0.0,0.8571428571428571,1.0,0.923076923076923,0.8864052604279183,1.0,1.0,0.9444444444444444,0.027777777777777776,0.9722222222222222,0.05555555555555555,0.9523809523809523,0.9444444444444444,0.9444444444444444,0.9179593547534967,1.0,1.0,0.9487179487179487,0.9444444444444444,0.0,0.001,1.65E-4,9.39E-4,0.165,0.939,26342.0,24309.0,4287.0,100.0,44.44444444444444,?
wine,4,5,weka.classifiers.lazy.IBk,'-K 13 -W 0 -A \"weka.core.neighboursearch.LinearNNSearch -A \\\"weka.core.EuclideanDistance -R first-last\\\"\"',-3080186098777067172,2.01709181721E7,160.0,18.0,18.0,0.0,0.0,100.0,0.0,0.0,1.0,0.03477889795700648,0.07276116274666163,7.910177256267986,15.505014829977663,28.294048978792915,1.4721539006364999,26.821895078156416,1.5718916099329396,0.08178632781313888,1.4901052821198009,26.821895078156423,1.4901052821198013,1711.7462939395705,1.0,6.0,0.0,0.0,1.0,12.0,0.0,0.0,1.0,1.0,1.0,1.0,1.0,1.0,1.0,0.0,1.0,0.0,1.0,1.0,1.0,1.0,1.0,1.0,1.0,1.0,0.0,0.001,1.5099999999999998E-4,7.48E-4,0.151,0.748,26342.0,24309.0,4287.0,100.0,46.2962962962963,?
wine,4,6,weka.classifiers.lazy.IBk,'-K 13 -W 0 -A \"weka.core.neighboursearch.LinearNNSearch -A \\\"weka.core.EuclideanDistance -R first-last\\\"\"',-3080186098777067172,2.01709181721E7,160.0,18.0,18.0,0.0,0.0,100.0,0.0,0.0,1.0,0.04615849647054643,0.09028498416533663,10.498374313533583,19.239247499134702,28.294048978792915,2.01431952167772,26.279729457115195,1.5718916099329396,0.11190664009320667,1.4599849698397331,26.279729457115202,1.4599849698397334,1677.1458307801067,1.0,6.0,0.0,0.0,1.0,12.0,0.0,0.0,1.0,1.0,1.0,1.0,1.0,1.0,1.0,0.0,1.0,0.0,1.0,1.0,1.0,1.0,1.0,1.0,1.0,1.0,0.0,0.001,1.61E-4,7.700000000000001E-4,0.161,0.77,26342.0,24309.0,4287.0,100.0,51.85185185185185,?
wine,4,7,weka.classifiers.lazy.IBk,'-K 13 -W 0 -A \"weka.core.neighboursearch.LinearNNSearch -A \\\"weka.core.EuclideanDistance -R first-last\\\"\"',-3080186098777067172,2.01709181721E7,160.0,18.0,17.0,1.0,0.0,94.44444444444444,5.555555555555555,0.0,0.9166666666666666,0.07460749275439627,0.19638504002650536,16.96886695669757,41.84860223576386,28.294048978792915,4.686395778255939,23.607653200536976,1.5718916099329396,0.2603553210142188,1.311536288918721,24.48674110125706,1.3603745056253922,1562.7191221424882,1.0,6.0,0.0,0.0,1.0,12.0,0.0,0.0,1.0,1.0,1.0,1.0,1.0,1.0,0.9444444444444444,0.021367521367521368,0.9786324786324787,0.05555555555555555,0.9537037037037037,0.9444444444444444,0.9448329448329448,0.9216737177516987,0.9924242424242424,0.9876543209876544,0.944055944055944,0.9444444444444444,0.0,0.001,1.63E-4,7.66E-4,0.163,0.766,26342.0,24309.0,4287.0,100.0,44.44444444444446,?
wine,4,8,weka.classifiers.lazy.IBk,'-K 13 -W 0 -A \"weka.core.neighboursearch.LinearNNSearch -A \\\"weka.core.EuclideanDistance -R first-last\\\"\"',-3080186098777067172,2.01709181721E7,160.0,18.0,15.0,3.0,0.0,83.33333333333333,16.666666666666668,0.0,0.7545454545454546,0.11728098718017109,0.22890065244145077,26.911033606878668,49.26818023327287,27.7803693778599,6.326898618932359,21.45347075892754,1.5433538543255498,0.3514943677184644,1.1918594866070855,21.475381920270127,1.1930767733483405,1367.669666729129,1.0,6.0,0.0,0.0,1.0,12.0,0.0,0.0,1.0,1.0,1.0,1.0,1.0,1.0,0.8333333333333334,0.047619047619047616,0.9523809523809523,0.16666666666666666,0.9047619047619047,0.8333333333333334,0.8368298368298368,0.7904021966274584,1.0,1.0,0.8321678321678322,0.8333333333333334,0.0,0.001,1.53E-4,7.700000000000001E-4,0.153,0.77,26342.0,24309.0,4287.0,100.0,53.7037037037037,?
wine,4,9,weka.classifiers.lazy.IBk,'-K 13 -W 0 -A \"weka.core.neighboursearch.LinearNNSearch -A \\\"weka.core.EuclideanDistance -R first-last\\\"\"',-3080186098777067172,2.01709181721E7,161.0,17.0,17.0,0.0,0.0,100.0,0.0,0.0,1.0,0.03678341565633886,0.08898972247227589,8.410510895287542,19.07634489721457,26.425071989008732,1.5291126400368147,24.895959348971918,1.5544159993534548,0.08994780235510674,1.4644681969983482,24.89595934897191,1.4644681969983477,1586.9175162298002,1.0,6.0,0.0,0.0,1.0,11.0,0.0,0.0,1.0,1.0,1.0,1.0,1.0,1.0,1.0,0.0,1.0,0.0,1.0,1.0,1.0,1.0,1.0,1.0,1.0,1.0,0.0,0.001,1.5900000000000002E-4,7.72E-4,0.159,0.772,26483.0,24450.0,4146.0,100.0,43.13725490196078,?
wine,4,10,weka.classifiers.lazy.IBk,'-K 13 -W 0 -A \"weka.core.neighboursearch.LinearNNSearch -A \\\"weka.core.EuclideanDistance -R first-last\\\"\"',-3080186098777067172,2.01709181721E7,161.0,17.0,17.0,0.0,0.0,100.0,0.0,0.0,1.0,0.03075886843286932,0.07324854293121066,6.998562991635446,15.61610158702571,26.717852726498453,1.2561842675955037,25.46166845890295,1.5716383956763795,0.07389319221150022,1.4977452034648793,25.461668458902945,1.497745203464879,1624.8238831418246,1.0,5.0,0.0,0.0,1.0,12.0,0.0,0.0,1.0,1.0,1.0,1.0,1.0,1.0,1.0,0.0,1.0,0.0,1.0,1.0,1.0,1.0,1.0,1.0,1.0,1.0,0.0,0.001,1.62E-4,8.33E-4,0.162,0.833,26483.0,24450.0,4146.0,100.0,47.058823529411754,?
wine,5,1,weka.classifiers.lazy.IBk,'-K 13 -W 0 -A \"weka.core.neighboursearch.LinearNNSearch -A \\\"weka.core.EuclideanDistance -R first-last\\\"\"',-3080186098777067172,2.01709181721E7,160.0,18.0,18.0,0.0,0.0,100.0,0.0,0.0,1.0,0.029089098700236498,0.0960177628120507,6.643545582757697,20.557656789205854,28.073150115349602,1.389157372469271,26.68399274288033,1.5596194508527557,0.07717540958162616,1.4824440412711295,26.683992742880346,1.4824440412711304,1701.3265190498616,1.0,5.0,0.0,0.0,1.0,13.0,0.0,0.0,1.0,1.0,1.0,1.0,1.0,1.0,1.0,0.0,1.0,0.0,1.0,1.0,1.0,1.0,1.0,1.0,1.0,1.0,0.0,0.001,1.77E-4,7.68E-4,0.177,0.768,26342.0,24309.0,4287.0,100.0,40.74074074074073,?
wine,5,2,weka.classifiers.lazy.IBk,'-K 13 -W 0 -A \"weka.core.neighboursearch.LinearNNSearch -A \\\"weka.core.EuclideanDistance -R first-last\\\"\"',-3080186098777067172,2.01709181721E7,160.0,18.0,18.0,0.0,0.0,100.0,0.0,0.0,1.0,0.046158496470546435,0.10273818264269541,10.498374313533583,21.892957524967983,28.29404897879291,2.0567409439603805,26.23730803483253,1.5718916099329396,0.1142633857755767,1.4576282241573628,26.237308034832544,1.4576282241573635,1674.438538392138,1.0,6.0,0.0,0.0,1.0,12.0,0.0,0.0,1.0,1.0,1.0,1.0,1.0,1.0,1.0,0.0,1.0,0.0,1.0,1.0,1.0,1.0,1.0,1.0,1.0,1.0,0.0,0.001,2.61E-4,7.95E-4,0.261,0.795,26342.0,24309.0,4287.0,100.0,46.29629629629629,?
wine,5,3,weka.classifiers.lazy.IBk,'-K 13 -W 0 -A \"weka.core.neighboursearch.LinearNNSearch -A \\\"weka.core.EuclideanDistance -R first-last\\\"\"',-3080186098777067172,2.01709181721E7,160.0,18.0,16.0,2.0,0.0,88.88888888888889,11.11111111111111,0.0,0.8341013824884792,0.08883199089632123,0.20673536792194125,20.20411327827957,44.0542017816731,28.29404897879291,5.060092881725812,23.2339560970671,1.5718916099329396,0.28111627120698957,1.29077533872595,23.666920177651164,1.314828898758398,1510.398977589415,1.0,6.0,0.08333333333333333,1.0,0.9166666666666666,11.0,0.0,0.0,0.8571428571428571,1.0,0.923076923076923,0.8864052604279183,1.0,1.0,0.8888888888888888,0.049145299145299144,0.9508547008547009,0.1111111111111111,0.9060846560846562,0.8888888888888888,0.8842916342916343,0.8414290862890192,1.0,1.0,0.8885003885003885,0.8888888888888888,0.0,0.001,1.58E-4,7.8E-4,0.158,0.78,26342.0,24309.0,4287.0,100.0,50.0,?
wine,5,4,weka.classifiers.lazy.IBk,'-K 13 -W 0 -A \"weka.core.neighboursearch.LinearNNSearch -A \\\"weka.core.EuclideanDistance -R first-last\\\"\"',-3080186098777067172,2.01709181721E7,160.0,18.0,18.0,0.0,0.0,100.0,0.0,0.0,1.0,0.04331359684216144,0.09382350888899238,9.851325049217182,19.993288202243754,28.29404897879291,1.9092761788809187,26.384772799911993,1.5718916099329396,0.1060708988267177,1.4658207111062218,26.384772799912007,1.4658207111062227,1683.8495909809244,1.0,6.0,0.0,0.0,1.0,12.0,0.0,0.0,1.0,1.0,1.0,1.0,1.0,1.0,1.0,0.0,1.0,0.0,1.0,1.0,1.0,1.0,1.0,1.0,1.0,1.0,0.0,0.001,1.9E-4,8.15E-4,0.19,0.815,26342.0,24309.0,4287.0,100.0,50.0,?
wine,5,5,weka.classifiers.lazy.IBk,'-K 13 -W 0 -A \"weka.core.neighboursearch.LinearNNSearch -A \\\"weka.core.EuclideanDistance -R first-last\\\"\"',-3080186098777067172,2.01709181721E7,160.0,18.0,17.0,1.0,0.0,94.44444444444444,5.555555555555555,0.0,0.9166666666666666,0.031933998328621524,0.14871576964845662,7.263127991951593,31.690535538571456,28.29404897879291,2.253533349530719,26.04051562926219,1.5718916099329396,0.12519629719615105,1.4466953127367885,26.473479709846252,1.4707488727692362,1689.510776511787,1.0,6.0,0.0,0.0,1.0,12.0,0.0,0.0,1.0,1.0,1.0,1.0,1.0,1.0,0.9444444444444444,0.021367521367521368,0.9786324786324787,0.05555555555555555,0.9537037037037037,0.9444444444444444,0.9448329448329448,0.9216737177516987,1.0,1.0,0.944055944055944,0.9444444444444444,0.0,0.001,1.54E-4,7.39E-4,0.154,0.739,26342.0,24309.0,4287.0,100.0,37.037037037037024,?
wine,5,6,weka.classifiers.lazy.IBk,'-K 13 -W 0 -A \"weka.core.neighboursearch.LinearNNSearch -A \\\"weka.core.EuclideanDistance -R first-last\\\"\"',-3080186098777067172,2.01709181721E7,160.0,18.0,18.0,0.0,0.0,100.0,0.0,0.0,1.0,0.04046869721377647,0.08653100009894385,9.204275784900785,18.43929356184567,28.29404897879291,1.7469971032664038,26.547051875526506,1.5718916099329396,0.09705539462591133,1.474836215307028,26.54705187552652,1.474836215307029,1694.2060779277886,1.0,6.0,0.0,0.0,1.0,12.0,0.0,0.0,1.0,1.0,1.0,1.0,1.0,1.0,1.0,0.0,1.0,0.0,1.0,1.0,1.0,1.0,1.0,1.0,1.0,1.0,0.0,0.001,1.47E-4,7.37E-4,0.147,0.737,26342.0,24309.0,4287.0,100.0,46.296296296296276,?
wine,5,7,weka.classifiers.lazy.IBk,'-K 13 -W 0 -A \"weka.core.neighboursearch.LinearNNSearch -A \\\"weka.core.EuclideanDistance -R first-last\\\"\"',-3080186098777067172,2.01709181721E7,160.0,18.0,18.0,0.0,0.0,100.0,0.0,0.0,1.0,0.06607279386924136,0.14591591706810234,15.027719163748383,31.093901920561603,28.29404897879291,3.2283879968593547,25.065660981933558,1.5718916099329396,0.1793548887144086,1.392536721218531,25.06566098193357,1.3925367212185316,1599.6652050851133,1.0,6.0,0.0,0.0,1.0,12.0,0.0,0.0,1.0,1.0,1.0,1.0,1.0,1.0,1.0,0.0,1.0,0.0,1.0,1.0,1.0,1.0,1.0,1.0,1.0,1.0,0.0,0.001,1.56E-4,7.53E-4,0.156,0.753,26342.0,24309.0,4287.0,100.0,51.85185185185183,?
wine,5,8,weka.classifiers.lazy.IBk,'-K 13 -W 0 -A \"weka.core.neighboursearch.LinearNNSearch -A \\\"weka.core.EuclideanDistance -R first-last\\\"\"',-3080186098777067172,2.01709181721E7,160.0,18.0,18.0,0.0,0.0,100.0,0.0,0.0,1.0,0.06038299461247137,0.14132275365513955,13.73362063511558,30.115123350427137,28.29404897879291,2.8822547025728142,25.411794276220096,1.5718916099329396,0.16012526125404525,1.4117663486788943,25.41179427622011,1.411766348678895,1621.755082850186,1.0,6.0,0.0,0.0,1.0,12.0,0.0,0.0,1.0,1.0,1.0,1.0,1.0,1.0,1.0,0.0,1.0,0.0,1.0,1.0,1.0,1.0,1.0,1.0,1.0,1.0,0.0,0.001,1.61E-4,7.42E-4,0.161,0.742,26342.0,24309.0,4287.0,100.0,44.44444444444443,?
wine,5,9,weka.classifiers.lazy.IBk,'-K 13 -W 0 -A \"weka.core.neighboursearch.LinearNNSearch -A \\\"weka.core.EuclideanDistance -R first-last\\\"\"',-3080186098777067172,2.01709181721E7,161.0,17.0,16.0,1.0,0.0,94.11764705882354,5.882352941176471,0.0,0.91005291005291,0.07594297260889082,0.21048075258984347,17.364325393678595,45.11985563141912,26.42507198900873,5.417549560771702,21.007522428237024,1.5544159993534545,0.3186793859277472,1.2357366134257073,22.753766772822367,1.338456868989551,1450.3699393890013,1.0,6.0,0.09090909090909091,1.0,0.9090909090909091,10.0,0.0,0.0,0.8571428571428571,1.0,0.923076923076923,0.8827348295047495,0.9848484848484849,0.9523809523809523,0.9411764705882353,0.0320855614973262,0.9679144385026737,0.058823529411764705,0.9495798319327731,0.9411764705882353,0.9411764705882353,0.9103266343271613,0.9887700534759358,0.9701213818860877,0.9487179487179487,0.9411764705882353,0.0,0.001,1.76E-4,7.67E-4,0.176,0.767,26483.0,24450.0,4146.0,100.0,45.09803921568626,?
wine,5,10,weka.classifiers.lazy.IBk,'-K 13 -W 0 -A \"weka.core.neighboursearch.LinearNNSearch -A \\\"weka.core.EuclideanDistance -R first-last\\\"\"',-3080186098777067172,2.01709181721E7,161.0,17.0,17.0,0.0,0.0,100.0,0.0,0.0,1.0,0.07594297260889088,0.16416004207533438,17.36432539367861,35.19028370884011,26.42507198900873,3.520385814726189,22.90468617428254,1.5544159993534545,0.20708151851330522,1.3473344808401493,22.90468617428254,1.3473344808401493,1459.9898394843935,1.0,6.0,0.0,0.0,1.0,11.0,0.0,0.0,1.0,1.0,1.0,1.0,1.0,1.0,1.0,0.0,1.0,0.0,1.0,1.0,1.0,1.0,1.0,1.0,1.0,1.0,0.0,0.001,1.88E-4,7.880000000000001E-4,0.188,0.788,26483.0,24450.0,4146.0,100.0,49.01960784313725,?
wine,6,1,weka.classifiers.lazy.IBk,'-K 13 -W 0 -A \"weka.core.neighboursearch.LinearNNSearch -A \\\"weka.core.EuclideanDistance -R first-last\\\"\"',-3080186098777067172,2.01709181721E7,160.0,18.0,18.0,0.0,0.0,100.0,0.0,0.0,1.0,0.0319339983286215,0.08258179145233596,7.263127991951589,17.597738310103345,28.294048978792915,1.405176972319027,26.88887200647389,1.5718916099329396,0.07806538735105706,1.4938262225818828,26.88887200647389,1.4938262225818828,1716.0206939583911,1.0,6.0,0.0,0.0,1.0,12.0,0.0,0.0,1.0,1.0,1.0,1.0,1.0,1.0,1.0,0.0,1.0,0.0,1.0,1.0,1.0,1.0,1.0,1.0,1.0,1.0,0.0,0.001,2.08E-4,8.23E-4,0.208,0.823,26342.0,24309.0,4287.0,100.0,42.59259259259258,?
wine,6,2,weka.classifiers.lazy.IBk,'-K 13 -W 0 -A \"weka.core.neighboursearch.LinearNNSearch -A \\\"weka.core.EuclideanDistance -R first-last\\\"\"',-3080186098777067172,2.01709181721E7,160.0,18.0,17.0,1.0,0.0,94.44444444444444,5.555555555555555,0.0,0.9162790697674418,0.06038299461247135,0.17824807567105522,13.733620635115578,37.98371208439073,28.294048978792915,3.954343969852596,24.33970500894032,1.5718916099329396,0.219685776102922,1.3522058338300178,25.218792909660404,1.4010440505366892,1609.4379302787072,1.0,6.0,0.08333333333333333,1.0,0.9166666666666666,11.0,0.0,0.0,0.8571428571428571,1.0,0.923076923076923,0.8864052604279183,0.9791666666666666,0.9484126984126984,0.9444444444444444,0.027777777777777776,0.9722222222222222,0.05555555555555555,0.9523809523809523,0.9444444444444444,0.9444444444444444,0.9179593547534967,0.985479797979798,0.9704585537918872,0.9487179487179487,0.9444444444444444,0.0,0.001,1.71E-4,7.48E-4,0.171,0.748,26342.0,24309.0,4287.0,100.0,46.29629629629629,?
wine,6,3,weka.classifiers.lazy.IBk,'-K 13 -W 0 -A \"weka.core.neighboursearch.LinearNNSearch -A \\\"weka.core.EuclideanDistance -R first-last\\\"\"',-3080186098777067172,2.01709181721E7,160.0,18.0,17.0,1.0,0.0,94.44444444444444,5.555555555555555,0.0,0.9162790697674418,0.06891769349762632,0.200766220678652,15.674768428064777,42.78220841274131,28.294048978792915,4.5449135685718645,23.74913541022105,1.5718916099329396,0.25249519825399247,1.3193964116789472,24.628223310941134,1.3682346283856186,1571.748374079363,1.0,6.0,0.08333333333333333,1.0,0.9166666666666666,11.0,0.0,0.0,0.8571428571428571,1.0,0.923076923076923,0.8864052604279183,1.0,1.0,0.9444444444444444,0.027777777777777776,0.9722222222222222,0.05555555555555555,0.9523809523809523,0.9444444444444444,0.9444444444444444,0.9179593547534967,1.0,1.0,0.9487179487179487,0.9444444444444444,0.001,0.0,2.3E-4,7.880000000000001E-4,0.23,0.788,26342.0,24309.0,4287.0,100.0,42.59259259259259,?
wine,6,4,weka.classifiers.lazy.IBk,'-K 13 -W 0 -A \"weka.core.neighboursearch.LinearNNSearch -A \\\"weka.core.EuclideanDistance -R first-last\\\"\"',-3080186098777067172,2.01709181721E7,160.0,18.0,17.0,1.0,0.0,94.44444444444444,5.555555555555555,0.0,0.9166666666666666,0.05184829572731641,0.14050375622162756,11.792472842166386,29.94059937537013,28.294048978792915,2.609202283736151,25.684846695056763,1.5718916099329396,0.14495568242978615,1.4269359275031535,25.684846695056773,1.4269359275031541,1639.1810128462932,1.0,6.0,0.0,0.0,1.0,12.0,0.0,0.0,1.0,1.0,1.0,1.0,1.0,1.0,0.9444444444444444,0.021367521367521368,0.9786324786324787,0.05555555555555555,0.9537037037037037,0.9444444444444444,0.9448329448329448,0.9216737177516987,1.0,1.0,0.944055944055944,0.9444444444444444,0.0,0.001,1.94E-4,7.61E-4,0.194,0.761,26342.0,24309.0,4287.0,100.0,46.2962962962963,?
wine,6,5,weka.classifiers.lazy.IBk,'-K 13 -W 0 -A \"weka.core.neighboursearch.LinearNNSearch -A \\\"weka.core.EuclideanDistance -R first-last\\\"\"',-3080186098777067172,2.01709181721E7,160.0,18.0,18.0,0.0,0.0,100.0,0.0,0.0,1.0,0.05184829572731639,0.13735797207174893,11.79247284216638,29.270249589102942,28.294048978792915,2.5445322705484488,25.749516708244467,1.5718916099329396,0.14136290391935827,1.4305287060135816,25.749516708244464,1.4305287060135814,1643.3081878680616,1.0,6.0,0.0,0.0,1.0,12.0,0.0,0.0,1.0,1.0,1.0,1.0,1.0,1.0,1.0,0.0,1.0,0.0,1.0,1.0,1.0,1.0,1.0,1.0,1.0,1.0,0.001,0.001,1.6800000000000002E-4,7.85E-4,0.168,0.785,26342.0,24309.0,4287.0,100.0,42.59259259259258,?
wine,6,6,weka.classifiers.lazy.IBk,'-K 13 -W 0 -A \"weka.core.neighboursearch.LinearNNSearch -A \\\"weka.core.EuclideanDistance -R first-last\\\"\"',-3080186098777067172,2.01709181721E7,160.0,18.0,17.0,1.0,0.0,94.44444444444444,5.555555555555555,0.0,0.9166666666666666,0.060382994612471354,0.17946983866598817,13.733620635115578,38.24406324756703,28.294048978792915,3.639747139749514,24.654301839043402,1.5718916099329396,0.20220817443052855,1.3696834355024112,25.08726591962745,1.3937369955348582,1601.0440104201027,1.0,6.0,0.0,0.0,1.0,12.0,0.0,0.0,1.0,1.0,1.0,1.0,1.0,1.0,0.9444444444444444,0.021367521367521368,0.9786324786324787,0.05555555555555555,0.9537037037037037,0.9444444444444444,0.9448329448329448,0.9216737177516987,1.0,1.0,0.944055944055944,0.9444444444444444,0.0,0.001,1.6800000000000002E-4,9.41E-4,0.168,0.941,26342.0,24309.0,4287.0,100.0,42.59259259259259,?
wine,6,7,weka.classifiers.lazy.IBk,'-K 13 -W 0 -A \"weka.core.neighboursearch.LinearNNSearch -A \\\"weka.core.EuclideanDistance -R first-last\\\"\"',-3080186098777067172,2.01709181721E7,160.0,18.0,18.0,0.0,0.0,100.0,0.0,0.0,1.0,0.04046869721377645,0.08396765727208201,9.204275784900785,17.893058908020915,28.294048978792915,1.7350381117857705,26.559010867007146,1.5718916099329396,0.09639100621032058,1.4755006037226193,26.559010867007146,1.4755006037226193,1694.9692887034091,1.0,6.0,0.0,0.0,1.0,12.0,0.0,0.0,1.0,1.0,1.0,1.0,1.0,1.0,1.0,0.0,1.0,0.0,1.0,1.0,1.0,1.0,1.0,1.0,1.0,1.0,0.001,0.0,2.14E-4,7.95E-4,0.214,0.795,26342.0,24309.0,4287.0,100.0,46.29629629629629,?
wine,6,8,weka.classifiers.lazy.IBk,'-K 13 -W 0 -A \"weka.core.neighboursearch.LinearNNSearch -A \\\"weka.core.EuclideanDistance -R first-last\\\"\"',-3080186098777067172,2.01709181721E7,160.0,18.0,18.0,0.0,0.0,100.0,0.0,0.0,1.0,0.0518482957273164,0.10591930211408829,11.896994238577655,22.79788725405307,27.7803693778599,2.291685103853548,25.48868427400635,1.5433538543255498,0.1273158391029749,1.4160380152225749,25.488684274006335,1.4160380152225742,1623.25869015119,1.0,6.0,0.0,0.0,1.0,12.0,0.0,0.0,1.0,1.0,1.0,1.0,1.0,1.0,1.0,0.0,1.0,0.0,1.0,1.0,1.0,1.0,1.0,1.0,1.0,1.0,0.0,0.001,1.66E-4,7.51E-4,0.166,0.751,26342.0,24309.0,4287.0,100.0,50.0,?
wine,6,9,weka.classifiers.lazy.IBk,'-K 13 -W 0 -A \"weka.core.neighboursearch.LinearNNSearch -A \\\"weka.core.EuclideanDistance -R first-last\\\"\"',-3080186098777067172,2.01709181721E7,161.0,17.0,17.0,0.0,0.0,100.0,0.0,0.0,1.0,0.048832510103277944,0.11614464017722415,11.16553074094633,24.897428067312735,26.425071989008732,2.134197158171696,24.290874830837037,1.5544159993534548,0.1255410093042174,1.4288749900492375,24.29087483083703,1.428874990049237,1548.3482364857214,1.0,6.0,0.0,0.0,1.0,11.0,0.0,0.0,1.0,1.0,1.0,1.0,1.0,1.0,1.0,0.0,1.0,0.0,1.0,1.0,1.0,1.0,1.0,1.0,1.0,1.0,0.0,0.001,1.74E-4,7.23E-4,0.174,0.723,26483.0,24450.0,4146.0,100.0,47.05882352941177,?
wine,6,10,weka.classifiers.lazy.IBk,'-K 13 -W 0 -A \"weka.core.neighboursearch.LinearNNSearch -A \\\"weka.core.EuclideanDistance -R first-last\\\"\"',-3080186098777067172,2.01709181721E7,161.0,17.0,17.0,0.0,0.0,100.0,0.0,0.0,1.0,0.057869330938482254,0.13291870633605343,13.167004460540415,28.337383078174785,26.717852726498453,2.581364422172831,24.13648830432562,1.5716383956763795,0.15184496601016653,1.419793429666213,24.13648830432562,1.419793429666213,1540.2581616103305,1.0,5.0,0.0,0.0,1.0,12.0,0.0,0.0,1.0,1.0,1.0,1.0,1.0,1.0,1.0,0.0,1.0,0.0,1.0,1.0,1.0,1.0,1.0,1.0,1.0,1.0,0.0,0.001,1.7199999999999998E-4,7.58E-4,0.172,0.758,26483.0,24450.0,4146.0,100.0,49.01960784313726,?
wine,7,1,weka.classifiers.lazy.IBk,'-K 13 -W 0 -A \"weka.core.neighboursearch.LinearNNSearch -A \\\"weka.core.EuclideanDistance -R first-last\\\"\"',-3080186098777067172,2.01709181721E7,160.0,18.0,17.0,1.0,0.0,94.44444444444444,5.555555555555555,0.0,0.9162790697674418,0.08314219163955125,0.2139874839804475,18.91001474964678,45.59958894690251,28.294048978792915,5.337879365358838,22.956169613434078,1.5718916099329396,0.29654885363104655,1.2753427563018933,23.83525751415416,1.3241809730085645,1521.1420966364105,1.0,6.0,0.08333333333333333,1.0,0.9166666666666666,11.0,0.0,0.0,0.8571428571428571,1.0,0.923076923076923,0.8864052604279183,1.0,1.0,0.9444444444444444,0.027777777777777776,0.9722222222222222,0.05555555555555555,0.9523809523809523,0.9444444444444444,0.9444444444444444,0.9179593547534967,1.0,1.0,0.9487179487179487,0.9444444444444444,0.0,0.001,1.9600000000000002E-4,8.139999999999999E-4,0.196,0.814,26342.0,24309.0,4287.0,100.0,48.148148148148145,?
wine,7,2,weka.classifiers.lazy.IBk,'-K 13 -W 0 -A \"weka.core.neighboursearch.LinearNNSearch -A \\\"weka.core.EuclideanDistance -R first-last\\\"\"',-3080186098777067172,2.01709181721E7,160.0,18.0,18.0,0.0,0.0,100.0,0.0,0.0,1.0,0.03477889795700648,0.10885717458978096,7.910177256267988,23.196881999270428,28.294048978792915,1.6784819461257312,26.615567032667183,1.5718916099329396,0.09324899700698507,1.4786426129259547,26.61556703266718,1.4786426129259544,1698.578646158798,1.0,6.0,0.0,0.0,1.0,12.0,0.0,0.0,1.0,1.0,1.0,1.0,1.0,1.0,1.0,0.0,1.0,0.0,1.0,1.0,1.0,1.0,1.0,1.0,1.0,1.0,0.0,0.001,2.1799999999999999E-4,8.09E-4,0.218,0.809,26342.0,24309.0,4287.0,100.0,40.74074074074073,?
wine,7,3,weka.classifiers.lazy.IBk,'-K 13 -W 0 -A \"weka.core.neighboursearch.LinearNNSearch -A \\\"weka.core.EuclideanDistance -R first-last\\\"\"',-3080186098777067172,2.01709181721E7,160.0,18.0,18.0,0.0,0.0,100.0,0.0,0.0,1.0,0.0319339983286215,0.07273300140384377,7.263127991951591,15.499013798362164,28.294048978792915,1.3731316533093718,26.920917325483543,1.5718916099329396,0.07628509185052065,1.4956065180824192,26.920917325483547,1.4956065180824192,1718.065793899803,1.0,6.0,0.0,0.0,1.0,12.0,0.0,0.0,1.0,1.0,1.0,1.0,1.0,1.0,1.0,0.0,1.0,0.0,1.0,1.0,1.0,1.0,1.0,1.0,1.0,1.0,0.0,0.001,1.74E-4,7.840000000000001E-4,0.174,0.784,26342.0,24309.0,4287.0,100.0,48.148148148148145,?
wine,7,4,weka.classifiers.lazy.IBk,'-K 13 -W 0 -A \"weka.core.neighboursearch.LinearNNSearch -A \\\"weka.core.EuclideanDistance -R first-last\\\"\"',-3080186098777067172,2.01709181721E7,160.0,18.0,17.0,1.0,0.0,94.44444444444444,5.555555555555555,0.0,0.9166666666666666,0.05184829572731642,0.13735797207174893,11.79247284216639,29.27024958910294,28.294048978792915,2.564182851279394,25.72986612751352,1.5718916099329396,0.14245460284885522,1.4294370070840845,25.729866127513517,1.4294370070840843,1642.0541076234726,1.0,6.0,0.0,0.0,1.0,12.0,0.0,0.0,1.0,1.0,1.0,1.0,1.0,1.0,0.9444444444444444,0.021367521367521368,0.9786324786324787,0.05555555555555555,0.9537037037037037,0.9444444444444444,0.9448329448329448,0.9216737177516987,1.0,1.0,0.944055944055944,0.9444444444444444,0.001,0.001,1.57E-4,7.85E-4,0.157,0.785,26342.0,24309.0,4287.0,100.0,44.44444444444443,?
wine,7,5,weka.classifiers.lazy.IBk,'-K 13 -W 0 -A \"weka.core.neighboursearch.LinearNNSearch -A \\\"weka.core.EuclideanDistance -R first-last\\\"\"',-3080186098777067172,2.01709181721E7,160.0,18.0,18.0,0.0,0.0,100.0,0.0,0.0,1.0,0.04900339609893142,0.1079437249665883,11.145423577849987,23.002230767495142,28.294048978792915,2.194162545275332,26.099886433517582,1.5718916099329396,0.12189791918196288,1.4499936907509767,26.099886433517586,1.449993690750977,1665.6684303862467,1.0,6.0,0.0,0.0,1.0,12.0,0.0,0.0,1.0,1.0,1.0,1.0,1.0,1.0,1.0,0.0,1.0,0.0,1.0,1.0,1.0,1.0,1.0,1.0,1.0,1.0,0.0,0.001,1.77E-4,7.64E-4,0.177,0.764,26342.0,24309.0,4287.0,100.0,46.2962962962963,?
wine,7,6,weka.classifiers.lazy.IBk,'-K 13 -W 0 -A \"weka.core.neighboursearch.LinearNNSearch -A \\\"weka.core.EuclideanDistance -R first-last\\\"\"',-3080186098777067172,2.01709181721E7,160.0,18.0,18.0,0.0,0.0,100.0,0.0,0.0,1.0,0.029089098700236515,0.06642212855256685,6.616078727635192,14.15420052909316,28.294048978792915,1.231271844732374,27.062777134060543,1.5718916099329396,0.06840399137402078,1.503487618558919,27.062777134060546,1.5034876185589192,1727.119143817215,1.0,6.0,0.0,0.0,1.0,12.0,0.0,0.0,1.0,1.0,1.0,1.0,1.0,1.0,1.0,0.0,1.0,0.0,1.0,1.0,1.0,1.0,1.0,1.0,1.0,1.0,0.0,0.001,1.7199999999999998E-4,7.85E-4,0.172,0.785,26342.0,24309.0,4287.0,100.0,44.44444444444444,?
wine,7,7,weka.classifiers.lazy.IBk,'-K 13 -W 0 -A \"weka.core.neighboursearch.LinearNNSearch -A \\\"weka.core.EuclideanDistance -R first-last\\\"\"',-3080186098777067172,2.01709181721E7,160.0,18.0,18.0,0.0,0.0,100.0,0.0,0.0,1.0,0.05753809498408638,0.11952580790329731,13.086571370799186,25.470310728242385,28.294048978792915,2.613387936028158,25.680661042764758,1.5718916099329396,0.145188218668231,1.4267033912647087,25.680661042764754,1.4267033912647085,1638.9138887382576,1.0,6.0,0.0,0.0,1.0,12.0,0.0,0.0,1.0,1.0,1.0,1.0,1.0,1.0,1.0,0.0,1.0,0.0,1.0,1.0,1.0,1.0,1.0,1.0,1.0,1.0,0.001,0.001,1.9800000000000002E-4,8.03E-4,0.198,0.803,26342.0,24309.0,4287.0,100.0,50.0,?
wine,7,8,weka.classifiers.lazy.IBk,'-K 13 -W 0 -A \"weka.core.neighboursearch.LinearNNSearch -A \\\"weka.core.EuclideanDistance -R first-last\\\"\"',-3080186098777067172,2.01709181721E7,160.0,18.0,17.0,1.0,0.0,94.44444444444444,5.555555555555555,0.0,0.9154929577464789,0.0717625931260113,0.19130153511812262,16.38957822250003,40.95816427117381,28.07315011534962,4.202332027828251,23.870818087521368,1.5596194508527566,0.23346289043490284,1.3261565604178538,24.29606113104136,1.3497811739467422,1549.0760138107942,1.0,5.0,0.07692307692307693,1.0,0.9230769230769231,12.0,0.0,0.0,0.8333333333333334,1.0,0.9090909090909091,0.8770580193070291,1.0,1.0,0.9444444444444444,0.021367521367521368,0.9786324786324787,0.05555555555555555,0.9537037037037037,0.9444444444444444,0.9451178451178451,0.9177972653701058,1.0,1.0,0.9474747474747475,0.9444444444444444,0.0,0.001,1.61E-4,7.63E-4,0.161,0.763,26342.0,24309.0,4287.0,100.0,44.44444444444444,?
wine,7,9,weka.classifiers.lazy.IBk,'-K 13 -W 0 -A \"weka.core.neighboursearch.LinearNNSearch -A \\\"weka.core.EuclideanDistance -R first-last\\\"\"',-3080186098777067172,2.01709181721E7,161.0,17.0,16.0,1.0,0.0,94.11764705882354,5.882352941176471,0.0,0.9109947643979057,0.06690615177368654,0.18024634789122568,15.298060509434507,38.638636050444674,26.425071989008735,3.6866327325774577,22.738439256431278,1.554415999353455,0.21686074897514457,1.3375552503783104,23.1684064175755,1.3628474363279706,1476.7998875568442,1.0,6.0,0.0,0.0,1.0,11.0,0.0,0.0,1.0,1.0,1.0,1.0,1.0,1.0,0.9411764705882353,0.01809954751131222,0.9819004524886878,0.058823529411764705,0.9529411764705882,0.9411764705882353,0.9421820010055304,0.918617364818972,1.0,1.0,0.9373219373219372,0.9411764705882353,0.0,0.001,1.7299999999999998E-4,7.27E-4,0.173,0.727,26483.0,24450.0,4146.0,100.0,45.09803921568628,?
wine,7,10,weka.classifiers.lazy.IBk,'-K 13 -W 0 -A \"weka.core.neighboursearch.LinearNNSearch -A \\\"weka.core.EuclideanDistance -R first-last\\\"\"',-3080186098777067172,2.01709181721E7,161.0,17.0,17.0,0.0,0.0,100.0,0.0,0.0,1.0,0.06690615177368656,0.1414006149723706,15.298060509434512,30.31144299535873,26.425071989008735,2.9641076254162484,23.46096436359249,1.554415999353455,0.17435927208330873,1.3800567272701463,23.460964363592478,1.3800567272701458,1495.4481076370125,1.0,6.0,0.0,0.0,1.0,11.0,0.0,0.0,1.0,1.0,1.0,1.0,1.0,1.0,1.0,0.0,1.0,0.0,1.0,1.0,1.0,1.0,1.0,1.0,1.0,1.0,0.0,0.001,1.53E-4,7.03E-4,0.153,0.703,26483.0,24450.0,4146.0,100.0,50.98039215686274,?
wine,8,1,weka.classifiers.lazy.IBk,'-K 13 -W 0 -A \"weka.core.neighboursearch.LinearNNSearch -A \\\"weka.core.EuclideanDistance -R first-last\\\"\"',-3080186098777067172,2.01709181721E7,160.0,18.0,18.0,0.0,0.0,100.0,0.0,0.0,1.0,0.03477889795700648,0.09139755126247816,7.910177256267986,19.476329600208135,28.294048978792915,1.5649336683876172,26.729115310405298,1.5718916099329396,0.08694075935486761,1.4849508505780722,26.7291153104053,1.4849508505780724,1705.825182730322,1.0,6.0,0.0,0.0,1.0,12.0,0.0,0.0,1.0,1.0,1.0,1.0,1.0,1.0,1.0,0.0,1.0,0.0,1.0,1.0,1.0,1.0,1.0,1.0,1.0,1.0,0.001,0.001,1.45E-4,7.75E-4,0.145,0.775,26342.0,24309.0,4287.0,100.0,44.444444444444436,?
wine,8,2,weka.classifiers.lazy.IBk,'-K 13 -W 0 -A \"weka.core.neighboursearch.LinearNNSearch -A \\\"weka.core.EuclideanDistance -R first-last\\\"\"',-3080186098777067172,2.01709181721E7,160.0,18.0,18.0,0.0,0.0,100.0,0.0,0.0,1.0,0.0689176934976263,0.13584826037719297,15.674768428064775,28.948538097292637,28.294048978792915,3.170027359265393,25.12402161952752,1.5718916099329396,0.17611263107029962,1.39577897886264,25.124021619527532,1.3957789788626407,1603.389722119511,1.0,6.0,0.0,0.0,1.0,12.0,0.0,0.0,1.0,1.0,1.0,1.0,1.0,1.0,1.0,0.0,1.0,0.0,1.0,1.0,1.0,1.0,1.0,1.0,1.0,1.0,0.001,0.0,1.4099999999999998E-4,7.149999999999999E-4,0.141,0.715,26342.0,24309.0,4287.0,100.0,53.70370370370371,?
wine,8,3,weka.classifiers.lazy.IBk,'-K 13 -W 0 -A \"weka.core.neighboursearch.LinearNNSearch -A \\\"weka.core.EuclideanDistance -R first-last\\\"\"',-3080186098777067172,2.01709181721E7,160.0,18.0,17.0,1.0,0.0,94.44444444444444,5.555555555555555,0.0,0.9162790697674418,0.06322789424085634,0.18129834546231482,14.380669899431979,38.63370827141679,28.294048978792915,4.091765571167548,24.202283407625366,1.5718916099329396,0.2273203095093082,1.3445713004236315,25.081371308345457,1.3934095171303031,1600.6678222728162,1.0,6.0,0.08333333333333333,1.0,0.9166666666666666,11.0,0.0,0.0,0.8571428571428571,1.0,0.923076923076923,0.8864052604279183,1.0,1.0,0.9444444444444444,0.027777777777777776,0.9722222222222222,0.05555555555555555,0.9523809523809523,0.9444444444444444,0.9444444444444444,0.9179593547534967,1.0,1.0,0.9487179487179487,0.9444444444444444,0.001,0.0,1.4199999999999998E-4,7.41E-4,0.142,0.741,26342.0,24309.0,4287.0,100.0,46.2962962962963,?
wine,8,4,weka.classifiers.lazy.IBk,'-K 13 -W 0 -A \"weka.core.neighboursearch.LinearNNSearch -A \\\"weka.core.EuclideanDistance -R first-last\\\"\"',-3080186098777067172,2.01709181721E7,160.0,18.0,18.0,0.0,0.0,100.0,0.0,0.0,1.0,0.046158496470546435,0.11092033273557292,10.498374313533587,23.63652997134137,28.294048978792915,2.117475392701843,26.176573586091074,1.5718916099329396,0.11763752181676905,1.4542540881161707,26.176573586091074,1.4542540881161707,1670.562527124301,1.0,6.0,0.0,0.0,1.0,12.0,0.0,0.0,1.0,1.0,1.0,1.0,1.0,1.0,1.0,0.0,1.0,0.0,1.0,1.0,1.0,1.0,1.0,1.0,1.0,1.0,0.0,0.001,1.7199999999999998E-4,8.52E-4,0.172,0.852,26342.0,24309.0,4287.0,100.0,48.148148148148145,?
wine,8,5,weka.classifiers.lazy.IBk,'-K 13 -W 0 -A \"weka.core.neighboursearch.LinearNNSearch -A \\\"weka.core.EuclideanDistance -R first-last\\\"\"',-3080186098777067172,2.01709181721E7,160.0,18.0,17.0,1.0,0.0,94.44444444444444,5.555555555555555,0.0,0.9162790697674418,0.07460749275439629,0.20615650011451597,16.96886695669758,43.93084814630067,28.294048978792915,4.892554120437858,23.401494858355058,1.5718916099329396,0.2718085622465477,1.300083047686392,24.280582759075138,1.3489212643930633,1549.5623046556423,1.0,6.0,0.08333333333333333,1.0,0.9166666666666666,11.0,0.0,0.0,0.8571428571428571,1.0,0.923076923076923,0.8864052604279183,1.0,1.0,0.9444444444444444,0.027777777777777776,0.9722222222222222,0.05555555555555555,0.9523809523809523,0.9444444444444444,0.9444444444444444,0.9179593547534967,0.9974747474747474,0.9930555555555556,0.9487179487179487,0.9444444444444444,0.001,0.0,2.0899999999999998E-4,7.76E-4,0.209,0.776,26342.0,24309.0,4287.0,100.0,44.44444444444444,?
wine,8,6,weka.classifiers.lazy.IBk,'-K 13 -W 0 -A \"weka.core.neighboursearch.LinearNNSearch -A \\\"weka.core.EuclideanDistance -R first-last\\\"\"',-3080186098777067172,2.01709181721E7,160.0,18.0,18.0,0.0,0.0,100.0,0.0,0.0,1.0,0.06038299461247137,0.13171879758979624,13.733620635115583,28.06857165171292,28.294048978792915,2.8457711763011138,25.448277802491802,1.5718916099329396,0.1580983986833952,1.4137932112495446,25.448277802491805,1.4137932112495448,1624.083424703118,1.0,6.0,0.0,0.0,1.0,12.0,0.0,0.0,1.0,1.0,1.0,1.0,1.0,1.0,1.0,0.0,1.0,0.0,1.0,1.0,1.0,1.0,1.0,1.0,1.0,1.0,0.0,0.001,1.83E-4,8.129999999999999E-4,0.183,0.813,26342.0,24309.0,4287.0,100.0,49.999999999999986,?
wine,8,7,weka.classifiers.lazy.IBk,'-K 13 -W 0 -A \"weka.core.neighboursearch.LinearNNSearch -A \\\"weka.core.EuclideanDistance -R first-last\\\"\"',-3080186098777067172,2.01709181721E7,160.0,18.0,18.0,0.0,0.0,100.0,0.0,0.0,1.0,0.04046869721377646,0.08653100009894385,9.204275784900785,18.43929356184567,28.294048978792915,1.7469971032664031,26.547051875526513,1.5718916099329396,0.09705539462591128,1.4748362153070285,26.547051875526513,1.4748362153070285,1694.2060779277879,1.0,6.0,0.0,0.0,1.0,12.0,0.0,0.0,1.0,1.0,1.0,1.0,1.0,1.0,1.0,0.0,1.0,0.0,1.0,1.0,1.0,1.0,1.0,1.0,1.0,1.0,0.001,0.0,1.74E-4,7.920000000000001E-4,0.174,0.792,26342.0,24309.0,4287.0,100.0,46.2962962962963,?
wine,8,8,weka.classifiers.lazy.IBk,'-K 13 -W 0 -A \"weka.core.neighboursearch.LinearNNSearch -A \\\"weka.core.EuclideanDistance -R first-last\\\"\"',-3080186098777067172,2.01709181721E7,160.0,18.0,18.0,0.0,0.0,100.0,0.0,0.0,1.0,0.03762379758539148,0.09943476491689178,8.63307263677309,21.402166691646382,27.7803693778599,1.7168366407291262,26.06353273713077,1.5433538543255498,0.09537981337384034,1.4479740409517095,26.06353273713076,1.447974040951709,1659.8681813770038,1.0,6.0,0.0,0.0,1.0,12.0,0.0,0.0,1.0,1.0,1.0,1.0,1.0,1.0,1.0,0.0,1.0,0.0,1.0,1.0,1.0,1.0,1.0,1.0,1.0,1.0,0.0,0.002,1.76E-4,7.99E-4,0.176,0.799,26342.0,24309.0,4287.0,100.0,44.44444444444444,?
wine,8,9,weka.classifiers.lazy.IBk,'-K 13 -W 0 -A \"weka.core.neighboursearch.LinearNNSearch -A \\\"weka.core.EuclideanDistance -R first-last\\\"\"',-3080186098777067172,2.01709181721E7,161.0,17.0,17.0,0.0,0.0,100.0,0.0,0.0,1.0,0.039795689268073614,0.10002958313223237,9.099265856702235,21.442912448114974,26.425071989008732,1.688537055014141,24.73653493399459,1.5544159993534548,0.09932570911847888,1.4550902902349758,24.73653493399458,1.4550902902349754,1576.7554898103338,1.0,6.0,0.0,0.0,1.0,11.0,0.0,0.0,1.0,1.0,1.0,1.0,1.0,1.0,1.0,0.0,1.0,0.0,1.0,1.0,1.0,1.0,1.0,1.0,1.0,1.0,0.0,0.001,1.66E-4,7.53E-4,0.166,0.753,26483.0,24450.0,4146.0,100.0,41.176470588235304,?
wine,8,10,weka.classifiers.lazy.IBk,'-K 13 -W 0 -A \"weka.core.neighboursearch.LinearNNSearch -A \\\"weka.core.EuclideanDistance -R first-last\\\"\"',-3080186098777067172,2.01709181721E7,161.0,17.0,15.0,2.0,0.0,88.23529411764706,11.764705882352942,0.0,0.8247422680412371,0.0819675198323604,0.2274092888559861,18.650063544011495,48.48214605365471,26.717852726498453,5.305470602293861,21.41238212420459,1.5716383956763795,0.31208650601728594,1.2595518896590936,22.45596064812821,1.3209388616546007,1433.0161135694789,1.0,5.0,0.0,0.0,1.0,12.0,0.0,0.0,1.0,1.0,1.0,1.0,1.0,1.0,0.8823529411764706,0.04901960784313725,0.9509803921568628,0.11764705882352941,0.9159663865546218,0.8823529411764706,0.8823529411764705,0.8387177057485597,0.9838235294117648,0.9674369747899161,0.8888888888888888,0.8823529411764706,0.0,0.001,1.52E-4,7.379999999999999E-4,0.152,0.738,26483.0,24450.0,4146.0,100.0,43.13725490196079,?
wine,9,1,weka.classifiers.lazy.IBk,'-K 13 -W 0 -A \"weka.core.neighboursearch.LinearNNSearch -A \\\"weka.core.EuclideanDistance -R first-last\\\"\"',-3080186098777067172,2.01709181721E7,160.0,18.0,16.0,2.0,0.0,88.88888888888889,11.11111111111111,0.0,0.8341013824884792,0.09167689052470623,0.21756056172857194,20.851162542595972,46.36099271481954,28.29404897879291,5.894106728873316,22.399942249919597,1.5718916099329396,0.3274503738262953,1.2444412361066444,23.44950975154293,1.302750541752385,1496.5240634541467,1.0,6.0,0.08333333333333333,1.0,0.9166666666666666,11.0,0.0,0.0,0.8571428571428571,1.0,0.923076923076923,0.8864052604279183,0.9861111111111112,0.9523809523809523,0.8888888888888888,0.049145299145299144,0.9508547008547009,0.1111111111111111,0.9060846560846562,0.8888888888888888,0.8842916342916343,0.8414290862890192,0.9903198653198655,0.9717813051146383,0.8885003885003885,0.8888888888888888,0.0,0.001,2.2E-4,8.52E-4,0.22,0.852,26342.0,24309.0,4287.0,100.0,51.851851851851855,?
wine,9,2,weka.classifiers.lazy.IBk,'-K 13 -W 0 -A \"weka.core.neighboursearch.LinearNNSearch -A \\\"weka.core.EuclideanDistance -R first-last\\\"\"',-3080186098777067172,2.01709181721E7,160.0,18.0,18.0,0.0,0.0,100.0,0.0,0.0,1.0,0.051848295727316404,0.12220390295898506,11.792472842166381,26.040998468611594,28.29404897879291,2.413087105318742,25.88096187347417,1.5718916099329396,0.13406039473993012,1.4378312151930095,25.88096187347418,1.4378312151930102,1651.6968857502436,1.0,6.0,0.0,0.0,1.0,12.0,0.0,0.0,1.0,1.0,1.0,1.0,1.0,1.0,1.0,0.0,1.0,0.0,1.0,1.0,1.0,1.0,1.0,1.0,1.0,1.0,0.0,0.001,1.4099999999999998E-4,7.12E-4,0.141,0.712,26342.0,24309.0,4287.0,100.0,46.29629629629629,?
wine,9,3,weka.classifiers.lazy.IBk,'-K 13 -W 0 -A \"weka.core.neighboursearch.LinearNNSearch -A \\\"weka.core.EuclideanDistance -R first-last\\\"\"',-3080186098777067172,2.01709181721E7,160.0,18.0,18.0,0.0,0.0,100.0,0.0,0.0,1.0,0.04331359684216144,0.10790576044675827,9.851325049217182,22.994140731262117,28.29404897879291,1.9797208518783969,26.314328126914514,1.5718916099329396,0.10998449177102204,1.4619071181619174,26.31432812691453,1.4619071181619183,1679.3538829938545,1.0,6.0,0.0,0.0,1.0,12.0,0.0,0.0,1.0,1.0,1.0,1.0,1.0,1.0,1.0,0.0,1.0,0.0,1.0,1.0,1.0,1.0,1.0,1.0,1.0,1.0,0.0,0.001,1.46E-4,7.18E-4,0.146,0.718,26342.0,24309.0,4287.0,100.0,44.444444444444436,?
wine,9,4,weka.classifiers.lazy.IBk,'-K 13 -W 0 -A \"weka.core.neighboursearch.LinearNNSearch -A \\\"weka.core.EuclideanDistance -R first-last\\\"\"',-3080186098777067172,2.01709181721E7,160.0,18.0,17.0,1.0,0.0,94.44444444444444,5.555555555555555,0.0,0.9162790697674418,0.06607279386924134,0.18548005327978817,15.027719163748376,39.52480785362533,28.29404897879291,4.271608594765159,24.022440384027753,1.5718916099329396,0.23731158859806442,1.334580021334875,24.901528284747847,1.3834182380415472,1589.1904218789566,1.0,6.0,0.08333333333333333,1.0,0.9166666666666666,11.0,0.0,0.0,0.8571428571428571,1.0,0.923076923076923,0.8864052604279183,1.0,1.0,0.9444444444444444,0.027777777777777776,0.9722222222222222,0.05555555555555555,0.9523809523809523,0.9444444444444444,0.9444444444444444,0.9179593547534967,0.994949494949495,0.9930555555555556,0.9487179487179487,0.9444444444444444,0.001,0.0,1.49E-4,7.26E-4,0.149,0.726,26342.0,24309.0,4287.0,100.0,46.2962962962963,?
wine,9,5,weka.classifiers.lazy.IBk,'-K 13 -W 0 -A \"weka.core.neighboursearch.LinearNNSearch -A \\\"weka.core.EuclideanDistance -R first-last\\\"\"',-3080186098777067172,2.01709181721E7,160.0,18.0,18.0,0.0,0.0,100.0,0.0,0.0,1.0,0.012019700929926595,0.036441593306477865,2.733783141736793,7.765508731797695,28.29404897879291,0.49666668553936183,27.79738229325355,1.5718916099329396,0.027592593641075656,1.5442990162918637,27.79738229325356,1.5442990162918644,1774.0009042257698,1.0,6.0,0.0,0.0,1.0,12.0,0.0,0.0,1.0,1.0,1.0,1.0,1.0,1.0,1.0,0.0,1.0,0.0,1.0,1.0,1.0,1.0,1.0,1.0,1.0,1.0,0.0,0.001,1.62E-4,6.84E-4,0.162,0.684,26342.0,24309.0,4287.0,100.0,38.888888888888886,?
wine,9,6,weka.classifiers.lazy.IBk,'-K 13 -W 0 -A \"weka.core.neighboursearch.LinearNNSearch -A \\\"weka.core.EuclideanDistance -R first-last\\\"\"',-3080186098777067172,2.01709181721E7,160.0,18.0,16.0,2.0,0.0,88.88888888888889,11.11111111111111,0.0,0.8348623853211008,0.0888319908963212,0.23259991749616293,20.204113278279564,49.56579903466504,28.29404897879291,5.806896939828682,22.48715203896423,1.5718916099329396,0.32260538554603785,1.2492862243869016,23.384916557419675,1.2991620309677598,1492.4017909475986,1.0,6.0,0.0,0.0,1.0,12.0,0.0,0.0,1.0,1.0,1.0,1.0,1.0,1.0,0.8888888888888888,0.042735042735042736,0.9572649572649572,0.1111111111111111,0.9206349206349207,0.8888888888888888,0.8888888888888888,0.8516192280094943,0.9860139860139859,0.9692460317460319,0.8888888888888888,0.8888888888888888,0.0,0.001,1.7299999999999998E-4,7.22E-4,0.173,0.722,26342.0,24309.0,4287.0,100.0,42.59259259259259,?
wine,9,7,weka.classifiers.lazy.IBk,'-K 13 -W 0 -A \"weka.core.neighboursearch.LinearNNSearch -A \\\"weka.core.EuclideanDistance -R first-last\\\"\"',-3080186098777067172,2.01709181721E7,160.0,18.0,18.0,0.0,0.0,100.0,0.0,0.0,1.0,0.04331359684216145,0.08399205187871331,9.851325049217184,17.898257268290482,28.29404897879291,1.850457557855578,26.443591420937334,1.5718916099329396,0.10280319765864322,1.4690884122742964,26.44359142093735,1.469088412274297,1687.6033360560352,1.0,6.0,0.0,0.0,1.0,12.0,0.0,0.0,1.0,1.0,1.0,1.0,1.0,1.0,1.0,0.0,1.0,0.0,1.0,1.0,1.0,1.0,1.0,1.0,1.0,1.0,0.001,0.0,1.71E-4,7.35E-4,0.171,0.735,26342.0,24309.0,4287.0,100.0,50.0,?
wine,9,8,weka.classifiers.lazy.IBk,'-K 13 -W 0 -A \"weka.core.neighboursearch.LinearNNSearch -A \\\"weka.core.EuclideanDistance -R first-last\\\"\"',-3080186098777067172,2.01709181721E7,160.0,18.0,18.0,0.0,0.0,100.0,0.0,0.0,1.0,0.06322789424085637,0.12227094152965208,14.380669899431982,26.05528402966003,28.29404897879291,2.829745457141216,25.464303521651697,1.5718916099329396,0.15720808095228977,1.4146835289806499,25.46430352165171,1.4146835289806505,1625.106169937925,1.0,6.0,0.0,0.0,1.0,12.0,0.0,0.0,1.0,1.0,1.0,1.0,1.0,1.0,1.0,0.0,1.0,0.0,1.0,1.0,1.0,1.0,1.0,1.0,1.0,1.0,0.0,0.0,1.9800000000000002E-4,7.27E-4,0.198,0.727,26342.0,24309.0,4287.0,100.0,51.85185185185185,?
wine,9,9,weka.classifiers.lazy.IBk,'-K 13 -W 0 -A \"weka.core.neighboursearch.LinearNNSearch -A \\\"weka.core.EuclideanDistance -R first-last\\\"\"',-3080186098777067172,2.01709181721E7,161.0,17.0,17.0,0.0,0.0,100.0,0.0,0.0,1.0,0.03678341565633886,0.11999107640332084,8.410510895287542,25.721972093697577,26.42507198900873,1.7313370261336558,24.693734962875073,1.5544159993534545,0.10184335447845035,1.4525726448750043,24.693734962875073,1.4525726448750043,1574.0273352969195,1.0,6.0,0.0,0.0,1.0,11.0,0.0,0.0,1.0,1.0,1.0,1.0,1.0,1.0,1.0,0.0,1.0,0.0,1.0,1.0,1.0,1.0,1.0,1.0,1.0,1.0,0.0,0.001,1.76E-4,7.019999999999999E-4,0.176,0.702,26483.0,24450.0,4146.0,100.0,39.21568627450979,?
wine,9,10,weka.classifiers.lazy.IBk,'-K 13 -W 0 -A \"weka.core.neighboursearch.LinearNNSearch -A \\\"weka.core.EuclideanDistance -R first-last\\\"\"',-3080186098777067172,2.01709181721E7,161.0,17.0,17.0,0.0,0.0,100.0,0.0,0.0,1.0,0.04582023649154317,0.12290214769994239,10.522802251929358,26.477790604810973,26.204173125565426,2.077596440292374,24.12657668527305,1.5414219485626721,0.12221155531131611,1.419210393251356,24.126576685273054,1.4192103932513562,1536.4241522672496,1.0,5.0,0.0,0.0,1.0,12.0,0.0,0.0,1.0,1.0,1.0,1.0,1.0,1.0,1.0,0.0,1.0,0.0,1.0,1.0,1.0,1.0,1.0,1.0,1.0,1.0,0.001,0.0,1.7999999999999998E-4,7.099999999999999E-4,0.18,0.71,26483.0,24450.0,4146.0,100.0,45.09803921568626,?
wine,10,1,weka.classifiers.lazy.IBk,'-K 13 -W 0 -A \"weka.core.neighboursearch.LinearNNSearch -A \\\"weka.core.EuclideanDistance -R first-last\\\"\"',-3080186098777067172,2.01709181721E7,160.0,18.0,17.0,1.0,0.0,94.44444444444444,5.555555555555555,0.0,0.9154929577464789,0.05184829572731641,0.1308396975318156,11.841429657286948,28.0131250457024,28.073150115349602,2.509802437516101,25.5633476778335,1.5596194508527557,0.13943346875089452,1.4201859821018612,25.563347677833516,1.420185982101862,1629.876073609487,1.0,5.0,0.07692307692307693,1.0,0.9230769230769231,12.0,0.0,0.0,0.8333333333333334,1.0,0.9090909090909091,0.8770580193070291,1.0,1.0,0.9444444444444444,0.021367521367521368,0.9786324786324787,0.05555555555555555,0.9537037037037037,0.9444444444444444,0.9451178451178451,0.9177972653701058,1.0,1.0,0.9474747474747475,0.9444444444444444,0.0,0.001,1.54E-4,7.37E-4,0.154,0.737,26342.0,24309.0,4287.0,100.0,46.29629629629629,?
wine,10,2,weka.classifiers.lazy.IBk,'-K 13 -W 0 -A \"weka.core.neighboursearch.LinearNNSearch -A \\\"weka.core.EuclideanDistance -R first-last\\\"\"',-3080186098777067172,2.01709181721E7,160.0,18.0,18.0,0.0,0.0,100.0,0.0,0.0,1.0,0.043313596842161455,0.11572311428163151,9.851325049217184,24.659977045105983,28.29404897879291,2.0567856033448098,26.2372633754481,1.5718916099329396,0.11426586685248943,1.45762574308045,26.237263375448116,1.457625743080451,1674.435688275263,1.0,6.0,0.0,0.0,1.0,12.0,0.0,0.0,1.0,1.0,1.0,1.0,1.0,1.0,1.0,0.0,1.0,0.0,1.0,1.0,1.0,1.0,1.0,1.0,1.0,1.0,0.001,0.0,1.7199999999999998E-4,7.34E-4,0.172,0.734,26342.0,24309.0,4287.0,100.0,44.44444444444443,?
wine,10,3,weka.classifiers.lazy.IBk,'-K 13 -W 0 -A \"weka.core.neighboursearch.LinearNNSearch -A \\\"weka.core.EuclideanDistance -R first-last\\\"\"',-3080186098777067172,2.01709181721E7,160.0,18.0,18.0,0.0,0.0,100.0,0.0,0.0,1.0,0.05753809498408639,0.13253025157543416,13.08657137079918,28.241488158352137,28.29404897879291,2.7083495749861615,25.58569940380675,1.5718916099329396,0.15046386527700897,1.4214277446559305,25.58569940380676,1.4214277446559311,1632.8535327090092,1.0,6.0,0.0,0.0,1.0,12.0,0.0,0.0,1.0,1.0,1.0,1.0,1.0,1.0,1.0,0.0,1.0,0.0,1.0,1.0,1.0,1.0,1.0,1.0,1.0,1.0,0.0,0.001,1.64E-4,7.27E-4,0.164,0.727,26342.0,24309.0,4287.0,100.0,46.29629629629629,?
wine,10,4,weka.classifiers.lazy.IBk,'-K 13 -W 0 -A \"weka.core.neighboursearch.LinearNNSearch -A \\\"weka.core.EuclideanDistance -R first-last\\\"\"',-3080186098777067172,2.01709181721E7,160.0,18.0,18.0,0.0,0.0,100.0,0.0,0.0,1.0,0.0319339983286215,0.05951389293068614,7.263127991951587,12.682092446664877,28.29404897879291,1.3246891355570378,26.969359843235875,1.5718916099329396,0.07359384086427988,1.4982977690686596,26.96935984323589,1.4982977690686605,1721.157346528357,1.0,6.0,0.0,0.0,1.0,12.0,0.0,0.0,1.0,1.0,1.0,1.0,1.0,1.0,1.0,0.0,1.0,0.0,1.0,1.0,1.0,1.0,1.0,1.0,1.0,1.0,0.0,0.001,1.8099999999999998E-4,7.05E-4,0.181,0.705,26342.0,24309.0,4287.0,100.0,50.00000000000002,?
wine,10,5,weka.classifiers.lazy.IBk,'-K 13 -W 0 -A \"weka.core.neighboursearch.LinearNNSearch -A \\\"weka.core.EuclideanDistance -R first-last\\\"\"',-3080186098777067172,2.01709181721E7,160.0,18.0,17.0,1.0,0.0,94.44444444444444,5.555555555555555,0.0,0.9162790697674418,0.05753809498408639,0.18485679586206277,13.08657137079918,39.3919950295866,28.29404897879291,3.9153070927912244,24.378741886001688,1.5718916099329396,0.21751706071062357,1.354374549222316,25.257829786721782,1.403212765928988,1611.929224403976,1.0,6.0,0.08333333333333333,1.0,0.9166666666666666,11.0,0.0,0.0,0.8571428571428571,1.0,0.923076923076923,0.8864052604279183,1.0,1.0,0.9444444444444444,0.027777777777777776,0.9722222222222222,0.05555555555555555,0.9523809523809523,0.9444444444444444,0.9444444444444444,0.9179593547534967,1.0,1.0,0.9487179487179487,0.9444444444444444,0.0,0.001,1.4099999999999998E-4,6.770000000000001E-4,0.141,0.677,26342.0,24309.0,4287.0,100.0,40.74074074074073,?
wine,10,6,weka.classifiers.lazy.IBk,'-K 13 -W 0 -A \"weka.core.neighboursearch.LinearNNSearch -A \\\"weka.core.EuclideanDistance -R first-last\\\"\"',-3080186098777067172,2.01709181721E7,160.0,18.0,18.0,0.0,0.0,100.0,0.0,0.0,1.0,0.020554399815081552,0.049324415168581916,4.674930934685989,10.510769204329772,28.29404897879291,0.8529681875132958,27.441080791279617,1.5718916099329396,0.047387121528516436,1.5245044884044232,27.441080791279628,1.5245044884044239,1751.2621017007507,1.0,6.0,0.0,0.0,1.0,12.0,0.0,0.0,1.0,1.0,1.0,1.0,1.0,1.0,1.0,0.0,1.0,0.0,1.0,1.0,1.0,1.0,1.0,1.0,1.0,1.0,0.001,0.0,1.3700000000000002E-4,6.730000000000001E-4,0.137,0.673,26342.0,24309.0,4287.0,100.0,42.59259259259259,?
wine,10,7,weka.classifiers.lazy.IBk,'-K 13 -W 0 -A \"weka.core.neighboursearch.LinearNNSearch -A \\\"weka.core.EuclideanDistance -R first-last\\\"\"',-3080186098777067172,2.01709181721E7,160.0,18.0,17.0,1.0,0.0,94.44444444444444,5.555555555555555,0.0,0.9166666666666666,0.06038299461247138,0.14588783441999553,13.733620635115583,31.08791765836836,28.29404897879291,2.9569678795250285,25.337081099267884,1.5718916099329396,0.16427599330694603,1.4076156166259937,25.337081099267895,1.407615616625994,1616.9869632455216,1.0,6.0,0.0,0.0,1.0,12.0,0.0,0.0,1.0,1.0,1.0,1.0,1.0,1.0,0.9444444444444444,0.021367521367521368,0.9786324786324787,0.05555555555555555,0.9537037037037037,0.9444444444444444,0.9448329448329448,0.9216737177516987,1.0,1.0,0.944055944055944,0.9444444444444444,0.001,0.001,3.0199999999999997E-4,8.62E-4,0.302,0.862,26342.0,24309.0,4287.0,100.0,46.2962962962963,?
wine,10,8,weka.classifiers.lazy.IBk,'-K 13 -W 0 -A \"weka.core.neighboursearch.LinearNNSearch -A \\\"weka.core.EuclideanDistance -R first-last\\\"\"',-3080186098777067172,2.01709181721E7,160.0,18.0,18.0,0.0,0.0,100.0,0.0,0.0,1.0,0.06891769349762633,0.1451792991775314,15.674768428064777,30.936932585738084,28.29404897879291,3.2728502907810206,25.021198688011893,1.5718916099329396,0.18182501615450114,1.3900665937784384,25.021198688011903,1.390066593778439,1596.8276663273673,1.0,6.0,0.0,0.0,1.0,12.0,0.0,0.0,1.0,1.0,1.0,1.0,1.0,1.0,1.0,0.0,1.0,0.0,1.0,1.0,1.0,1.0,1.0,1.0,1.0,1.0,0.0,0.001,1.7299999999999998E-4,7.4E-4,0.173,0.74,26342.0,24309.0,4287.0,100.0,51.85185185185185,?
wine,10,9,weka.classifiers.lazy.IBk,'-K 13 -W 0 -A \"weka.core.neighboursearch.LinearNNSearch -A \\\"weka.core.EuclideanDistance -R first-last\\\"\"',-3080186098777067172,2.01709181721E7,161.0,17.0,15.0,2.0,0.0,88.23529411764706,11.764705882352942,0.0,0.8229166666666666,0.10305343511450375,0.24557338603067025,23.56312004641087,52.642512858238725,26.42507198900873,6.308946526526273,20.116125462482454,1.5544159993534545,0.371114501560369,1.1833014977930856,21.15970398640608,1.244688469788593,1348.7612356521615,1.0,6.0,0.09090909090909091,1.0,0.9090909090909091,10.0,0.0,0.0,0.8571428571428571,1.0,0.923076923076923,0.8827348295047495,1.0,1.0,0.8823529411764706,0.05018510900863842,0.9498148909913615,0.11764705882352941,0.9025210084033612,0.8823529411764706,0.8780794369029663,0.8314339777112348,0.9778280542986425,0.9667600373482725,0.8817663817663818,0.8823529411764706,0.0,0.001,1.65E-4,6.860000000000001E-4,0.165,0.686,26483.0,24450.0,4146.0,100.0,45.098039215686256,?
wine,10,10,weka.classifiers.lazy.IBk,'-K 13 -W 0 -A \"weka.core.neighboursearch.LinearNNSearch -A \\\"weka.core.EuclideanDistance -R first-last\\\"\"',-3080186098777067172,2.01709181721E7,161.0,17.0,17.0,0.0,0.0,100.0,0.0,0.0,1.0,0.05184478371501272,0.14050336262523783,11.854285702361029,30.119102860360854,26.42507198900873,2.5023041381138267,23.9227678508949,1.5544159993534545,0.14719436106551922,1.4072216382879352,23.922767850894907,1.4072216382879357,1524.8843720839373,1.0,6.0,0.0,0.0,1.0,11.0,0.0,0.0,1.0,1.0,1.0,1.0,1.0,1.0,1.0,0.0,1.0,0.0,1.0,1.0,1.0,1.0,1.0,1.0,1.0,1.0,0.0,0.001,1.0E-4,4.08E-4,0.1,0.408,26483.0,24450.0,4146.0,100.0,45.09803921568625,?
